"","PSX.Open","PSX.High","PSX.Low","PSX.Close","PSX.Volume","PSX.Adjusted"
"2012-04-12",33.25,34.209999,32,34,654700,27.733498
"2012-04-13",34,37.450001,33.91,37,1685000,30.180573
"2012-04-16",37,37,35.990002,36.549999,550200,29.813503
"2012-04-17",36.400002,36.75,36,36,179600,29.364882
"2012-04-18",36,36.439999,34.5,36,207100,29.364882
"2012-04-19",36,37.220001,35.799999,36,598100,29.364882
"2012-04-20",36.099998,37,36.099998,36.32,149700,29.625895
"2012-04-23",36.240002,36.240002,35.419998,35.68,95700,29.103853
"2012-04-24",36,36,34.68,34.75,124500,28.345259
"2012-04-25",34.799999,35.5,34.5,34.75,266200,28.345259
"2012-04-26",34.610001,34.990002,34.439999,34.950001,183900,28.5084
"2012-04-27",35.25,35.25,33.970001,34.110001,536000,27.823225
"2012-04-30",34.34,34.900002,34,34.049999,4105700,27.774281
"2012-05-01",33.740002,34.099998,32.580002,32.759998,6878600,26.722036
"2012-05-02",32.599998,32.669998,31.629999,32,11287600,26.102114
"2012-05-03",31.93,31.98,31.049999,31.389999,11800000,25.604538
"2012-05-04",30.85,31.09,30.120001,30.16,10881000,24.60124
"2012-05-07",30.1,30.549999,29.25,29.35,12257200,23.940533
"2012-05-08",29.09,30.41,28.75,30.1,14601300,24.552305
"2012-05-09",29.809999,32.889999,29.73,32.490002,13990000,26.501808
"2012-05-10",33.049999,33.349998,31.52,32.48,8862000,26.493645
"2012-05-11",31.73,32.150002,31.4,31.83,4460100,25.963446
"2012-05-14",31.190001,31.58,30.77,31.32,6398200,25.547445
"2012-05-15",31.35,32.32,31.059999,31.67,6362800,25.832933
"2012-05-16",31.459999,32.389999,31.25,32.099998,6118600,26.18368
"2012-05-17",31.889999,32,31.200001,31.26,5850500,25.498503
"2012-05-18",31.43,31.690001,30.99,31.379999,7940800,25.596384
"2012-05-21",31.23,32.34,30.950001,32.189999,5480100,26.257093
"2012-05-22",31.879999,32.27,31.33,31.629999,5415000,25.800308
"2012-05-23",31.35,31.49,30.879999,31.41,5268900,25.620855
"2012-05-24",31.42,31.440001,30.75,31.129999,4210400,25.392464
"2012-05-25",31.01,31.41,30.83,31.299999,3217900,25.531132
"2012-05-29",31.280001,31.719999,30.860001,31.01,3979600,25.294579
"2012-05-30",30.790001,30.83,30.18,30.440001,6000600,24.82963
"2012-05-31",30.26,30.35,29.719999,30.030001,8098000,24.495203
"2012-06-01",29.5,30.17,29.379999,29.92,5701700,24.405476
"2012-06-04",29.299999,30.190001,29.25,29.530001,4844900,24.087358
"2012-06-05",29.370001,30.1,29.32,29.9,4046500,24.38916
"2012-06-06",30.030001,32,29.82,31.530001,8609400,25.718744
"2012-06-07",32.07,32.75,31.74,31.83,7694300,25.963446
"2012-06-08",31.66,32.349998,31.51,32.119999,4302100,26.199995
"2012-06-11",32.450001,33.049999,32.23,32.599998,5999000,26.591526
"2012-06-12",32.560001,33.740002,32.490002,33.490002,6809900,27.317497
"2012-06-13",33.27,33.490002,32.540001,32.77,2876200,26.730202
"2012-06-14",32.77,33.639999,32.310001,33.529999,4460000,27.350117
"2012-06-15",33.599998,34.91,33.380001,34.900002,9892400,28.467625
"2012-06-18",34.380001,34.5,33.830002,33.860001,4254400,27.619295
"2012-06-19",34.060001,34.529999,33.73,33.860001,4873500,27.619295
"2012-06-20",33.790001,34.849998,33.48,34.66,4628400,28.271852
"2012-06-21",34.700001,34.759998,33.060001,33.48,3489900,27.309336
"2012-06-22",33.650002,34.709999,33.029999,34.16,4359500,27.864006
"2012-06-25",33.689999,33.689999,32.759998,32.869999,3518600,26.811762
"2012-06-26",32.810001,33.98,32.400002,32.580002,3274700,26.575212
"2012-06-27",32.610001,33.400002,31.42,31.889999,3615600,26.012386
"2012-06-28",31.540001,32.400002,31.290001,32.310001,3115900,26.354977
"2012-06-29",32.779999,33.380001,32.650002,33.240002,4599500,27.113575
"2012-07-02",33.59,34.32,33.369999,34,3868500,27.733498
"2012-07-03",34.02,34.630001,33.830002,34.240002,3647400,27.929262
"2012-07-05",33.830002,34.240002,33.540001,33.799999,2711300,27.570356
"2012-07-06",33.400002,33.68,32.919998,33.369999,1907800,27.219604
"2012-07-09",33.080002,33.759998,32.650002,33.25,2264600,27.121725
"2012-07-10",33.470001,33.470001,32.5,32.68,2972900,26.656784
"2012-07-11",32.66,33.639999,32.349998,33.48,2583000,27.309336
"2012-07-12",33.150002,33.189999,32.549999,33.009998,3505600,26.925959
"2012-07-13",33.610001,35.080002,33.509998,34.939999,4801300,28.500242
"2012-07-16",34.689999,36.119999,34.560001,36.099998,4895700,29.446451
"2012-07-17",36.16,36.799999,35.860001,36.689999,3604100,29.927698
"2012-07-18",36.650002,37.669998,36.59,37.099998,2839200,30.262135
"2012-07-19",36.919998,37,35.5,35.599998,3758600,29.195988
"2012-07-20",35.18,35.439999,34.91,35.32,3290000,28.966356
"2012-07-23",34.790001,35.279999,34.5,35.02,3245900,28.720325
"2012-07-24",35.25,35.419998,34.610001,35.23,2351600,28.892546
"2012-07-25",35.599998,35.889999,34.869999,35.400002,3551300,29.031965
"2012-07-26",35.759998,36.060001,35.59,35.959999,2951300,29.491236
"2012-07-27",36.23,36.91,35.900002,36.52,6158600,29.950497
"2012-07-30",36.860001,37.650002,36.830002,37.650002,2830300,30.877222
"2012-07-31",37.740002,38.360001,37.509998,37.599998,6958400,30.836222
"2012-08-01",39.080002,40.18,37.779999,38.27,6639700,31.385691
"2012-08-02",37.939999,39.07,37.84,38.299999,4434800,31.410295
"2012-08-03",38.599998,39.849998,38.599998,39.669998,4516000,32.53384
"2012-08-06",39.939999,40.349998,39.77,40.07,3405100,32.861885
"2012-08-07",40.389999,40.830002,39.59,39.77,4636800,32.615868
"2012-08-08",39.599998,40.200001,39.459999,40.150002,4002600,32.927505
"2012-08-09",39.900002,40.599998,39.880001,40.32,2888200,33.066921
"2012-08-10",40.259998,40.43,39.75,40,2107700,32.804485
"2012-08-13",39.860001,40.349998,39.77,40.150002,2213500,32.927505
"2012-08-14",40.189999,40.450001,39.799999,39.93,2533900,32.747078
"2012-08-15",40.540001,40.66,39.93,40.360001,4009400,33.099735
"2012-08-16",40.529999,41.259998,40.369999,41.18,3862100,33.772217
"2012-08-17",41.619999,42.93,41.470001,42.77,5536300,35.076199
"2012-08-20",42.869999,43.450001,42.75,43.07,3809500,35.322224
"2012-08-21",43.380001,43.380001,41.490002,41.549999,4469400,34.075668
"2012-08-22",41.360001,41.529999,40.419998,41.48,4384500,34.018242
"2012-08-23",41.48,41.630001,41.049999,41.330002,1996300,33.895237
"2012-08-24",41.150002,41.540001,40.740002,41.360001,2562300,33.919842
"2012-08-27",41.43,42.389999,40.970001,41.07,3779200,33.681999
"2012-08-28",40.900002,42.470001,40.900002,41.959999,3770300,34.411896
"2012-08-29",41.900002,42.389999,41.650002,41.98,2674300,34.428303
"2012-08-30",41.790001,42.700001,41.619999,42.48,2523800,34.838367
"2012-08-31",42.700001,43,41.099998,42,5791200,34.444717
"2012-09-04",42.07,42.450001,41.48,42.41,2620700,34.780956
"2012-09-05",42.490002,42.580002,41.43,41.740002,2881800,34.231476
"2012-09-06",42.16,43.740002,42.16,43.419998,4222200,35.609264
"2012-09-07",43.48,44.310001,43.360001,44.259998,3458100,36.298164
"2012-09-10",43.93,44.849998,43.93,44.540001,4417300,36.527802
"2012-09-11",44.639999,46.099998,44.459999,45.59,6304700,37.38892
"2012-09-12",46.139999,47.41,46.040001,46.279999,5269800,37.954788
"2012-09-13",46.299999,46.849998,45.369999,46.639999,5292000,38.250027
"2012-09-14",47.16,48.220001,46.009998,46.73,6718600,38.323849
"2012-09-17",46.169998,46.970001,46,46.139999,4833400,37.83997
"2012-09-18",45.529999,45.779999,44.439999,45.52,6108200,37.331509
"2012-09-19",45.529999,46.599998,45.509998,45.57,3505400,37.372513
"2012-09-20",45.389999,46.310001,45.169998,45.779999,3233500,37.544735
"2012-09-21",46.040001,47.09,46.040001,46.82,5960500,38.39764
"2012-09-24",46.689999,46.919998,46.259998,46.740002,2453800,38.332047
"2012-09-25",47,47.299999,45.959999,45.98,2912200,37.708759
"2012-09-26",45.689999,46.330002,45.23,45.529999,3626000,37.339706
"2012-09-27",45.799999,46.740002,45.68,46.529999,3180100,38.159817
"2012-09-28",46.43,46.529999,46.02,46.369999,3253700,38.028603
"2012-10-01",46.599998,47.02,46.259998,46.560001,2785500,38.184414
"2012-10-02",46.68,46.959999,46.27,46.419998,2911900,38.069603
"2012-10-03",46.27,46.41,45,45.16,5392000,37.036266
"2012-10-04",45.59,45.66,45.080002,45.389999,6196000,37.224892
"2012-10-05",45.869999,47.68,45.759998,46.02,7658200,37.741558
"2012-10-08",45.959999,46.57,45.560001,45.93,3414600,37.667751
"2012-10-09",46.16,46.75,46.060001,46.09,3667800,37.798962
"2012-10-10",46.02,46.330002,44.689999,45.150002,5564600,37.028061
"2012-10-11",45.380001,45.650002,44.57,44.599998,4600600,36.780655
"2012-10-12",44.330002,44.619999,42.450001,43.919998,6634300,36.219875
"2012-10-15",43.849998,44.43,43.41,44.380001,2722000,36.599224
"2012-10-16",44.77,46.790001,44.599998,46.490002,5742000,38.339302
"2012-10-17",46.549999,47.220001,46.310001,46.650002,2842000,38.471249
"2012-10-18",46.619999,46.630001,45.389999,45.560001,3402300,37.57235
"2012-10-19",45.529999,46.09,44.549999,44.639999,3002400,36.813648
"2012-10-22",44.73,45.73,44.73,45.580002,3421700,37.588844
"2012-10-23",44.91,45.080002,43.93,44.919998,4079100,37.044552
"2012-10-24",45,45.650002,44.66,44.779999,3478700,36.9291
"2012-10-25",45.139999,45.450001,44.549999,45.029999,2903900,37.135273
"2012-10-26",45.57,47.619999,44.82,47.5,6123800,39.17223
"2012-10-31",47.82,48.400002,46.639999,47.16,4791200,38.891838
"2012-11-01",47,47.650002,46.389999,47.380001,4291500,39.073261
"2012-11-02",48.009998,48.150002,46.07,46.209999,2826000,38.108383
"2012-11-05",46.23,47.900002,46.23,47.759998,3024100,39.386642
"2012-11-06",48,51,47.860001,50.040001,8220800,41.266914
"2012-11-07",49.23,50.080002,48.75,49.459999,6708500,40.788601
"2012-11-08",49.34,49.970001,48.939999,49,3699100,40.409256
"2012-11-09",48.110001,48.560001,47.169998,47.41,5424200,39.098015
"2012-11-12",47.43,48.110001,47.279999,47.349998,2699200,39.048523
"2012-11-13",47,47.759998,46.560001,46.860001,3129100,38.64444
"2012-11-14",47.169998,47.459999,45.709999,45.759998,3542400,37.737282
"2012-11-15",45.529999,46.189999,44.939999,45.34,3805000,37.390915
"2012-11-16",45.560001,45.919998,44.950001,45.77,4591900,37.745541
"2012-11-19",46.400002,48.25,46.380001,48.119999,4339700,39.683517
"2012-11-20",48.189999,49.07,47.869999,49.060001,3492900,40.458725
"2012-11-21",49.32,49.650002,48.84,49.389999,3805700,40.730869
"2012-11-23",49.580002,50,49.41,49.82,1698700,41.08548
"2012-11-26",49.549999,49.98,49.07,49.560001,2943300,40.871067
"2012-11-27",49.509998,50.419998,49.009998,50.060001,4638900,41.283409
"2012-11-28",49.66,51.27,49.25,51,5404800,42.058601
"2012-11-29",51.200001,51.66,50.830002,51.560001,3951100,42.52042
"2012-11-30",51.68,52.529999,51.450001,52.369999,5323100,43.1884
"2012-12-03",52.650002,52.759998,51.02,51.560001,5670000,42.52042
"2012-12-04",51.48,52.240002,51.48,51.560001,3726600,42.52042
"2012-12-05",51.450001,51.950001,50.27,50.689999,3332400,41.802948
"2012-12-06",50.689999,51.209999,50.299999,50.970001,3405700,42.033855
"2012-12-07",51.189999,52.75,51.060001,52.34,4854900,43.163673
"2012-12-10",52.209999,54.32,52.200001,53.580002,7741300,44.186272
"2012-12-11",53.720001,53.919998,52.73,53.040001,5205500,43.740952
"2012-12-12",53.330002,53.5,52.939999,53.049999,8427100,43.749187
"2012-12-13",52.599998,52.599998,51.240002,52.209999,7136600,43.056458
"2012-12-14",52,53.540001,51.799999,53.470001,5120800,44.095554
"2012-12-17",53.560001,53.860001,53.18,53.52,4292300,44.136791
"2012-12-18",53.439999,53.700001,53,53.169998,3922800,43.848148
"2012-12-19",53.279999,53.380001,51.84,52.5,6409900,43.295616
"2012-12-20",52.580002,52.720001,51.700001,52.419998,4391700,43.229637
"2012-12-21",51.709999,52.380001,51.330002,52.16,5053600,43.015221
"2012-12-24",52.220001,52.400002,51.900002,51.970001,975200,42.858543
"2012-12-26",52.16,52.619999,51.32,51.360001,2322700,42.355488
"2012-12-27",51.5,51.709999,50.400002,51.560001,2885400,42.52042
"2012-12-28",51.060001,51.5,50.52,50.57,2999100,41.703995
"2012-12-31",50.400002,53.220001,50.400002,53.099998,4233600,43.790424
"2013-01-02",54.25,55.310001,53.23,55.259998,5229900,45.571728
"2013-01-03",55.029999,55.169998,52.869999,53.189999,5291900,43.864647
"2013-01-04",53.119999,53.68,52.290001,53.139999,4161100,43.823418
"2013-01-07",52.48,52.48,50.77,51.360001,6884000,42.355488
"2013-01-08",51.200001,51.779999,51.080002,51.59,3575600,42.545158
"2013-01-09",51.560001,52.150002,51.02,51.32,4429800,42.322495
"2013-01-10",51.639999,51.84,51.220001,51.509998,3403400,42.479187
"2013-01-11",51.279999,51.700001,50.360001,50.580002,4615800,41.712231
"2013-01-14",50.669998,51.419998,50.119999,51.349998,5000100,42.347229
"2013-01-15",51.349998,52.330002,51.200001,52.240002,4499600,43.0812
"2013-01-16",52.130001,54.549999,52.07,54.52,8024800,44.96146
"2013-01-17",54.98,55.830002,54.189999,55.150002,5976600,45.481014
"2013-01-18",55.209999,55.740002,54.580002,55.07,5998800,45.415043
"2013-01-22",55.240002,55.240002,53.919998,54.610001,4462000,45.035683
"2013-01-23",54.720001,56.189999,54.200001,55.52,4293900,45.786148
"2013-01-24",55.5,56.950001,55.369999,56.119999,4702100,46.280949
"2013-01-25",56.5,56.889999,56.110001,56.810001,3612300,46.849987
"2013-01-28",57.09,57.68,56.5,57.09,4055400,47.080883
"2013-01-29",58,60.450001,57.959999,59.880001,8446300,49.381744
"2013-01-30",62.380001,62.91,60.650002,60.759998,7922300,50.10746
"2013-01-31",60.369999,61.049999,59.91,60.57,5450400,49.950775
"2013-02-01",62,63.25,61.220001,62.75,4709200,51.748581
"2013-02-04",62.130001,62.25,61.16,61.220001,3796500,50.48682
"2013-02-05",61.720001,61.98,60.98,61.009998,4578900,50.313633
"2013-02-06",60.790001,62.5,60.709999,61.720001,5068700,50.899151
"2013-02-07",61.880001,63.34,61,63.259998,4392600,52.169167
"2013-02-08",63.41,65.239998,63.220001,64.019997,4745800,52.79591
"2013-02-11",64,64.660004,63.720001,64.18,3097900,52.927864
"2013-02-12",64.620003,64.779999,63.779999,64.43,3702400,53.134037
"2013-02-13",64.5,64.5,63.849998,64.110001,2777100,52.87014
"2013-02-14",63.77,64.919998,63.75,64.830002,3560000,53.463909
"2013-02-15",64.550003,65.379997,63.529999,64.169998,3787800,52.919613
"2013-02-19",63.669998,64.879997,63.66,64.760002,3091700,53.667526
"2013-02-20",64.75,64.949997,62.540001,62.639999,4847000,51.910652
"2013-02-21",62.32,62.919998,61.220001,62.290001,5032600,51.620598
"2013-02-22",62.779999,64.120003,62.509998,64.110001,3049300,53.128864
"2013-02-25",64.489998,64.739998,61.310001,61.34,4294800,50.833332
"2013-02-26",61.48,61.689999,59.939999,61.23,4346900,50.742168
"2013-02-27",61.299999,63.119999,61,62.990002,2581500,52.20071
"2013-02-28",62.860001,64.269997,62,62.959999,4226400,52.17585
"2013-03-01",62.709999,63.93,62.189999,63.900002,3150000,52.954834
"2013-03-04",63.84,65.739998,63.540001,65.68,3758500,54.429951
"2013-03-05",66.040001,66.050003,64.519997,65.769997,3920300,54.504536
"2013-03-06",66,66.970001,65.400002,66.050003,2929700,54.73658
"2013-03-07",65.889999,66.120003,64.790001,65.870003,3429800,54.587406
"2013-03-08",66.080002,66.279999,65.599998,66.029999,4045300,54.720005
"2013-03-11",65.900002,66.080002,63.939999,65.690002,4966800,54.438236
"2013-03-12",65.660004,66.400002,65.209999,66.220001,4134600,54.877464
"2013-03-13",65.879997,66.040001,64.199997,64.550003,4784800,53.493507
"2013-03-14",64.959999,65.449997,64.290001,64.949997,3832700,53.824982
"2013-03-15",64.489998,65.239998,64.110001,64.150002,5979000,53.162018
"2013-03-18",63.32,65.290001,63.009998,65.029999,3643900,53.891281
"2013-03-19",64.879997,66.349998,64.660004,65.410004,4124400,54.206203
"2013-03-20",66,68.440002,65.949997,67.540001,5087500,55.971355
"2013-03-21",67,67.839996,66.110001,66.82,3394800,55.374683
"2013-03-22",66.970001,67.790001,66.839996,67.550003,2650400,55.97966
"2013-03-25",67.940002,68.699997,66.650002,66.860001,3905300,55.407825
"2013-03-26",66.980003,67.410004,66.370003,67.239998,3243600,55.722748
"2013-03-27",67.129997,68.290001,66.459999,68.269997,3920600,56.576317
"2013-03-28",68.379997,70.519997,67.959999,69.970001,6211100,57.985142
"2013-04-01",70,70.190002,68.730003,69.360001,3015200,57.479618
"2013-04-02",70.169998,70.199997,66.709999,66.839996,5679900,55.391254
"2013-04-03",66.839996,66.879997,61.470001,62.459999,14028500,51.761486
"2013-04-04",62.57,63.950001,61.939999,62.389999,6139100,51.703484
"2013-04-05",61.259998,62.970001,60.200001,62.310001,5289600,51.63718
"2013-04-08",62.290001,63.799999,61.900002,63.619999,3969300,52.72279
"2013-04-09",63.950001,65.230003,62.860001,64.660004,4291500,53.58466
"2013-04-10",64.779999,65.209999,63.049999,63.860001,6005500,52.921684
"2013-04-11",63.810001,63.860001,61.810001,62.009998,6204800,51.388565
"2013-04-12",61.369999,61.740002,59.07,60.669998,8305100,50.278091
"2013-04-15",59.18,59.990002,57.080002,57.52,7897200,47.667652
"2013-04-16",58.150002,59.32,57.77,59.279999,5644000,49.126171
"2013-04-17",58.549999,58.790001,57.16,57.990002,4602100,48.057137
"2013-04-18",57.919998,58.540001,56.130001,57.23,4270200,47.427319
"2013-04-19",58.139999,58.139999,56.459999,57.84,5045100,47.932835
"2013-04-22",58.119999,60.34,58.07,59.43,3659300,49.250484
"2013-04-23",59.59,61.419998,59.360001,61.150002,5318500,50.67588
"2013-04-24",61.41,63.049999,61.310001,61.82,4771700,51.231117
"2013-04-25",62.040001,63.09,61.779999,61.900002,4384100,51.297409
"2013-04-26",61.849998,62.080002,61.139999,61.599998,3034700,51.04879
"2013-04-29",61.970001,62.299999,61.48,61.799999,3444900,51.214539
"2013-04-30",61.93,62.200001,60.02,60.950001,5457000,50.510139
"2013-05-01",61.110001,61.939999,59.549999,59.669998,5678600,49.449375
"2013-05-02",60.07,60.68,59.16,60.299999,4212400,49.971466
"2013-05-03",60.799999,62.66,60.490002,62.18,4548900,51.529446
"2013-05-06",62.490002,64.239998,62.32,63.869999,3682400,52.929966
"2013-05-07",64.25,65.339996,64.019997,64.480003,4676600,53.435497
"2013-05-08",64.230003,64.470001,62.849998,63.41,3664300,52.548771
"2013-05-09",63.23,63.27,61.880001,62.130001,3436900,51.48801
"2013-05-10",61.73,62.200001,61,61.380001,5059200,50.866478
"2013-05-13",61.130001,62.279999,60.389999,61.970001,3829500,51.355427
"2013-05-14",62.060001,64.18,62,64.080002,6212800,53.104012
"2013-05-15",63.73,65.480003,63.73,64.949997,5621700,53.824982
"2013-05-16",64.709999,65.410004,63.720001,63.84,3994700,53.160889
"2013-05-17",64.199997,65.919998,64.18,65.459999,5521600,54.509895
"2013-05-20",65.32,66.849998,65.32,65.959999,4531600,54.926254
"2013-05-21",66.099998,66.709999,64.889999,65.419998,4505200,54.476593
"2013-05-22",65.300003,66.620003,64.800003,65.389999,4482700,54.451599
"2013-05-23",64.440002,65.559998,63.900002,65.25,2380300,54.335033
"2013-05-24",64.769997,65.5,63.799999,65.470001,2518400,54.518223
"2013-05-28",66.389999,66.980003,65.919998,66.519997,2792000,55.392586
"2013-05-29",66.209999,67.339996,65.650002,66.839996,3135200,55.65905
"2013-05-30",66.349998,67.110001,65.68,66.769997,2896400,55.600769
"2013-05-31",66.639999,67.889999,66.279999,66.57,3506400,55.434223
"2013-06-03",67.040001,67.089996,64.279999,66.080002,4022900,55.026196
"2013-06-04",65.800003,66.18,64.300003,65.18,2890200,54.276737
"2013-06-05",64.940002,65.349998,63.529999,63.610001,3064900,52.969368
"2013-06-06",63.68,65.150002,63.349998,65,2637300,54.126842
"2013-06-07",65.440002,66.199997,65.18,65.870003,2774600,54.851318
"2013-06-10",65.93,66.389999,65.010002,65.110001,2372500,54.218445
"2013-06-11",64.050003,64.730003,63.700001,63.959999,3202200,53.260822
"2013-06-12",64.879997,65.209999,63.18,63.310001,3967600,52.719551
"2013-06-13",63.09,64.82,62.369999,64.510002,3336300,53.718811
"2013-06-14",64.709999,64.970001,63.77,63.810001,1833900,53.135902
"2013-06-17",64.199997,64.690002,63.98,64.260002,3341200,53.510639
"2013-06-18",64.480003,65,64.25,64.389999,2336900,53.618893
"2013-06-19",64.269997,64.870003,63.509998,63.630001,3341500,52.986027
"2013-06-20",62.580002,62.689999,60.060001,60.389999,5087000,50.288002
"2013-06-21",61.02,61.23,58.060001,59.25,6354700,49.338699
"2013-06-24",58.459999,58.77,56.84,57.189999,4938400,47.623299
"2013-06-25",58.290001,59.709999,58.290001,59.41,3453600,49.471947
"2013-06-26",60.099998,60.959999,59.560001,59.720001,2706600,49.73008
"2013-06-27",60.32,60.41,58.450001,59.220001,3883300,49.313725
"2013-06-28",59.139999,59.75,58.77,58.91,3573800,49.055576
"2013-07-01",59.240002,60.240002,58.669998,58.900002,3486700,49.047253
"2013-07-02",58.849998,59.209999,56.610001,57.080002,4998500,47.531704
"2013-07-03",56.75,57.709999,54.799999,57.68,6190900,48.031342
"2013-07-05",57.84,57.889999,55.41,57.240002,3653200,47.664932
"2013-07-08",57.709999,59.169998,57.639999,58.75,3067800,48.922337
"2013-07-09",59.02,59.369999,58.41,58.509998,3271200,48.722488
"2013-07-10",58.41,58.630001,55.939999,56.09,5874000,46.70731
"2013-07-11",57.049999,57.900002,56.02,57.759998,5355200,48.097954
"2013-07-12",56.900002,59.639999,56.900002,59.09,6108800,49.20546
"2013-07-15",59.450001,59.849998,58.779999,59.23,4202400,49.322056
"2013-07-16",59.209999,59.419998,57.150002,57.639999,6289800,47.998028
"2013-07-17",57.82,58.419998,57.099998,58.040001,3527400,48.331108
"2013-07-18",58.189999,58.279999,56.709999,56.919998,4328100,47.39846
"2013-07-19",57.439999,57.830002,56.720001,57.490002,3960500,47.873116
"2013-07-22",57.880001,58.450001,57.18,57.959999,4093500,48.264496
"2013-07-23",58.470001,59.709999,58.349998,59.490002,3938200,49.538555
"2013-07-24",59.650002,59.650002,57.700001,58.84,4041900,48.997284
"2013-07-25",58.68,59.700001,58.240002,59.419998,4551000,49.480267
"2013-07-26",59.25,59.84,58.709999,59,2603600,49.130524
"2013-07-29",59,59.290001,58.57,58.959999,852400,49.09721
"2013-07-30",59.049999,59.25,57.91,58.470001,4076700,48.68919
"2013-07-31",57.32,61.970001,57.130001,61.5,8186700,51.212326
"2013-08-01",61.869999,61.91,60.32,60.52,3918500,50.396263
"2013-08-02",60.130001,60.130001,58.07,58.41,5612800,48.639217
"2013-08-05",58.279999,58.299999,57.299999,57.799999,4125100,48.13126
"2013-08-06",57.639999,59.150002,57.639999,58.310001,4863300,48.55595
"2013-08-07",58.240002,58.689999,57.560001,57.959999,3824100,48.264496
"2013-08-08",58.02,59.360001,57.900002,59,3254800,49.130524
"2013-08-09",59,59.310001,58.57,58.919998,3178500,49.063908
"2013-08-12",58.439999,58.98,57.720001,58.169998,3295100,48.439365
"2013-08-13",58.389999,59.189999,58,59.09,3180300,49.20546
"2013-08-14",59,59.18,58.380001,58.790001,2358500,49.215931
"2013-08-15",58.27,58.43,57.040001,57.150002,3495300,47.843014
"2013-08-16",56.889999,56.990002,56.07,56.299999,3478700,47.131439
"2013-08-19",56.279999,56.849998,55.25,55.34,3212100,46.32777
"2013-08-20",55.23,57.689999,54.900002,57.009998,3870800,47.725807
"2013-08-21",56.73,58.490002,56.299999,57.950001,3784200,48.512718
"2013-08-22",57.98,58.869999,57.52,58.110001,3009300,48.646679
"2013-08-23",58.450001,59.240002,57.939999,58.110001,2951800,48.646679
"2013-08-26",58.169998,59.09,57.880001,58.130001,2843800,48.663418
"2013-08-27",57.709999,58,57.09,57.099998,2979300,47.801151
"2013-08-28",57.200001,58.299999,57.200001,58.029999,2220300,48.579693
"2013-08-29",57.869999,58.470001,57.380001,57.720001,2119000,48.320198
"2013-08-30",57.950001,58.5,56.950001,57.099998,2661100,47.801151
"2013-09-03",57.759998,58.439999,57.330002,58.110001,3045700,48.646679
"2013-09-04",57.919998,59.32,57.580002,59.029999,4079400,49.416851
"2013-09-05",58.68,59.099998,57.790001,57.799999,3849800,48.387165
"2013-09-06",57.91,58.110001,56.900002,57.419998,2800400,48.069035
"2013-09-09",57.07,57.919998,57.02,57.470001,3102600,48.110893
"2013-09-10",57.439999,57.439999,56.68,56.790001,3476500,47.541641
"2013-09-11",56.830002,57.029999,56.060001,56.93,2597300,47.65884
"2013-09-12",56.990002,57.34,56.330002,56.450001,2662700,47.257008
"2013-09-13",56.639999,57.73,56.57,57.130001,2420800,47.826267
"2013-09-16",57.619999,57.700001,56.709999,56.830002,2521900,47.575123
"2013-09-17",56.709999,56.799999,55.810001,56.049999,3885000,46.92215
"2013-09-18",56.049999,57.5,56.02,57.25,3873300,47.926723
"2013-09-19",58.34,59.209999,57.900002,58.150002,4667700,48.680161
"2013-09-20",58.209999,59.299999,57.689999,57.93,4944400,48.495991
"2013-09-23",57.73,57.73,56.900002,57.41,3067700,48.060673
"2013-09-24",57.240002,58.549999,57.029999,57.77,3430500,48.362049
"2013-09-25",57.82,58.549999,57.529999,58.049999,3049500,48.596443
"2013-09-26",58.009998,59,58.009998,58.48,2709400,48.956417
"2013-09-27",58.099998,58.869999,58.099998,58.529999,3027700,48.998283
"2013-09-30",58.009998,58.09,56.880001,57.82,4407300,48.403904
"2013-10-01",57.650002,58.220001,57.189999,57.900002,2600600,48.470863
"2013-10-02",57.59,59.310001,57.330002,59.18,4150400,49.542419
"2013-10-03",58.860001,59.830002,58.599998,59.560001,4244400,49.860538
"2013-10-04",59,59.349998,58.389999,59.169998,3550700,49.534054
"2013-10-07",58.759998,58.900002,57.900002,57.900002,3345300,48.470863
"2013-10-08",57.919998,58.09,56.5,56.889999,4211400,47.625351
"2013-10-09",56.82,57.279999,56.509998,56.900002,3466300,47.633724
"2013-10-10",57.669998,58.790001,57.619999,58.57,4396700,49.031769
"2013-10-11",58.549999,60.810001,58.470001,59.93,5680300,50.170284
"2013-10-14",59.57,60.720001,59.25,60.48,2891900,50.630707
"2013-10-15",60.389999,60.849998,59.34,59.5,3602600,49.810307
"2013-10-16",60.02,60.75,59.860001,60.73,2993300,50.840004
"2013-10-17",60.57,62.389999,60.5,62.220001,3405000,52.087353
"2013-10-18",62.509998,63.5,62.25,63.48,3813800,53.142147
"2013-10-21",63.77,64.190002,63.490002,63.91,2985500,53.502121
"2013-10-22",64.339996,65.239998,64.160004,64.879997,4264700,54.314156
"2013-10-23",64.370003,65.400002,64.330002,64.660004,4215000,54.12999
"2013-10-24",64.540001,64.599998,62.700001,63.23,4248900,52.932865
"2013-10-25",63.32,63.720001,62.75,63.400002,2206800,53.075191
"2013-10-28",63.77,64.419998,63.139999,63.279999,3067700,52.974724
"2013-10-29",63.389999,64.32,63.23,64.139999,3213300,53.694675
"2013-10-30",64.099998,65.639999,63.049999,65.230003,4687500,54.607174
"2013-10-31",64.980003,65.529999,64.410004,64.43,3786300,53.937454
"2013-11-01",64.470001,64.830002,63.290001,64.129997,2746900,53.68631
"2013-11-04",64.279999,64.540001,63.389999,64.440002,2728600,53.945827
"2013-11-05",64.25,64.809998,63.619999,64.269997,3184100,53.803497
"2013-11-06",64.75,65.559998,64.150002,64.360001,2979500,53.878841
"2013-11-07",64.279999,64.860001,63.619999,63.84,3084200,53.443527
"2013-11-08",63.919998,65.389999,63.66,65.360001,3252600,54.715996
"2013-11-11",65.150002,65.580002,64.790001,65.489998,2437700,54.824818
"2013-11-12",64.93,66.230003,64.830002,65.410004,3229900,55.085899
"2013-11-13",65.279999,66.059998,64.529999,66.050003,3427000,55.624886
"2013-11-14",66.239998,68.360001,66.230003,67.559998,4088500,56.896549
"2013-11-15",67.300003,67.620003,66.519997,67.099998,4106300,56.509144
"2013-11-18",67.620003,68.050003,67.050003,67.209999,2723300,56.60178
"2013-11-19",67.139999,68.540001,66.919998,67.769997,3246100,57.073402
"2013-11-20",68.220001,68.389999,66.800003,67.029999,2923500,56.450191
"2013-11-21",67.059998,67.639999,65.839996,67.5,2933400,56.846012
"2013-11-22",67.849998,68.800003,67.540001,68.480003,3108000,57.671341
"2013-11-25",68.480003,69.349998,68.129997,68.639999,2808300,57.806087
"2013-11-26",68.790001,69.230003,68.129997,68.75,3094400,57.898708
"2013-11-27",68.599998,71,68.400002,70.120003,4526400,59.052475
"2013-11-29",70.029999,70.720001,69.410004,69.610001,1688100,58.622993
"2013-12-02",70,71.75,69.669998,71.360001,3900900,60.096764
"2013-12-03",71.059998,71.269997,69.540001,70.599998,4299300,59.456715
"2013-12-04",69.699997,70.480003,68.330002,69.589996,5377100,58.606136
"2013-12-05",69.82,70.5,69.169998,69.730003,3978800,58.724045
"2013-12-06",70.330002,72.5,70,71.239998,5174200,59.995701
"2013-12-09",72.300003,73.169998,71.699997,71.830002,4297300,60.492577
"2013-12-10",71.25,72.440002,69.540001,71.610001,4233700,60.307297
"2013-12-11",71.639999,71.690002,70.290001,70.849998,3890300,59.667271
"2013-12-12",70.800003,71.690002,70.440002,71.220001,2773000,59.978863
"2013-12-13",71.25,72.019997,70.57,71.599998,2711400,60.298893
"2013-12-16",71.68,73.260002,71.529999,72.610001,2741600,61.14946
"2013-12-17",72.610001,73.269997,72.25,72.599998,2438200,61.141033
"2013-12-18",72.559998,74.120003,72.209999,73.980003,3960900,62.303242
"2013-12-19",73.550003,74.389999,72.699997,72.919998,3505000,61.41053
"2013-12-20",73.199997,74.529999,73.050003,74.029999,4906800,62.345341
"2013-12-23",74.5,75.389999,74.279999,74.410004,2556800,62.665367
"2013-12-24",74.739998,74.970001,74.290001,74.739998,1065000,62.943268
"2013-12-26",75,75.290001,74.68,75.120003,1187000,63.263302
"2013-12-27",75.139999,75.18,74.190002,74.75,1688800,62.951694
"2013-12-30",75.010002,75.599998,74.690002,74.720001,2252200,62.926434
"2013-12-31",75.269997,77.290001,75.18,77.129997,2993900,64.956055
"2014-01-02",77.169998,77.32,76.360001,76.449997,2846700,64.383385
"2014-01-03",76.360001,76.989998,76.150002,76.290001,1958200,64.248619
"2014-01-06",76.510002,77.489998,76.400002,77.010002,2815600,64.854988
"2014-01-07",77.07,77.830002,76.669998,77.019997,4005700,64.863426
"2014-01-08",77.25,77.410004,76.150002,76.870003,4492200,64.737091
"2014-01-09",77.010002,78.25,76.879997,78.129997,4187400,65.79821
"2014-01-10",78.389999,79,77.239998,78,3019900,65.688736
"2014-01-13",78.199997,78.199997,75.489998,75.809998,3046300,63.844383
"2014-01-14",76.150002,76.709999,75.800003,76.489998,3359100,64.417061
"2014-01-15",76.5,76.529999,74.75,75.540001,3697800,63.616997
"2014-01-16",75.309998,75.730003,74.669998,75.389999,3231900,63.490665
"2014-01-17",74.870003,76.620003,74.849998,76.019997,3901600,64.021255
"2014-01-21",76.029999,77.400002,76.029999,76.900002,2792000,64.762352
"2014-01-22",77.300003,77.599998,76.089996,77.099998,2748300,64.930786
"2014-01-23",77.519997,78.099998,76.040001,77.199997,4105600,65.014999
"2014-01-24",76.220001,76.349998,73.599998,74.440002,4712700,62.690639
"2014-01-27",74.57,75.699997,73.779999,74.900002,3408300,63.078033
"2014-01-28",73.919998,75.459999,73.919998,75.080002,2792000,63.229607
"2014-01-29",74.029999,76.900002,70.809998,74.18,5942000,62.471661
"2014-01-30",74.440002,74.970001,73.370003,73.559998,4595300,61.949516
"2014-01-31",73.099998,74.580002,72.75,73.089996,5799800,61.553715
"2014-02-03",73.120003,73.580002,71.139999,71.360001,5620300,60.096764
"2014-02-04",71.510002,71.75,68.779999,71.139999,4647500,59.911495
"2014-02-05",70.75,71.550003,69.110001,70.669998,6071000,59.515686
"2014-02-06",71.300003,73.620003,70.889999,73.300003,5388900,61.730568
"2014-02-07",73.699997,74.43,72.910004,74.279999,3310400,62.555878
"2014-02-10",74.349998,74.690002,72.029999,72.269997,3743600,60.863113
"2014-02-11",72.300003,74.260002,72.239998,74.089996,3711500,62.395866
"2014-02-12",74.169998,74.599998,73.360001,73.639999,3045200,62.016899
"2014-02-13",72.75,74.919998,72.629997,74.650002,3234400,63.202206
"2014-02-14",74.470001,75.980003,74.260002,75.93,2408700,64.285927
"2014-02-18",76.209999,76.989998,75.269997,75.379997,2813700,63.820267
"2014-02-19",75.220001,76.949997,75.019997,75.269997,3700300,63.727119
"2014-02-20",75.019997,75.760002,74.75,75.290001,3164800,63.744053
"2014-02-21",75.080002,75.690002,74.809998,74.949997,3210500,63.456203
"2014-02-24",75.010002,77.769997,75.010002,76.25,3631400,64.556847
"2014-02-25",76.230003,78.309998,75.900002,77.529999,4201700,65.640533
"2014-02-26",77.440002,77.93,76.449997,76.760002,3384100,64.98864
"2014-02-27",76.480003,76.800003,74.330002,74.739998,5635900,63.278397
"2014-02-28",74.779999,78.889999,74.379997,74.860001,4209000,63.37999
"2014-03-03",74.650002,75.769997,74.370003,74.860001,2672200,63.37999
"2014-03-04",75.550003,76.199997,74.900002,76.080002,2380300,64.412895
"2014-03-05",75.800003,76.93,75.449997,76.809998,2815300,65.030975
"2014-03-06",76.980003,78.790001,76.949997,78.139999,3699300,66.157013
"2014-03-07",78.5,78.779999,77.349998,78.080002,2243500,66.106209
"2014-03-10",78,79.199997,77.82,78.660004,2371900,66.597267
"2014-03-11",78.629997,79.379997,78.010002,79.080002,3068100,66.95285
"2014-03-12",79.089996,80.290001,79.059998,80,3437700,67.731766
"2014-03-13",80.07,80.389999,77.720001,78.139999,3439100,66.157013
"2014-03-14",78.029999,79.410004,78,78.690002,2751000,66.622673
"2014-03-17",78.860001,79.720001,78.739998,79.349998,2640700,67.181435
"2014-03-18",79.32,80.360001,78.910004,80.349998,3002000,68.028084
"2014-03-19",80.239998,80.25,77.919998,78.43,2894800,66.402527
"2014-03-20",78.07,78.959999,77.529999,78.5,3108200,66.4618
"2014-03-21",80.120003,80.120003,77.82,77.949997,4624400,65.99614
"2014-03-24",78.370003,78.699997,77.019997,77.419998,3287000,65.547409
"2014-03-25",77.239998,78.739998,77.239998,78.199997,3040600,66.207809
"2014-03-26",78.470001,78.800003,76.919998,77.209999,2657000,65.369614
"2014-03-27",77.290001,77.669998,76.730003,76.860001,3430600,65.07328
"2014-03-28",77,77.400002,76.510002,76.650002,3014100,64.895493
"2014-03-31",77.300003,77.559998,76.870003,77.059998,3071500,65.242638
"2014-04-01",77.220001,79.639999,76.93,79.580002,4031200,67.376175
"2014-04-02",79.169998,79.5,77.889999,79.239998,3083000,67.088303
"2014-04-03",79.669998,80.910004,79.669998,80.599998,3319400,68.239769
"2014-04-04",81.010002,81.43,79.150002,79.57,3315400,67.367699
"2014-04-07",79.099998,79.949997,77.879997,77.949997,3224400,65.99614
"2014-04-08",78.059998,78.669998,77.010002,77.559998,3338900,65.665932
"2014-04-09",78.029999,78.709999,77.230003,78.330002,2515700,66.317863
"2014-04-10",78.269997,79.379997,76.669998,76.690002,3875400,64.929352
"2014-04-11",76.629997,78.059998,76.18,76.75,5550200,64.980156
"2014-04-14",77.110001,78.029999,76.639999,78.010002,2673900,66.046936
"2014-04-15",77.760002,78.709999,76.739998,78.68,3647700,66.614189
"2014-04-16",79.419998,81.150002,78.629997,81.110001,3800900,68.671547
"2014-04-17",80.669998,81.349998,80,80.279999,4512100,67.968811
"2014-04-21",80.360001,82.150002,80.190002,81.82,2938800,69.272652
"2014-04-22",81.330002,82.470001,80.730003,81.980003,2987200,69.408142
"2014-04-23",81.849998,82.949997,81.5,82.300003,2077200,69.679054
"2014-04-24",82.599998,83.050003,81.760002,82.57,2592200,69.907654
"2014-04-25",82.529999,83.099998,82.029999,82.589996,2544900,69.924591
"2014-04-28",82.889999,84.400002,81.870003,84.050003,3864300,71.160667
"2014-04-29",84.529999,84.849998,83.339996,83.75,2732500,70.906693
"2014-04-30",83.910004,84.5,83.110001,83.220001,2860200,70.457962
"2014-05-01",83.269997,84.669998,83.089996,84.050003,2602300,71.160667
"2014-05-02",83.989998,84.550003,83.43,83.529999,2095700,70.720436
"2014-05-05",83.139999,83.989998,82.650002,83.93,2101300,71.05909
"2014-05-06",84.129997,85.419998,83.660004,84.260002,2669000,71.338478
"2014-05-07",84.669998,85.25,83.470001,85.029999,2584100,71.990395
"2014-05-08",84.209999,84.75,82.489998,82.919998,3057500,70.203979
"2014-05-09",82.720001,83.190002,80.82,81.910004,3687700,69.348862
"2014-05-12",82.639999,84.080002,82.559998,83.540001,3181100,70.728897
"2014-05-13",83.779999,84.739998,83.470001,84.260002,2566700,71.338478
"2014-05-14",84.059998,84.68,82.959999,83.559998,3143600,70.745811
"2014-05-15",83.010002,83.010002,81.290001,82.010002,11581500,69.851501
"2014-05-16",81.849998,82.370003,81.230003,81.860001,2305200,69.72374
"2014-05-19",81.989998,83.099998,81.860001,82.730003,2907900,70.464767
"2014-05-20",82.449997,83.239998,81.860001,81.970001,2316600,69.817429
"2014-05-21",82.239998,82.620003,80.900002,81.589996,6323700,69.493774
"2014-05-22",81.690002,82.860001,81.589996,82.379997,2433300,70.166649
"2014-05-23",82.349998,82.709999,82.029999,82.029999,2540600,69.868523
"2014-05-27",82.260002,82.410004,81.459999,82.18,3004300,69.996315
"2014-05-28",82.050003,83.449997,82.040001,82.989998,3488700,70.686211
"2014-05-29",83.239998,84.410004,82.82,84.32,2451600,71.819023
"2014-05-30",84.360001,85.120003,84.169998,84.790001,4139400,72.219345
"2014-06-02",84.989998,85.449997,84.410004,85.239998,2520000,72.602631
"2014-06-03",84.889999,85.18,84.379997,84.540001,2335700,72.006416
"2014-06-04",84.059998,84.660004,83.550003,83.699997,2449600,71.290939
"2014-06-05",84.07,84.639999,83.419998,83.519997,3736300,71.137619
"2014-06-06",83.949997,84.599998,83.550003,84.360001,2492800,71.853111
"2014-06-09",84.18,84.510002,83.339996,83.730003,2308600,71.316498
"2014-06-10",83.599998,83.900002,82.440002,82.830002,2394900,70.549942
"2014-06-11",82.360001,83.160004,82.190002,82.889999,2355300,70.601028
"2014-06-12",83.370003,83.709999,82.43,82.800003,2879000,70.524384
"2014-06-13",82.800003,83.57,82.400002,83.489998,4330000,71.112068
"2014-06-16",83.519997,83.650002,82.940002,83.440002,2279700,71.069489
"2014-06-17",83.010002,84.099998,82.5,84.07,2965900,71.606094
"2014-06-18",83.879997,84.550003,82.93,84.5,2617000,71.972328
"2014-06-19",84.709999,85.540001,84.620003,85.260002,2950200,72.619659
"2014-06-20",85.589996,86.279999,85.25,85.940002,7281900,73.198853
"2014-06-23",86.25,86.82,85.919998,86.330002,2316700,73.531052
"2014-06-24",86.019997,87.050003,84.669998,84.940002,2801900,72.347122
"2014-06-25",80.949997,82.660004,79.160004,81.360001,10144700,69.297859
"2014-06-26",81.919998,82.459999,81.089996,82.099998,5304200,69.928169
"2014-06-27",81.68,82.07,81.019997,81.489998,5490200,69.408585
"2014-06-30",81.059998,81.190002,80.050003,80.43,3392600,68.505753
"2014-07-01",80.599998,80.830002,79.940002,80.599998,3127100,68.650574
"2014-07-02",80.639999,81.510002,80.599998,81,2437000,68.991234
"2014-07-03",81.199997,81.949997,81,81.5,1712300,69.417114
"2014-07-07",81.330002,81.440002,79.940002,80.5,2226500,68.565369
"2014-07-08",80.309998,80.529999,79.029999,79.279999,3010600,67.526237
"2014-07-09",79.660004,80.190002,78.529999,79.809998,3278400,67.977646
"2014-07-10",78.720001,80.089996,78.690002,79.730003,2722600,67.909546
"2014-07-11",79.550003,80.550003,79.510002,80.290001,2235200,68.386497
"2014-07-14",80.879997,80.900002,79.629997,79.949997,8384700,68.096916
"2014-07-15",79.739998,81.5,79.419998,81.120003,8653600,69.093452
"2014-07-16",81.209999,81.870003,80.410004,80.839996,2888000,68.854973
"2014-07-17",80.400002,80.980003,79.400002,79.540001,2370200,67.747688
"2014-07-18",79.910004,81.040001,79.449997,80.860001,3127200,68.871986
"2014-07-21",80.400002,80.800003,80,80.160004,2102800,68.27578
"2014-07-22",80.739998,81.150002,80.239998,80.5,2733900,68.565369
"2014-07-23",80.550003,81.730003,80.449997,81.269997,2118400,69.221199
"2014-07-24",81.730003,82.830002,81.300003,82.099998,3517400,69.928169
"2014-07-25",82.139999,82.870003,81.830002,82.650002,2064000,70.396614
"2014-07-28",83,83,81.660004,82.610001,2359500,70.362549
"2014-07-29",82.919998,83.25,82.470001,82.470001,3163300,70.243309
"2014-07-30",82.190002,83.410004,81.309998,81.720001,2664700,69.604477
"2014-07-31",81.139999,82.510002,80.559998,81.110001,3120000,69.084938
"2014-08-01",80.620003,81.010002,79.25,80.540001,4488000,68.599434
"2014-08-04",80.809998,82.040001,80.239998,81.879997,2934400,69.740776
"2014-08-05",81.440002,81.650002,80.580002,81.010002,2735500,68.999741
"2014-08-06",80.75,82.900002,80.75,82.279999,2730200,70.081459
"2014-08-07",82.5,83.029999,81.169998,81.519997,2532100,69.434174
"2014-08-08",82,83.169998,81.309998,83.050003,2290400,70.737335
"2014-08-11",83.510002,83.849998,82.300003,82.389999,2293700,70.175156
"2014-08-12",82.580002,82.93,82.139999,82.559998,2113300,70.319954
"2014-08-13",82.559998,82.879997,81.970001,82.779999,2411200,70.936935
"2014-08-14",82.949997,83.910004,82.550003,83.690002,2849900,71.716751
"2014-08-15",83.849998,84.370003,83.5,83.790001,4763500,71.80246
"2014-08-18",84.269997,86.080002,84.269997,85.610001,3347700,73.362083
"2014-08-19",85.610001,86.400002,85.339996,86.089996,2676900,73.773399
"2014-08-20",85.989998,86.790001,85.650002,86.599998,2128300,74.210434
"2014-08-21",86.699997,86.720001,86.010002,86.239998,1767600,73.901917
"2014-08-22",86.050003,86.279999,85.470001,86.089996,1633900,73.773399
"2014-08-25",86.379997,87.099998,86.120003,86.900002,1903500,74.467522
"2014-08-26",86.870003,87.099998,86.260002,86.669998,1869300,74.270424
"2014-08-27",86.699997,87,86.029999,86.440002,1824500,74.073318
"2014-08-28",86.029999,86.919998,85.82,86.610001,1188200,74.219009
"2014-08-29",86.580002,87.150002,86.449997,87.019997,2150300,74.570351
"2014-09-02",86.910004,87.199997,86.019997,86.949997,2376000,74.510361
"2014-09-03",87.199997,87.980003,86.800003,87.239998,2881000,74.758873
"2014-09-04",87.220001,87.870003,86.540001,86.879997,3332000,74.450371
"2014-09-05",86.940002,87.660004,86.059998,87.510002,2236800,74.99025
"2014-09-08",87.449997,87.599998,87.019997,87.059998,2060200,74.604622
"2014-09-09",87,87.540001,85.949997,86.470001,2486700,74.099045
"2014-09-10",86.129997,86.410004,83.900002,85.139999,4590100,72.959305
"2014-09-11",84.580002,85.110001,83.57,84.010002,3313500,71.990974
"2014-09-12",83.879997,84.239998,82.550003,83.019997,2782700,71.142616
"2014-09-15",83.040001,84.019997,82.690002,83.900002,2412600,71.896729
"2014-09-16",83.779999,86.68,83.5,85.779999,5220300,73.507759
"2014-09-17",85.940002,86.379997,85.290001,85.690002,4135200,73.430626
"2014-09-18",85.709999,86.389999,85.370003,85.889999,3497400,73.602028
"2014-09-19",86.040001,86.379997,85.580002,85.75,3614200,73.482025
"2014-09-22",85.5,85.529999,83.690002,83.839996,2576400,71.845306
"2014-09-23",83.849998,84.849998,83.139999,83.260002,2168700,71.348274
"2014-09-24",82.949997,83.339996,81.610001,82.690002,2514100,70.859833
"2014-09-25",82.830002,82.830002,81.739998,81.739998,2420500,70.045738
"2014-09-26",81.599998,82.519997,81.599998,82.230003,3274500,70.46563
"2014-09-29",81.370003,82.300003,81.080002,81.769997,2073500,70.071442
"2014-09-30",81.5,81.879997,80.68,81.309998,5197200,69.677261
"2014-10-01",81.309998,82,79.559998,79.629997,4192300,68.23761
"2014-10-02",79.18,79.389999,75.940002,77.760002,8948800,66.635155
"2014-10-03",78.230003,78.279999,77.040001,77.639999,4846200,66.532326
"2014-10-06",77.699997,78.120003,76.699997,77.349998,2580100,66.283806
"2014-10-07",77.589996,78.800003,77.150002,77.349998,3654200,66.283806
"2014-10-08",77.830002,79.209999,76.519997,79.160004,4384500,67.834862
"2014-10-09",78.970001,79.370003,76.559998,76.610001,3570400,65.649681
"2014-10-10",76.75,77.730003,74.809998,76.32,4702000,65.401146
"2014-10-13",75.980003,77.139999,72.849998,73.050003,5176000,62.598999
"2014-10-14",73.519997,74.160004,70.110001,70.589996,9368900,60.490936
"2014-10-15",69.82,70.860001,66.239998,67.889999,11400000,58.177219
"2014-10-16",67.459999,70.519997,66.120003,69.709999,8930400,59.736828
"2014-10-17",70.690002,73.150002,70.190002,72.209999,8218500,61.879154
"2014-10-20",71.760002,72.900002,71.660004,72.349998,3495500,61.999123
"2014-10-21",74.349998,77.080002,72.93,76.809998,6745200,65.82106
"2014-10-22",76.75,77.550003,75.349998,75.389999,5186800,64.60421
"2014-10-23",76.419998,77.07,75.959999,76.120003,3218500,65.229774
"2014-10-24",76.150002,76.57,74.849998,76.489998,2924800,65.546844
"2014-10-27",75.650002,76.110001,74.529999,75.480003,4295500,64.681335
"2014-10-28",75.849998,77.720001,75.169998,77.529999,7580200,66.438034
"2014-10-29",78.559998,78.970001,75.610001,76.389999,4319500,65.461128
"2014-10-30",76.349998,77.57,75.629997,77.400002,3747000,66.326645
"2014-10-31",77.699997,78.760002,76.650002,78.5,3848500,67.269272
"2014-11-03",78.459999,78.849998,76.379997,76.68,5523700,65.709648
"2014-11-04",76.019997,76.440002,73.480003,74.489998,6013000,63.832981
"2014-11-05",74.900002,76.370003,73.68,74.739998,5429500,64.047195
"2014-11-06",75.18,75.639999,74.32,75.419998,4054400,64.629898
"2014-11-07",75.300003,75.589996,74.279999,74.699997,5464000,64.012939
"2014-11-10",75,75.599998,74.379997,74.5,3332200,63.841534
"2014-11-11",74.889999,75.150002,73.230003,73.639999,3976000,63.10458
"2014-11-12",72.970001,74.209999,72.849998,73.040001,3703800,63.018299
"2014-11-13",72.629997,72.720001,70.220001,70.830002,5418400,61.111526
"2014-11-14",70.940002,71.839996,70.800003,71.779999,7638900,61.931171
"2014-11-17",71.790001,73.120003,71.790001,72.779999,4327600,62.793961
"2014-11-18",73.150002,74.540001,72.82,73.959999,4730000,63.812061
"2014-11-19",74.139999,76.080002,73.790001,75.769997,4721100,65.373711
"2014-11-20",75.519997,77.989998,75.5,77.830002,4789900,67.151077
"2014-11-21",79.010002,80.32,78.220001,79.419998,5331200,68.522911
"2014-11-24",79.129997,79.900002,79.059998,79.419998,2976700,68.522911
"2014-11-25",79.760002,80.169998,79.019997,79.540001,3458700,68.62645
"2014-11-26",79.57,79.650002,78.699997,79.279999,4383900,68.402115
"2014-11-28",78.410004,78.599998,72.760002,73.019997,5301900,63.001034
"2014-12-01",73,73.730003,71.07,71.860001,7524300,62.000206
"2014-12-02",71.75,74.290001,71.75,73.760002,5166700,63.639507
"2014-12-03",73.809998,75.260002,73.790001,74.830002,3270600,64.562706
"2014-12-04",74.330002,75.239998,73.620003,74.970001,3904000,64.683487
"2014-12-05",74.82,75.190002,72.919998,73.019997,4252400,63.001034
"2014-12-08",72.230003,72.629997,68.709999,68.93,6709000,59.472237
"2014-12-09",68.559998,69.129997,67.559998,68.809998,5270200,59.368679
"2014-12-10",67.629997,68.349998,66.419998,67.110001,5589700,57.901951
"2014-12-11",67.110001,68.120003,66.620003,66.82,4743700,57.651733
"2014-12-12",66.300003,67.120003,65.309998,65.68,4427800,56.668156
"2014-12-15",66.650002,67.419998,64.870003,65.089996,9156000,56.159103
"2014-12-16",64.599998,68.629997,64.019997,67.040001,6209400,57.841545
"2014-12-17",66.779999,69.150002,66.620003,68.360001,4530100,58.98045
"2014-12-18",69.900002,70.300003,66.830002,69.029999,5258500,59.558498
"2014-12-19",69.599998,71.889999,69.080002,71.809998,6677000,61.957062
"2014-12-22",71.059998,71.650002,70.300003,71.230003,3540100,61.456661
"2014-12-23",71.489998,72.730003,71.300003,72.559998,3717500,62.60416
"2014-12-24",72.099998,72.589996,71.309998,72.099998,2090100,62.207287
"2014-12-26",72.339996,73.339996,72.099998,72.650002,1842900,62.681812
"2014-12-29",73.010002,73.370003,72.099998,72.82,2980000,62.828487
"2014-12-30",72.800003,73.610001,72.190002,72.919998,3144000,62.914757
"2014-12-31",72.699997,73.029999,71.660004,71.699997,2565400,61.862148
"2015-01-02",71.610001,72.449997,70.949997,72.290001,2545200,62.371212
"2015-01-05",71.239998,71.589996,67.139999,67.919998,5886000,58.600807
"2015-01-06",67.660004,68.760002,66.019997,66.019997,5793500,56.961491
"2015-01-07",66.769997,67.889999,65.900002,66.309998,5556700,57.2117
"2015-01-08",67.099998,68.900002,66.599998,68.889999,5432700,59.43771
"2015-01-09",68.309998,68.5,66.699997,67.309998,4438000,58.074493
"2015-01-12",66.480003,66.519997,63.830002,64.239998,5232300,55.425732
"2015-01-13",64.309998,64.790001,61.369999,61.5,8886400,53.061684
"2015-01-14",60.639999,60.98,57.330002,59.419998,11611100,51.267075
"2015-01-15",60.240002,60.5,58.68,59.09,5531100,50.982349
"2015-01-16",59,61.080002,59,60.830002,4978600,52.48362
"2015-01-20",61.790001,63.709999,61.09,63.619999,7995200,54.890804
"2015-01-21",64.269997,66.620003,63.700001,66.25,7109000,57.159946
"2015-01-22",66.839996,67.589996,65.970001,67.309998,5501500,58.074493
"2015-01-23",67.470001,69.190002,66.970001,68.519997,4667600,59.118484
"2015-01-26",68.639999,69.040001,67.610001,68.400002,4149700,59.014957
"2015-01-27",67.699997,69.779999,67.519997,69.599998,4407900,60.050293
"2015-01-28",69.800003,70.059998,68.32,68.370003,6039300,58.989063
"2015-01-29",69.949997,70.690002,68.650002,70.480003,5810100,60.809555
"2015-01-30",69.730003,71.269997,68.839996,70.32,5793200,60.671501
"2015-02-02",71.309998,72.800003,70.07,72.800003,4818900,62.811237
"2015-02-03",73.720001,74.940002,73.330002,74.879997,6683000,64.605835
"2015-02-04",73.830002,75.129997,72.769997,74.419998,5353000,64.208939
"2015-02-05",75.300003,75.889999,74.330002,75.209999,3014400,64.890556
"2015-02-06",75.32,76.620003,75.099998,76.099998,3592200,65.658447
"2015-02-09",76.269997,76.620003,75.690002,75.93,2783100,65.511765
"2015-02-10",75.199997,75.860001,73.839996,75.669998,3340600,65.287437
"2015-02-11",74.93,75.010002,73.339996,74.190002,4125600,64.010498
"2015-02-12",74.730003,75.32,74.080002,75.110001,2812700,65.243988
"2015-02-13",75.760002,76.650002,75.32,76.620003,3479200,66.555649
"2015-02-17",76.379997,77.279999,75.870003,76.900002,3523800,66.798859
"2015-02-18",76.010002,76.610001,75.480003,75.949997,3997800,65.973648
"2015-02-19",75.470001,77.879997,74.940002,77.43,4599000,67.259232
"2015-02-20",77.519997,78.169998,76.269997,77.339996,4566600,67.181061
"2015-02-23",76.75,79.459999,76.75,79.330002,3785500,68.909691
"2015-02-24",79.709999,80.07,78.330002,80,4442900,69.491669
"2015-02-25",79.879997,80.589996,78.910004,79.089996,2959700,68.70118
"2015-02-26",78.989998,80.18,78.379997,80.059998,4279900,69.543793
"2015-02-27",80.099998,80.440002,78.440002,78.459999,4296600,68.153954
"2015-03-02",78.459999,78.459999,76.169998,77,5976200,66.885727
"2015-03-03",77.529999,78.379997,77.480003,78.089996,3361500,67.83255
"2015-03-04",77.699997,78.080002,77.080002,77.959999,2199900,67.719627
"2015-03-05",78.199997,78.349998,76.860001,76.879997,2721700,66.781487
"2015-03-06",76.160004,77.300003,75.139999,75.360001,3681700,65.461159
"2015-03-09",75.440002,77.470001,75.440002,76.290001,3630500,66.26899
"2015-03-10",75.839996,75.839996,74.019997,74.029999,3496400,64.305847
"2015-03-11",74.279999,75,74.160004,74.550003,2422400,64.757538
"2015-03-12",75.099998,75.910004,74.010002,74.160004,2960800,64.418762
"2015-03-13",74.139999,74.760002,73.540001,74.639999,2848900,64.835747
"2015-03-16",74.32,76.32,74.059998,76.290001,2471600,66.26899
"2015-03-17",75.589996,76.290001,74.739998,75.949997,2634300,65.973648
"2015-03-18",75.639999,78.589996,75.349998,78.120003,4731200,67.858597
"2015-03-19",77.220001,77.870003,76.690002,77.510002,2647400,67.328743
"2015-03-20",77.699997,78.879997,77,78.860001,5172300,68.501404
"2015-03-23",79,79.489998,78.519997,78.529999,2747400,68.214752
"2015-03-24",78.379997,78.529999,77.379997,77.629997,2198400,67.432961
"2015-03-25",78.589996,80.080002,78.330002,79,4135100,68.623009
"2015-03-26",79.699997,79.93,78.400002,78.440002,2035800,68.136566
"2015-03-27",78.610001,78.839996,77.32,77.610001,1979000,67.415604
"2015-03-30",78.260002,80.040001,78.150002,79.559998,3035700,69.109474
"2015-03-31",78.449997,79.389999,78.400002,78.599998,2715700,68.275566
"2015-04-01",79.07,80.300003,78.940002,79.940002,3257500,69.439537
"2015-04-02",79.279999,80.07,77.940002,78.169998,4424700,67.902039
"2015-04-06",78.489998,79.330002,77.82,78.550003,3260600,68.232124
"2015-04-07",78.639999,78.849998,77.699997,77.769997,2776100,67.554573
"2015-04-08",78.059998,78.800003,77.169998,77.410004,2352500,67.241875
"2015-04-09",77.279999,77.910004,76.800003,77.809998,3572700,67.589325
"2015-04-10",78,78.540001,77.559998,78.339996,2306300,68.049698
"2015-04-13",78.449997,78.480003,76.43,76.93,3996800,66.824921
"2015-04-14",77.580002,78.239998,77.279999,77.830002,3443900,67.606705
"2015-04-15",77.949997,79.18,77.900002,78.940002,2989800,68.570915
"2015-04-16",78.82,79.470001,78.129997,79.239998,2545700,68.831474
"2015-04-17",78.669998,78.779999,77.75,78.010002,2411000,67.763069
"2015-04-20",78.260002,79.660004,78.120003,79.300003,2620100,68.883614
"2015-04-21",79.300003,79.639999,78.699997,79.5,2458100,69.057343
"2015-04-22",79.919998,81.07,79.339996,80.919998,2822400,70.290817
"2015-04-23",81.139999,81.720001,80.839996,81.230003,2919000,70.560089
"2015-04-24",81.379997,81.839996,80.900002,81.589996,2067000,70.872818
"2015-04-27",81.870003,81.93,81.010002,81.07,2040000,70.42112
"2015-04-28",81.230003,81.989998,81.050003,81.610001,2265000,70.89019
"2015-04-29",81.43,81.940002,80.889999,81,2855600,70.360291
"2015-04-30",80.900002,81.169998,78.900002,79.309998,4829400,68.892288
"2015-05-01",79.410004,81.660004,79.139999,81.610001,3061900,70.89019
"2015-05-04",82,82.190002,80.739998,80.839996,2833700,70.221321
"2015-05-05",81.099998,81.400002,80.349998,80.440002,2279300,69.873863
"2015-05-06",80.550003,80.699997,79.610001,79.82,3398700,69.335327
"2015-05-07",79.800003,80.120003,78.910004,79.940002,4047600,69.439537
"2015-05-08",80.400002,81.82,79.440002,81.629997,3008900,70.907532
"2015-05-11",81.980003,81.980003,80.260002,80.540001,2406400,69.960732
"2015-05-12",80.279999,80.800003,79.650002,80.5,2245800,69.926003
"2015-05-13",80.949997,81.18,80.110001,80.769997,2343100,70.160507
"2015-05-14",80.410004,81.68,80.400002,81.629997,2658400,71.402588
"2015-05-15",81.540001,81.540001,80.860001,81.050003,2046500,70.895287
"2015-05-18",81.110001,81.559998,80.519997,81.330002,2015000,71.140205
"2015-05-19",80.900002,81.099998,80.230003,80.699997,2549200,70.589134
"2015-05-20",80.739998,81.220001,80.139999,80.519997,2551000,70.431686
"2015-05-21",80.690002,81.379997,80.269997,81,2289400,70.851524
"2015-05-22",80.620003,81.080002,80.510002,80.970001,1735000,70.82531
"2015-05-26",80.169998,80.379997,78.870003,79.360001,3202900,69.417007
"2015-05-27",79.82,80.379997,78.870003,79.190002,3368500,69.268318
"2015-05-28",78.940002,79.669998,77.980003,79.559998,3302200,69.591972
"2015-05-29",79.559998,80.540001,78.900002,79.120003,3734300,69.207085
"2015-06-01",79.550003,80.25,79.199997,79.349998,3007400,69.408257
"2015-06-02",79.379997,79.5,78.470001,79.099998,3281600,69.18959
"2015-06-03",78.790001,78.860001,77.720001,78.300003,3198400,68.489822
"2015-06-04",77.709999,78.07,77.18,77.379997,2623000,67.685081
"2015-06-05",77.239998,78.610001,77.169998,78.050003,1934400,68.271149
"2015-06-08",77.110001,77.760002,76.839996,77.18,3344500,67.510147
"2015-06-09",77.339996,77.809998,76.730003,76.790001,3383300,67.169006
"2015-06-10",77.410004,78.349998,77.18,77.800003,3600200,68.052475
"2015-06-11",77.980003,79.290001,77.480003,78.669998,3126400,68.813461
"2015-06-12",78.160004,78.339996,76.940002,77.650002,2574600,67.921272
"2015-06-15",77.699997,78.089996,77.160004,78.080002,2546600,68.297394
"2015-06-16",78,78.440002,77.269997,78.389999,2511000,68.56855
"2015-06-17",79.150002,79.660004,77.919998,78.839996,2799100,68.962173
"2015-06-18",78.910004,80.480003,78.800003,80.029999,2508100,70.003067
"2015-06-19",79.580002,80.620003,79.580002,79.669998,3030700,69.688179
"2015-06-22",80.019997,80.019997,78.940002,79.599998,3153000,69.626953
"2015-06-23",79.800003,80.599998,79.559998,80.309998,2453100,70.247986
"2015-06-24",79.699997,80.120003,78.959999,79.190002,3106400,69.268318
"2015-06-25",79.190002,79.519997,78.800003,78.889999,2347100,69.005905
"2015-06-26",78.800003,79.669998,78.559998,79.620003,8753600,69.644455
"2015-06-29",78.75,79.410004,78.459999,78.489998,4888300,68.656021
"2015-06-30",79.239998,81.360001,79.18,80.559998,4628100,70.466667
"2015-07-01",80.639999,81.860001,80.519997,81.300003,3779600,71.11396
"2015-07-02",81.470001,82.18,81,81.449997,3388900,71.245163
"2015-07-06",80.389999,81.790001,79.75,81.540001,3978700,71.323883
"2015-07-07",81.980003,82.629997,79.919998,82.349998,4170700,72.032387
"2015-07-08",81.849998,81.860001,78.059998,78.5,4513100,68.664764
"2015-07-09",79.599998,80,79.190002,79.449997,3839200,69.495728
"2015-07-10",79.860001,81.839996,79.660004,81.489998,3236100,71.280151
"2015-07-13",82.050003,84.239998,82.050003,83.419998,4148900,72.968346
"2015-07-14",82.889999,84.389999,82.889999,83.519997,4884500,73.055809
"2015-07-15",82.790001,83.349998,81.419998,81.769997,3737700,71.525085
"2015-07-16",82.419998,83.440002,82.019997,83.209999,3017300,72.784676
"2015-07-17",83.209999,83.300003,82.099998,83.239998,2502100,72.81089
"2015-07-20",83.129997,83.25,82.239998,82.330002,3095200,72.014923
"2015-07-21",82.300003,83,81.480003,81.980003,2215000,71.708778
"2015-07-22",81.839996,82.860001,81.199997,81.830002,3725600,71.577538
"2015-07-23",82.110001,82.480003,81.220001,81.389999,2110100,71.192696
"2015-07-24",81.339996,81.559998,78.300003,79.029999,5377100,69.128365
"2015-07-27",78,78.040001,75.440002,76.720001,7687900,67.10778
"2015-07-28",76.800003,79.07,76.419998,78.650002,4784200,68.795967
"2015-07-29",78.550003,80.18,78.440002,80.029999,4380000,70.003067
"2015-07-30",79.489998,79.980003,78.379997,79.120003,4040100,69.207085
"2015-07-31",78.470001,80.629997,77.910004,79.5,3615800,69.539482
"2015-08-03",78.669998,80.220001,78.25,78.68,4085500,68.822212
"2015-08-04",79.110001,79.440002,78.089996,78.260002,3601300,68.454842
"2015-08-05",79.57,80.449997,78.190002,78.279999,3102700,68.472328
"2015-08-06",78.449997,79.860001,77.940002,79.639999,4605300,69.661957
"2015-08-07",79.269997,80.610001,78.970001,79.620003,2969400,69.644455
"2015-08-10",80.07,82.529999,80,82.519997,3876700,72.181099
"2015-08-11",81.07,83.809998,80.900002,83.699997,3584100,73.213257
"2015-08-12",83.370003,84.849998,82.129997,84.32,5037900,73.755577
"2015-08-13",83.199997,84.400002,82.489998,83.080002,4177400,73.156807
"2015-08-14",82.699997,83.519997,81.82,82.300003,3277000,72.469971
"2015-08-17",81.919998,83.129997,81.660004,83.059998,2586100,73.139191
"2015-08-18",82.68,83.57,82.379997,83.25,2516800,73.306503
"2015-08-19",82.699997,82.93,80.370003,80.800003,4913600,71.149132
"2015-08-20",80.239998,81.779999,79.419998,79.529999,3737800,70.030815
"2015-08-21",78.690002,79.080002,75.669998,75.739998,7353200,66.693504
"2015-08-24",71.93,73.82,69.790001,71.660004,7050100,63.100826
"2015-08-25",73.620003,74.120003,70.400002,70.550003,4731500,62.123405
"2015-08-26",72.5,73.370003,70.559998,73.300003,4573100,64.544952
"2015-08-27",75.029999,76.540001,73.169998,75.019997,5814300,66.059517
"2015-08-28",75.139999,77.260002,75.099998,77.230003,4889900,68.005539
"2015-08-31",79.5,80.139999,77.279999,79.07,8614300,69.625748
"2015-09-01",78.129997,78.419998,76.809998,77.589996,5302200,68.322533
"2015-09-02",79.139999,79.18,76.849998,78.559998,3621900,69.176689
"2015-09-03",79.099998,80.059998,77.769997,78.459999,3358300,69.088623
"2015-09-04",77.5,78.010002,76.709999,77.199997,4266100,67.979118
"2015-09-08",78.209999,79.970001,77.010002,79.879997,6212500,70.33902
"2015-09-09",80.059998,82.75,79.959999,80.650002,6346100,71.017059
"2015-09-10",81.209999,82.07,80.110001,81.019997,4424900,71.342842
"2015-09-11",80.830002,80.980003,79.720001,80.599998,3950700,70.973022
"2015-09-14",80.529999,80.529999,78.050003,78.209999,4261200,68.868477
"2015-09-15",78.400002,79.639999,77.730003,79.209999,4053900,69.749039
"2015-09-16",79.400002,79.589996,78.25,79.190002,4018400,69.73143
"2015-09-17",79.480003,80.760002,78.379997,79.309998,4060300,69.83709
"2015-09-18",78.089996,79.559998,77.800003,78.589996,12950800,69.203102
"2015-09-21",78.809998,80.5,78.480003,79.260002,3399100,69.793076
"2015-09-22",78.120003,78.75,77.760002,78.169998,2957200,68.833267
"2015-09-23",78.550003,79.529999,77.82,77.849998,2485200,68.551483
"2015-09-24",77.610001,78.419998,76.510002,77.650002,3727500,68.375381
"2015-09-25",78.18,78.800003,77.260002,77.940002,3193100,68.630722
"2015-09-28",77.459999,78.07,73.93,74.110001,4161900,65.258202
"2015-09-29",74.809998,75.989998,74.25,74.510002,4335400,65.61042
"2015-09-30",76.209999,77.279999,75.449997,76.839996,3901000,67.662102
"2015-10-01",77.629997,78.480003,76.519997,77.93,3044000,68.621918
"2015-10-02",77.110001,79.480003,76.449997,79.480003,2467100,69.986809
"2015-10-05",79.940002,82.290001,79.879997,81.82,3449600,72.047287
"2015-10-06",81.709999,83.489998,81.620003,82.580002,5355200,72.716522
"2015-10-07",82.93,83.790001,81.260002,83.239998,4013700,73.297691
"2015-10-08",82.970001,84.870003,82.370003,84.580002,3179500,74.477646
"2015-10-09",84.610001,84.790001,82.510002,83.519997,3104300,73.54425
"2015-10-12",83.75,84,82.730003,83.870003,1791100,73.852463
"2015-10-13",83,83.959999,82.010002,82.160004,3322200,72.346695
"2015-10-14",82.160004,83.400002,81.669998,82.470001,2172100,72.619667
"2015-10-15",83.029999,83.889999,81.860001,83.489998,2289700,73.517822
"2015-10-16",84.029999,84.769997,83.440002,84.120003,2679000,74.072578
"2015-10-19",83.419998,83.699997,81.480003,81.620003,3054100,71.871201
"2015-10-20",81.32,81.830002,80.080002,81.599998,2896000,71.853569
"2015-10-21",81.879997,81.900002,80.230003,80.5,2347500,70.884979
"2015-10-22",81.330002,82.849998,80.730003,82.610001,3323800,72.742935
"2015-10-23",82.610001,84.449997,82.410004,83.349998,2522900,73.394554
"2015-10-26",83.309998,83.68,82.410004,83,3124300,73.086365
"2015-10-27",82.339996,83.559998,82.059998,83.559998,2595800,73.579468
"2015-10-28",83.690002,85.330002,83.339996,84.889999,2672500,74.75061
"2015-10-29",84.519997,86.919998,84.519997,86.43,3568900,76.106674
"2015-10-30",88.32,90.82,87.300003,89.050003,7125400,78.413742
"2015-11-02",88.389999,91.5,88.300003,90.599998,4939700,79.77861
"2015-11-03",90.720001,93.290001,90.18,92.669998,3636600,81.601372
"2015-11-04",93,94.120003,92.5,93.330002,3933900,82.182526
"2015-11-05",93.339996,93.949997,92.610001,93.68,3115200,82.490715
"2015-11-06",93.209999,93.720001,92.040001,92.75,2447100,81.671814
"2015-11-09",92.75,94,91.389999,92.010002,2730500,81.020187
"2015-11-10",91.389999,92.940002,90.910004,92.099998,2299200,81.596062
"2015-11-11",91.809998,92.720001,90.410004,90.589996,2590000,80.258278
"2015-11-12",89.959999,89.959999,88.410004,89.239998,2692300,79.062241
"2015-11-13",89.260002,89.959999,87.919998,89.080002,3080000,78.920479
"2015-11-16",88.980003,91.099998,88.330002,91.07,2743500,80.68354
"2015-11-17",90.769997,91.980003,90.489998,91.120003,2306700,80.727829
"2015-11-18",91.279999,92.720001,91.260002,92.540001,1857500,81.985863
"2015-11-19",92.360001,92.980003,91.629997,92.379997,2367400,81.844124
"2015-11-20",92.550003,92.989998,91.519997,91.669998,2758700,81.215096
"2015-11-23",90.489998,92.5,90.480003,92.169998,2725700,81.658066
"2015-11-24",92.099998,93.910004,91.540001,93.129997,2807400,82.508583
"2015-11-25",93.07,94.059998,92.760002,92.769997,1949500,82.189644
"2015-11-27",92.290001,93.309998,92.110001,92.760002,769900,82.180771
"2015-11-30",93.089996,93.459999,91.339996,91.529999,4113100,81.091072
"2015-12-01",92.330002,92.949997,91.209999,92.669998,2580500,82.101044
"2015-12-02",92.160004,93,90.080002,90.440002,3024700,80.125381
"2015-12-03",91,91.279999,88.199997,88.57,2834600,78.468643
"2015-12-04",90.349998,90.669998,88.699997,90.199997,3025900,79.912766
"2015-12-07",88.620003,89.459999,85.720001,86.690002,5261600,76.80307
"2015-12-08",85.57,87.43,85.110001,86.449997,3427300,76.590431
"2015-12-09",86.510002,87.849998,85.199997,86.089996,2916800,76.271507
"2015-12-10",86.480003,87.550003,85.68,86.75,2694500,76.856216
"2015-12-11",85.459999,85.910004,82.519997,82.779999,4232800,73.339005
"2015-12-14",82.32,82.830002,80.279999,81.400002,5113500,72.116394
"2015-12-15",82.419998,83.300003,81.419998,81.779999,5233100,72.453056
"2015-12-16",81.550003,83.400002,81.550003,83.059998,3981600,73.587059
"2015-12-17",83,83.339996,81.760002,81.779999,3147700,72.453056
"2015-12-18",81.5,81.779999,79.68,80.559998,6246600,71.372192
"2015-12-21",81.019997,81.269997,79.470001,80.620003,2809400,71.425346
"2015-12-22",80.919998,82.279999,80.669998,81.699997,2623100,72.382179
"2015-12-23",82.709999,84.849998,82.139999,84.800003,3113800,75.128609
"2015-12-24",84.529999,84.980003,83.809998,84.360001,1054200,74.738792
"2015-12-28",83.18,83.559998,81.910004,82.459999,1690500,73.055489
"2015-12-29",83.720001,83.870003,82.580002,82.769997,1906100,73.330139
"2015-12-30",82.309998,83.410004,81.870003,82.010002,1527700,72.656822
"2015-12-31",81.5,82.410004,81.209999,81.800003,2095800,72.470779
"2016-01-04",81.209999,81.889999,79.360001,80.080002,3251400,70.946938
"2016-01-05",80.370003,81.190002,80.050003,81,2849900,71.762016
"2016-01-06",79.120003,80,77.599998,78.029999,4273300,69.130737
"2016-01-07",76.669998,78.110001,75.949997,76.449997,6358000,67.730934
"2016-01-08",76.919998,77.18,75.150002,75.209999,6010000,66.63237
"2016-01-11",75.860001,77.510002,74.370003,76.18,4356000,67.491722
"2016-01-12",76.709999,78.379997,76,77.82,5370100,68.944687
"2016-01-13",78.910004,78.93,74.540001,75.25,6500200,66.667778
"2016-01-14",75.93,80.080002,74.32,79.279999,5363500,70.238159
"2016-01-15",76.919998,78.599998,76.610001,78.470001,5343200,69.520546
"2016-01-19",80.379997,80.639999,77.480003,78.669998,4574300,69.697731
"2016-01-20",76.900002,78.209999,75.370003,76.93,5169900,68.156189
"2016-01-21",76.709999,77.230003,75.290001,76.040001,4360700,67.367706
"2016-01-22",78.449997,80.900002,77.599998,80.029999,4035600,70.902649
"2016-01-25",79.07,79.739998,76.169998,76.230003,4273700,67.536041
"2016-01-26",76.910004,77.800003,76.190002,77.760002,3177200,68.891533
"2016-01-27",77.139999,79.769997,76.419998,77.730003,4782100,68.86496
"2016-01-28",79.239998,80,77,78.699997,5161000,69.724304
"2016-01-29",78.099998,80.230003,75.800003,80.150002,7448400,71.008957
"2016-02-01",79.68,80.660004,77.82,79.480003,4487700,70.415367
"2016-02-02",78.580002,79.440002,77.800003,78.5,4295400,69.547127
"2016-02-03",79.510002,79.940002,76.760002,79.099998,7337500,70.078697
"2016-02-04",79.089996,80.919998,78.599998,79.879997,5657700,70.769737
"2016-02-05",79.629997,80.480003,77.919998,78.330002,4650400,69.396515
"2016-02-08",78.330002,78.330002,73.300003,76.279999,7979800,67.580315
"2016-02-09",75.769997,76.620003,74.669998,75.440002,4348600,66.836121
"2016-02-10",76.019997,77.099998,74.669998,75.290001,5693400,66.703232
"2016-02-11",73.529999,75.040001,71.739998,72.900002,7720800,65.069801
"2016-02-12",74,75.32,73.839996,75.199997,4217700,67.122749
"2016-02-16",76.760002,78.279999,75.860001,78.25,5690300,69.845139
"2016-02-17",79.089996,80.889999,78.879997,80.589996,4464600,71.933792
"2016-02-18",81.339996,81.75,78.889999,79.440002,4609000,70.907326
"2016-02-19",78.75,80.18,78.389999,80.089996,3173500,71.487503
"2016-02-22",80.089996,81.419998,80.089996,80.870003,3278100,72.183731
"2016-02-23",80.400002,80.610001,78.529999,78.559998,3323400,70.121834
"2016-02-24",77.519997,79.150002,77.349998,79.089996,3667200,70.59491
"2016-02-25",79.25,79.330002,77.620003,78.760002,3297200,70.300369
"2016-02-26",79.519997,80.190002,78.919998,79.099998,2490100,70.603844
"2016-02-29",79.400002,80.379997,78.93,79.389999,3106400,70.862701
"2016-03-01",80.010002,83.790001,79.699997,83.410004,6029000,74.45092
"2016-03-02",83.150002,84.639999,82.839996,84.57,3585500,75.486298
"2016-03-03",84.940002,86.580002,84.550003,86.089996,3831300,76.843033
"2016-03-04",86.5,86.599998,84.839996,85.779999,2891100,76.566338
"2016-03-07",85.379997,87.830002,85.07,87.410004,3741800,78.021263
"2016-03-08",86.889999,87.75,84.75,84.800003,3514400,75.691589
"2016-03-09",85.519997,87.230003,85.199997,86.089996,3076700,76.843033
"2016-03-10",86.07,86.07,84.120003,85.43,2464600,76.253937
"2016-03-11",86.25,86.730003,85.110001,86.43,2914700,77.14653
"2016-03-14",85.669998,86.5,85.290001,86.18,2028600,76.923378
"2016-03-15",85,86.669998,84.900002,86.599998,2208900,77.298256
"2016-03-16",86.629997,87.900002,86.370003,87.57,2351800,78.164078
"2016-03-17",88.010002,88.660004,86.440002,88.379997,2463500,78.88707
"2016-03-18",88.800003,89.650002,88.129997,89.410004,5398200,79.806442
"2016-03-21",89.150002,89.959999,89.110001,89.690002,2170200,80.056366
"2016-03-22",89.620003,90.870003,89.029999,90.160004,2171400,80.475883
"2016-03-23",89.940002,89.940002,87.879997,88.120003,2012500,78.654999
"2016-03-24",86.970001,88.120003,86.57,88.059998,2547300,78.601448
"2016-03-28",87.870003,88.129997,87.07,87.489998,2083500,78.092682
"2016-03-29",86.800003,87.730003,86.019997,87.43,1974600,78.039124
"2016-03-30",88.190002,88.610001,86.980003,87.620003,1850900,78.208694
"2016-03-31",87.269997,87.809998,86.209999,86.589996,2810600,77.289337
"2016-04-01",85.599998,85.959999,84.879997,85.669998,2639100,76.468155
"2016-04-04",85.699997,86.660004,85.290001,85.730003,1817400,76.521729
"2016-04-05",85.080002,85.690002,84.209999,84.809998,2126100,75.700531
"2016-04-06",85.349998,85.620003,83.260002,85.019997,3172000,75.88797
"2016-04-07",84.599998,85.019997,83.830002,84.510002,1751800,75.432762
"2016-04-08",85.800003,86.809998,85.269997,86.059998,2741300,76.816254
"2016-04-11",86.5,86.849998,84.559998,84.580002,2158100,75.495247
"2016-04-12",84.669998,86.089996,84.059998,85.980003,2587500,76.744858
"2016-04-13",86.480003,87.099998,85.800003,87.010002,2089200,77.66423
"2016-04-14",87.110001,87.629997,86.57,86.919998,1735400,77.583893
"2016-04-15",86.660004,86.660004,84.849998,84.849998,2723400,75.736229
"2016-04-18",84.849998,85.730003,83.910004,85.650002,2454600,76.450294
"2016-04-19",85.720001,86.5,85.290001,86.419998,1935800,77.137596
"2016-04-20",85.910004,87.209999,84.809998,86.690002,2344300,77.378601
"2016-04-21",86.839996,87.650002,86.080002,87.400002,2270700,78.012329
"2016-04-22",87.639999,88.459999,87.379997,87.980003,2038900,78.530037
"2016-04-25",87.900002,88.239998,86.889999,87.93,1730700,78.485405
"2016-04-26",88.449997,88.849998,87.82,88.400002,1654800,78.90493
"2016-04-27",88.849998,89.309998,88.010002,88.949997,2451700,79.395851
"2016-04-28",88.360001,89.059998,87.339996,87.790001,3039000,78.360458
"2016-04-29",85.209999,86.029999,81.150002,82.110001,7296800,73.290543
"2016-05-02",82.440002,82.5,79.980003,82.199997,4486800,73.370872
"2016-05-03",80.699997,80.980003,79.449997,80.010002,4397100,71.4161
"2016-05-04",79.900002,80.389999,78.489998,79.32,2996800,70.800201
"2016-05-05",80.019997,80.82,78.440002,79.080002,2830500,70.585999
"2016-05-06",78.709999,80.18,78.269997,78.519997,3802800,70.086136
"2016-05-09",78.5,78.529999,76.879997,78.32,3064600,69.907623
"2016-05-10",78.760002,79.690002,78.660004,79.25,2236500,70.737732
"2016-05-11",79.160004,80.360001,78.620003,79.389999,2652200,70.862701
"2016-05-12",80,80.099998,77.839996,78.25,2603500,69.845139
"2016-05-13",78.25,79.139999,77.910004,78.339996,3029400,69.925476
"2016-05-16",78.220001,78.800003,77.199997,78.68,3107000,70.798309
"2016-05-17",78.559998,79.300003,78.040001,78.309998,2235800,70.465363
"2016-05-18",78.290001,79.480003,77.720001,78.129997,2508400,70.303406
"2016-05-19",77.550003,77.959999,76.68,77.650002,2240900,69.871498
"2016-05-20",78.150002,78.459999,77.489998,77.900002,2352300,70.096451
"2016-05-23",77.510002,78.629997,77.400002,77.82,2498900,70.024445
"2016-05-24",78.599998,80,78.489998,79.699997,3454500,71.716125
"2016-05-25",80.089996,80.470001,79.470001,80.129997,2917400,72.10305
"2016-05-26",80.419998,80.599998,79.120003,80.040001,3572100,72.022064
"2016-05-27",80.050003,80.800003,79.75,80.629997,2319000,72.552963
"2016-05-31",80.900002,81.080002,79.860001,80.360001,5908500,72.310005
"2016-06-01",79.900002,80.959999,79.389999,80.849998,3022500,72.750908
"2016-06-02",80.57,81.43,80.519997,80.830002,2303700,72.732925
"2016-06-03",80.610001,80.889999,79.389999,80.129997,2985100,72.10305
"2016-06-06",80.610001,80.769997,80.080002,80.760002,2185000,72.669945
"2016-06-07",80.870003,81.580002,80.540001,81.32,2708400,73.173843
"2016-06-08",81.580002,82.419998,81.010002,82.370003,3595800,74.118668
"2016-06-09",81.650002,81.889999,80.879997,81.129997,3298200,73.002884
"2016-06-10",80.25,80.660004,79.629997,80.07,2341400,72.049065
"2016-06-13",79.730003,79.940002,78.669998,78.800003,3347700,70.906281
"2016-06-14",78.629997,79.339996,77.629997,78.900002,2638700,70.996269
"2016-06-15",78.629997,79.970001,78.110001,79.139999,2321700,71.212227
"2016-06-16",78.470001,79.57,78.099998,79.43,1867400,71.473175
"2016-06-17",79.339996,79.459999,78.279999,78.5,4086500,70.636353
"2016-06-20",79.529999,80.239998,78.959999,79.059998,2748300,71.140244
"2016-06-21",79.300003,79.580002,78.230003,79.349998,2331100,71.401192
"2016-06-22",79.370003,80.300003,79.150002,79.540001,1842100,71.572159
"2016-06-23",80.019997,80.870003,79.599998,80.870003,2097300,72.768921
"2016-06-24",78.290001,79.739998,78.290001,78.620003,6031800,70.744331
"2016-06-27",78.190002,78.519997,76.400002,76.900002,3474000,69.196617
"2016-06-28",78,78.790001,77.07,78.75,2479000,70.861305
"2016-06-29",79.209999,80.010002,79.080002,79.699997,2348700,71.716125
"2016-06-30",79.400002,79.489998,77.709999,79.339996,3505600,71.392181
"2016-07-01",79.07,79.910004,78.959999,79.779999,2661000,71.788116
"2016-07-05",78.970001,79.32,77.400002,77.93,3063900,70.123428
"2016-07-06",77.260002,77.330002,74.839996,76.370003,5344900,68.719704
"2016-07-07",76.589996,77.099998,73.669998,74.269997,6056100,66.830078
"2016-07-08",74.540001,75.470001,74.059998,74.849998,4058200,67.351959
"2016-07-11",74.849998,75.580002,74.760002,75.209999,2704900,67.675903
"2016-07-12",75.989998,77.190002,75.720001,76.400002,3309200,68.746704
"2016-07-13",76.080002,76.510002,74.82,76.25,3586500,68.611732
"2016-07-14",76.360001,76.809998,76.059998,76.610001,2901000,68.935661
"2016-07-15",76.910004,76.910004,75.5,75.660004,2977600,68.080841
"2016-07-18",75.769997,76.07,75,75.650002,2418400,68.071831
"2016-07-19",75.730003,75.940002,75.32,75.739998,2018000,68.152809
"2016-07-20",75.739998,76.019997,75,75.339996,2144500,67.792877
"2016-07-21",75.550003,76.169998,74.949997,75.120003,2631000,67.594933
"2016-07-22",75.120003,75.400002,74.610001,75.389999,1688300,67.837875
"2016-07-25",75.029999,75.120003,73.970001,74.470001,3318200,67.010048
"2016-07-26",74.470001,76.300003,74.370003,76.230003,2901700,68.59375
"2016-07-27",76.43,76.870003,75.269997,75.400002,3108500,67.846878
"2016-07-28",75.690002,76.379997,75.089996,76.25,4051900,68.611732
"2016-07-29",75.379997,76.160004,73.82,76.059998,5548800,68.440758
"2016-08-01",75.300003,75.629997,74.019997,74.260002,3399600,66.821075
"2016-08-02",74.529999,76.330002,74.510002,76.150002,4528300,68.521751
"2016-08-03",76.599998,78.739998,76.300003,78.660004,4582400,70.780327
"2016-08-04",78.370003,78.830002,77.309998,77.540001,2692900,69.772499
"2016-08-05",77.709999,78.610001,77.5,78.279999,1619100,70.438377
"2016-08-08",78.889999,79.519997,78.480003,78.580002,2327900,70.708321
"2016-08-09",78.760002,78.790001,76.580002,76.720001,3052700,69.034637
"2016-08-10",76.889999,77.860001,76.5,76.949997,2228200,69.241592
"2016-08-11",77.419998,78.470001,77,78.160004,1962200,70.330391
"2016-08-12",78.389999,78.900002,78,78.809998,2454500,70.915276
"2016-08-15",79.150002,79.25,78.220001,78.589996,2808000,70.717316
"2016-08-16",78.120003,78.25,77.709999,77.980003,1624800,70.735474
"2016-08-17",78.059998,78.209999,77.260002,77.709999,2642600,70.490547
"2016-08-18",77.980003,78.18,77.18,77.949997,3632100,70.708237
"2016-08-19",77.629997,78.690002,77.510002,78.050003,2400300,70.798958
"2016-08-22",77.519997,77.660004,76.800003,76.970001,2252000,69.81929
"2016-08-23",77.169998,78.190002,76.959999,77.82,1724100,70.590332
"2016-08-24",77.800003,78.230003,77.199997,77.68,1655700,70.463326
"2016-08-25",77.889999,79.449997,77.830002,79.07,3666000,71.72419
"2016-08-26",79.099998,79.699997,78.169998,78.620003,2061300,71.316017
"2016-08-29",78.860001,79.300003,78.650002,78.879997,1782300,71.551834
"2016-08-30",78.879997,79.790001,78.879997,79.330002,1980800,71.960052
"2016-08-31",79.150002,79.370003,78.110001,78.449997,2648800,71.161797
"2016-09-01",78.93,78.93,77.660004,78.290001,2165400,71.016663
"2016-09-02",78.970001,79.029999,78.480003,78.870003,1561100,71.542793
"2016-09-06",79.279999,79.339996,78.760002,79.110001,2729900,71.760468
"2016-09-07",79.239998,79.989998,79.150002,79.589996,3312500,72.195885
"2016-09-08",79.800003,80.459999,79.470001,80.080002,2001800,72.640373
"2016-09-09",79.389999,79.410004,77.860001,77.860001,2834200,70.626602
"2016-09-12",77.489998,79.209999,77.169998,78.839996,2224700,71.515564
"2016-09-13",78,78.050003,77.120003,77.25,4007800,70.073273
"2016-09-14",77.139999,78.230003,76.760002,76.970001,3115100,69.81929
"2016-09-15",77.43,79.529999,77.099998,79.099998,2875300,71.751411
"2016-09-16",78.32,79.290001,78.230003,79.089996,7599600,71.742348
"2016-09-19",79.760002,80.879997,79.18,80.349998,3205500,72.885284
"2016-09-20",80.349998,80.470001,79.580002,79.580002,2218400,72.186813
"2016-09-21",79.82,80.190002,79.370003,80.07,2133400,72.631302
"2016-09-22",80.5,81.080002,80.010002,80.029999,1728500,72.595016
"2016-09-23",79.690002,79.949997,79.059998,79.580002,2065100,72.186813
"2016-09-26",79.779999,80.269997,79.389999,79.470001,2351000,72.087044
"2016-09-27",79.019997,79.82,78.919998,79.410004,2274600,72.032616
"2016-09-28",79.730003,81.309998,79.300003,81.190002,2954500,73.647255
"2016-09-29",81.050003,81.190002,78.860001,79.279999,4121800,71.914688
"2016-09-30",79.919998,80.959999,79.550003,80.550003,2819900,73.066711
"2016-10-03",80.419998,80.769997,79.809998,80.410004,1702800,72.939728
"2016-10-04",80.339996,81.269997,79.739998,79.82,1985400,72.404526
"2016-10-05",80.589996,81.410004,80.360001,81.089996,2358100,73.556534
"2016-10-06",81.18,81.5,80.040001,80.769997,1828800,73.266243
"2016-10-07",81,81.07,80,80.389999,1614700,72.921577
"2016-10-10",80.860001,81.440002,80.800003,81.300003,1338500,73.747025
"2016-10-11",81.239998,81.339996,80.18,80.559998,1581600,73.075783
"2016-10-12",80.559998,80.559998,79.510002,79.809998,1664600,72.395447
"2016-10-13",79.18,79.459999,78.059998,79.150002,2185300,71.796776
"2016-10-14",79.739998,80.120003,79.209999,79.309998,1420800,71.941887
"2016-10-17",79.309998,79.720001,78.75,79.139999,2397000,71.787697
"2016-10-18",79.730003,79.989998,79.300003,79.589996,1339300,72.195885
"2016-10-19",79.910004,80.110001,79.449997,79.669998,1737400,72.268456
"2016-10-20",79.400002,79.919998,78.910004,79.739998,1407300,72.331947
"2016-10-21",79.209999,80.43,78.800003,80.349998,2070800,72.885284
"2016-10-24",80.529999,81.029999,79.870003,80.589996,1490300,73.102982
"2016-10-25",80.290001,81.080002,79.940002,80.760002,2263300,73.257187
"2016-10-26",80.279999,81.510002,80.110001,81.059998,2064900,73.52932
"2016-10-27",81.120003,81.260002,79.860001,79.989998,2434400,72.558716
"2016-10-28",79.230003,81.760002,79,80.129997,2977400,72.685715
"2016-10-31",80.199997,81.989998,80.019997,81.150002,2819800,73.610962
"2016-11-01",82.349998,83.209999,79.470001,80.25,4350600,72.794571
"2016-11-02",79.5,79.809998,78.010002,78.339996,2958400,71.062012
"2016-11-03",78.589996,79.800003,77.660004,79.080002,2530700,71.733284
"2016-11-04",78.879997,79.550003,78.260002,78.599998,1568500,71.297867
"2016-11-07",79.620003,80.230003,79.519997,79.93,2051400,72.504311
"2016-11-08",79.720001,80.730003,79.610001,79.889999,1617300,72.468018
"2016-11-09",79.290001,83.160004,78.93,82.449997,4490400,74.790199
"2016-11-10",82.339996,83.760002,82.190002,83.089996,3188500,75.370728
"2016-11-11",82.900002,83.089996,81.870003,82.220001,2185500,74.581566
"2016-11-14",82.220001,83.5,82.029999,83.360001,2602400,75.615631
"2016-11-15",83.360001,83.779999,82.5,83.699997,2991100,76.502228
"2016-11-16",83.650002,83.82,82.779999,83,1601300,75.862442
"2016-11-17",83.720001,84.610001,83.300003,83.830002,2294800,76.621048
"2016-11-18",83.889999,84.18,83.529999,83.639999,2220300,76.447388
"2016-11-21",84.480003,84.93,83.970001,84.860001,2118400,77.562485
"2016-11-22",84.959999,85.629997,84.169998,84.879997,2853900,77.58075
"2016-11-23",84.839996,85.599998,84.480003,85.059998,2681300,77.74527
"2016-11-25",84.82,84.919998,84.510002,84.889999,972200,77.58989
"2016-11-28",84.800003,85.029999,84.019997,84.089996,3389300,76.858681
"2016-11-29",83.360001,83.5,82.300003,82.389999,2150500,75.304878
"2016-11-30",83.099998,83.809998,82.330002,83.080002,4999400,75.935555
"2016-12-01",83.919998,85.800003,83.599998,84.980003,3535500,77.672173
"2016-12-02",84.75,85.699997,84.699997,84.879997,2104400,77.58075
"2016-12-05",85.379997,85.889999,84.889999,85.440002,2811300,78.092621
"2016-12-06",85.129997,85.43,84.559998,84.910004,2564200,77.608177
"2016-12-07",85.080002,87.099998,84.940002,87.010002,2687000,79.527588
"2016-12-08",87.059998,87.970001,86.919998,87.629997,2240700,80.094269
"2016-12-09",87.690002,87.690002,86.860001,87.160004,1513000,79.66468
"2016-12-12",88,88.480003,86.730003,87.300003,1844200,79.792656
"2016-12-13",87.739998,88.870003,87.330002,88.169998,1976900,80.587822
"2016-12-14",87.650002,88.059998,86.349998,86.419998,2667500,78.988327
"2016-12-15",86.120003,87.089996,85.93,86.57,2133800,79.125427
"2016-12-16",86.800003,87.559998,86.540001,87.459999,2295800,79.938896
"2016-12-19",87.190002,87.440002,86.849998,87.169998,1516800,79.67382
"2016-12-20",87.379997,87.489998,86.669998,86.940002,1483700,79.463623
"2016-12-21",87.110001,87.230003,86.559998,86.779999,1512600,79.317368
"2016-12-22",86.699997,87.93,86.440002,87.559998,1456700,80.030289
"2016-12-23",87.279999,87.900002,87.279999,87.720001,948800,80.176529
"2016-12-27",87.870003,88.139999,87.610001,87.739998,926600,80.194809
"2016-12-28",87.730003,87.959999,87.029999,87.120003,1359800,79.628136
"2016-12-29",87.010002,87.489998,86.360001,86.650002,1035700,79.198555
"2016-12-30",86.650002,87.050003,86.010002,86.410004,1374800,78.979195
"2017-01-03",87.309998,87.919998,86.650002,86.790001,2257900,79.326492
"2017-01-04",87.169998,88.260002,87.080002,87.260002,2306900,79.756096
"2017-01-05",87.260002,88.120003,86.660004,86.739998,2056300,79.280792
"2017-01-06",86.779999,86.970001,85.279999,85.400002,1989400,78.056038
"2017-01-09",84.910004,84.910004,83.75,84.019997,2581900,76.794708
"2017-01-10",84,85.18,83.589996,83.760002,3697700,76.557068
"2017-01-11",83.910004,85.599998,83.800003,84.889999,3543500,77.58989
"2017-01-12",85.089996,85.120003,83.510002,84.339996,2169400,77.087196
"2017-01-13",84.059998,84.160004,83.07,83.290001,2242900,76.127495
"2017-01-17",83.209999,84.650002,83.080002,83.559998,2379700,76.374283
"2017-01-18",83.519997,84.510002,83.5,84.129997,1967400,76.895256
"2017-01-19",83.949997,84.080002,82.68,82.989998,1929600,75.853279
"2017-01-20",83.489998,84.029999,82.580002,83.040001,2068200,75.898972
"2017-01-23",83.279999,83.370003,82.019997,82.199997,2033700,75.131226
"2017-01-24",82.639999,84.459999,82.550003,84.190002,2398500,76.950096
"2017-01-25",84.709999,85.290001,84.470001,85,1707900,77.690422
"2017-01-26",85.18,85.339996,84.029999,84.239998,1618200,76.995781
"2017-01-27",84.010002,84.349998,82.5,82.769997,2099300,75.652206
"2017-01-30",82.5,82.75,81.690002,82.330002,2375000,75.250046
"2017-01-31",82,82.370003,81.150002,81.620003,2740200,74.601105
"2017-02-01",82.110001,82.32,80.360001,80.75,3030200,73.805901
"2017-02-02",80.93,81.260002,80.230003,81.050003,3386800,74.080116
"2017-02-03",80.5,81.199997,78.82,79.949997,3672500,73.074707
"2017-02-06",80,80.190002,79,79.139999,3016700,72.334373
"2017-02-07",79.099998,79.139999,77.809998,78.550003,3255400,71.795097
"2017-02-08",78.25,79.019997,77.809998,78.860001,3042800,72.078445
"2017-02-09",78.860001,79.629997,78.860001,79.25,2596900,72.434906
"2017-02-10",79.419998,79.980003,79.379997,79.860001,2030700,72.992447
"2017-02-13",79.860001,80.120003,79.57,79.900002,2111900,73.029007
"2017-02-14",79.980003,80.099998,79.150002,79.980003,2543900,73.102119
"2017-02-15",79.730003,80.389999,79.660004,80.080002,2272800,73.193527
"2017-02-16",79.599998,79.690002,78.400002,78.5,2939200,72.318352
"2017-02-17",78.489998,79.239998,78.349998,78.660004,2219200,72.465752
"2017-02-21",79.080002,79.389999,78.760002,79.029999,2833700,72.806595
"2017-02-22",79,79,78.220001,78.379997,2017500,72.207794
"2017-02-23",79,79.349998,78.360001,78.610001,1864600,72.419685
"2017-02-24",78.389999,78.489998,77.690002,78.029999,2225500,71.885361
"2017-02-27",78.199997,79.190002,78,78.860001,2648400,72.649994
"2017-02-28",78.779999,79.139999,78.110001,78.190002,3243100,72.032761
"2017-03-01",78.910004,80.029999,78.879997,79.370003,3204500,73.119835
"2017-03-02",79.279999,79.349998,78.160004,78.330002,2550400,72.161736
"2017-03-03",78.5,79.029999,78.18,78.339996,1737700,72.170937
"2017-03-06",78.160004,78.889999,78.010002,78.720001,1848200,72.521011
"2017-03-07",78.610001,78.809998,77.389999,77.480003,2679200,71.378662
"2017-03-08",77.610001,78.309998,77.129997,77.25,2817600,71.166779
"2017-03-09",77.019997,77.400002,76.279999,76.839996,2684500,70.789063
"2017-03-10",77.18,78.980003,76.589996,78.860001,5038100,72.649994
"2017-03-13",78.910004,79.489998,78.709999,79.010002,2178700,72.788185
"2017-03-14",78.5,78.769997,78.160004,78.510002,2343400,72.32756
"2017-03-15",78.940002,80.279999,78.940002,80.150002,2411800,73.838409
"2017-03-16",80.059998,80.099998,79.419998,79.690002,2474600,73.41465
"2017-03-17",79.860001,80.089996,79.629997,79.940002,2799600,73.644951
"2017-03-20",79.879997,79.989998,79.099998,79.410004,2285400,73.156685
"2017-03-21",79.489998,79.779999,78.260002,78.599998,4631300,72.410469
"2017-03-22",78.300003,78.940002,77.839996,78.830002,3026800,72.622368
"2017-03-23",78.57,79.190002,78.43,78.480003,2211800,72.299911
"2017-03-24",78.419998,78.669998,77.120003,77.269997,2359700,71.185204
"2017-03-27",76.970001,77.790001,76.660004,77.25,2089300,71.166779
"2017-03-28",77.410004,78.110001,77.080002,77.919998,2388500,71.784012
"2017-03-29",77.809998,78.5,77.540001,78.32,2282000,72.152519
"2017-03-30",78.379997,78.849998,77.940002,78.589996,3241500,72.401253
"2017-03-31",78.489998,79.43,78.410004,79.220001,2744100,72.981644
"2017-04-03",79.089996,79.220001,78,78.290001,1711600,72.124886
"2017-04-04",78.5,78.550003,77.669998,78.43,1368100,72.253845
"2017-04-05",78.739998,79.480003,77.529999,77.57,2867200,71.461578
"2017-04-06",77.589996,77.650002,76.650002,76.879997,3322400,70.825912
"2017-04-07",76.959999,77.660004,76.529999,77.150002,2484300,71.074646
"2017-04-10",77.510002,78.650002,77.5,78.050003,2503900,71.903786
"2017-04-11",77.809998,77.970001,77.150002,77.879997,2042900,71.747162
"2017-04-12",78.129997,78.260002,77.260002,77.379997,2006100,71.286537
"2017-04-13",77.260002,77.690002,76.459999,76.669998,2606600,70.632454
"2017-04-17",76.660004,77.010002,76.57,77.010002,1548800,70.945686
"2017-04-18",76.650002,76.989998,75.639999,75.93,2326300,69.950722
"2017-04-19",75.940002,76.150002,75.139999,75.330002,2511300,69.397972
"2017-04-20",75.5,76.370003,75.330002,75.75,1682300,69.784912
"2017-04-21",75.599998,76.589996,75.599998,76.349998,2561100,70.337646
"2017-04-24",77.120003,77.589996,76.739998,77.510002,2483300,71.406311
"2017-04-25",77.599998,78.18,77.25,78.080002,2632800,71.931412
"2017-04-26",77.93,78.889999,77.660004,78.110001,2977500,71.959068
"2017-04-27",78.010002,78.129997,76.93,78.050003,3001200,71.903786
"2017-04-28",79.599998,80.940002,79.07,79.559998,5260800,73.294861
"2017-05-01",79.519997,80.349998,79.32,79.559998,2632700,73.294861
"2017-05-02",79.93,80.07,79.059998,79.260002,2202900,73.018494
"2017-05-03",78.910004,79.75,78.739998,79.589996,1946200,73.322502
"2017-05-04",79.300003,79.300003,78,78.239998,2163800,72.078812
"2017-05-05",78.330002,79.43,78.32,79.349998,1764000,73.10141
"2017-05-08",79.07,79.730003,78.790001,79.639999,1867800,73.368576
"2017-05-09",79.540001,80.110001,79.379997,79.599998,1455800,73.331726
"2017-05-10",79.769997,80.040001,79.459999,79.75,1690500,73.46991
"2017-05-11",79.900002,80.019997,79.209999,79.519997,1440400,73.258034
"2017-05-12",79.470001,79.980003,79.300003,79.790001,1439900,73.506767
"2017-05-15",80.290001,80.68,79.830002,80.120003,1725800,73.810776
"2017-05-16",79.440002,79.470001,78.220001,78.540001,2011800,72.99292
"2017-05-17",78.540001,78.779999,77.629997,77.669998,2208700,72.184372
"2017-05-18",77.379997,77.940002,76.809998,77.550003,2534400,72.072861
"2017-05-19",77.660004,78.529999,77.349998,78.25,2293200,72.723404
"2017-05-22",78.309998,78.790001,78.209999,78.550003,1386600,73.002228
"2017-05-23",78.75,78.790001,78.089996,78.139999,2977000,72.62117
"2017-05-24",78.110001,78.610001,77.910004,78.279999,1424900,72.751305
"2017-05-25",78.510002,78.879997,77.220001,77.419998,2765100,71.952042
"2017-05-26",77.629997,77.910004,77.150002,77.440002,2300400,71.970619
"2017-05-30",77.279999,77.68,76.82,77,1920200,71.561699
"2017-05-31",76.900002,77.230003,76,76.110001,3842300,70.73455
"2017-06-01",76.379997,76.709999,75.900002,76.620003,2503800,71.208534
"2017-06-02",76.169998,76.809998,75.849998,76.370003,2150900,70.976196
"2017-06-05",76.190002,77.230003,76.190002,76.860001,2251900,71.43158
"2017-06-06",76.690002,77.099998,76.32,77.040001,1707200,71.598862
"2017-06-07",76.639999,77.160004,76.349998,76.959999,2556000,71.524529
"2017-06-08",76.959999,77.940002,76.800003,77.400002,2434700,71.933441
"2017-06-09",77.360001,79.699997,77.300003,79.57,2832800,73.950188
"2017-06-12",79.57,80.480003,79.57,80.209999,2971200,74.544975
"2017-06-13",80.290001,80.730003,79.900002,80.629997,1843100,74.935318
"2017-06-14",80.589996,80.639999,78.75,78.779999,2810800,73.215973
"2017-06-15",78.610001,79.379997,78.529999,79.080002,2157300,73.494781
"2017-06-16",79.43,80.980003,79.209999,80.940002,4870900,75.223427
"2017-06-19",80.989998,81.519997,80.849998,81.239998,2757400,75.502235
"2017-06-20",80.300003,80.599998,78.910004,79.550003,2299700,73.931602
"2017-06-21",79.550003,79.769997,78.629997,78.889999,2073900,73.318214
"2017-06-22",79.019997,79.410004,78.629997,78.910004,1016100,73.3368
"2017-06-23",78.82,80.370003,78.800003,80.269997,2696600,74.600739
"2017-06-26",80.279999,80.650002,80.059998,80.239998,1512900,74.572861
"2017-06-27",80.389999,81.300003,80.239998,80.540001,1653900,74.851669
"2017-06-28",81,82.129997,80.989998,81.790001,2317500,76.01339
"2017-06-29",82.099998,82.82,81.790001,81.870003,2514000,76.087746
"2017-06-30",82.32,83.110001,81.919998,82.690002,2458700,76.849823
"2017-07-03",82.970001,83.870003,82.919998,83.339996,1076900,77.453918
"2017-07-05",83.25,83.25,82.150002,82.330002,1974200,76.515251
"2017-07-06",82.400002,82.599998,81.690002,81.889999,1590800,76.106339
"2017-07-07",81.919998,82.82,81.550003,82.599998,1710800,76.766167
"2017-07-10",82.480003,82.870003,82.330002,82.459999,1498700,76.636078
"2017-07-11",82.279999,82.75,81.910004,82.360001,1365400,76.543121
"2017-07-12",82.830002,83.099998,81.910004,82.239998,1606000,76.431602
"2017-07-13",81.940002,82.25,81.110001,81.720001,2318400,75.948326
"2017-07-14",81.860001,82.349998,81.650002,82.199997,1435800,76.394432
"2017-07-17",81.919998,82.220001,81.639999,81.809998,1843700,76.031967
"2017-07-18",82.089996,82.129997,81.510002,81.959999,1339100,76.171379
"2017-07-19",81.949997,82.940002,81.860001,82.919998,1666200,77.063583
"2017-07-20",82.970001,83.120003,81.989998,82.360001,1167700,76.543121
"2017-07-21",82.309998,83.330002,81.980003,82.849998,2190600,76.99852
"2017-07-24",82.690002,83.019997,82.519997,82.650002,1417900,76.812653
"2017-07-25",83.209999,84.68,83.209999,84.449997,2335600,78.485512
"2017-07-26",84.690002,84.720001,83.620003,83.699997,1753700,77.78849
"2017-07-27",83.529999,84.93,83.339996,84.510002,2188400,78.541283
"2017-07-28",84.239998,84.650002,83.489998,83.650002,2169400,77.742012
"2017-07-31",83.879997,84.389999,83.75,83.75,3641500,77.834953
"2017-08-01",84.040001,85.809998,84,85.629997,2696700,79.582176
"2017-08-02",85.449997,87.300003,85.379997,86.669998,2952400,80.548721
"2017-08-03",86.769997,87.120003,85.589996,85.650002,2430100,79.600761
"2017-08-04",85.690002,86.190002,85.580002,85.599998,2087500,79.554298
"2017-08-07",85.529999,85.589996,84.879997,85.07,2187200,79.061737
"2017-08-08",84.839996,85.309998,84.529999,85.019997,1848000,79.015251
"2017-08-09",85,85.559998,84.32,84.489998,2297100,78.522697
"2017-08-10",84.419998,84.75,83.480003,83.639999,1850500,77.732719
"2017-08-11",83.089996,83.800003,82.959999,83.440002,1858200,77.546852
"2017-08-14",83.599998,84.300003,83.440002,83.879997,1758700,77.95578
"2017-08-15",83.75,84.080002,83.239998,83.68,1907600,77.769897
"2017-08-16",83.309998,83.480003,82.760002,83.029999,2138400,77.816765
"2017-08-17",82.669998,83.010002,80.889999,80.889999,2359100,75.811134
"2017-08-18",80.800003,82.169998,80.730003,81.559998,2288900,76.439064
"2017-08-21",81.410004,82.040001,81.139999,81.900002,1686900,76.757706
"2017-08-22",82.120003,82.599998,81.989998,82.230003,1709100,77.067001
"2017-08-23",81.970001,82.650002,81.879997,82.360001,1159800,77.188828
"2017-08-24",82.059998,84.410004,82.059998,83.870003,2463200,78.604027
"2017-08-25",84.300003,84.839996,83.370003,83.419998,1778600,78.182289
"2017-08-28",84.110001,84.599998,83.519997,83.650002,2285600,78.397842
"2017-08-29",83.5,83.989998,83.25,83.5,1696800,78.257248
"2017-08-30",83.5,83.739998,82.949997,83.599998,1853600,78.350975
"2017-08-31",83.970001,83.980003,83.120003,83.809998,2446000,78.547783
"2017-09-01",83.870003,84.610001,83.190002,84.43,2048800,79.128868
"2017-09-05",84.32,84.400002,82.660004,83.239998,2491400,78.013573
"2017-09-06",83.639999,83.949997,83.18,83.360001,1885900,78.126038
"2017-09-07",83.480003,84.199997,83.110001,84.040001,1853200,78.763344
"2017-09-08",84.029999,85.110001,83.959999,84.699997,1936700,79.381905
"2017-09-11",84.900002,85.419998,84.43,85.190002,1508900,79.841148
"2017-09-12",85.199997,85.839996,85.080002,85.730003,1567300,80.347244
"2017-09-13",85.889999,86.459999,85.519997,86.349998,1748100,80.928299
"2017-09-14",86.18,86.760002,85.949997,86.239998,2002600,80.825211
"2017-09-15",86.300003,87.82,86.290001,87.669998,4363600,82.165428
"2017-09-18",87.610001,88.349998,87.5,88.309998,1815900,82.765236
"2017-09-19",88.370003,89.309998,88.019997,89.089996,1928600,83.496262
"2017-09-20",89.029999,89.510002,88.769997,89.07,2279000,83.477524
"2017-09-21",88.900002,89.709999,88.800003,89.139999,2035700,83.543121
"2017-09-22",89.139999,90.099998,89.019997,89.889999,2036600,84.246048
"2017-09-25",89.970001,91.5,89.849998,91.010002,2039700,85.295723
"2017-09-26",91.150002,91.68,90.910004,91.349998,1986500,85.614372
"2017-09-27",91.389999,92.080002,90.580002,91.800003,2468200,86.036125
"2017-09-28",91.980003,92.190002,91.290001,91.790001,2197400,86.026733
"2017-09-29",91.660004,92.080002,91.349998,91.610001,1947300,85.858055
"2017-10-02",91.360001,92.669998,91.209999,92.379997,1929500,86.579704
"2017-10-03",93.800003,94.690002,93.25,93.629997,2606100,87.751205
"2017-10-04",93.389999,93.709999,92.760002,93.43,2214300,87.563766
"2017-10-05",93.529999,94.120003,93.099998,93.330002,2046000,87.470047
"2017-10-06",92.769997,93.330002,92.410004,92.82,1769400,86.992065
"2017-10-09",93.449997,93.760002,93.040001,93.32,1238700,87.46067
"2017-10-10",93.660004,94,93.32,93.470001,1109900,87.601265
"2017-10-11",93.470001,93.949997,92.919998,93.68,1644300,87.79808
"2017-10-12",93.449997,94.459999,93.330002,94.339996,1692800,88.416634
"2017-10-13",94.690002,95,94.220001,94.43,1608600,88.500977
"2017-10-16",93.5,93.790001,90.699997,90.870003,3563000,85.16452
"2017-10-17",90.690002,91.099998,90.400002,90.629997,2398400,84.939568
"2017-10-18",90.739998,90.879997,89.900002,90.239998,1942200,84.574059
"2017-10-19",89.709999,90.580002,89.260002,90.389999,1899800,84.714645
"2017-10-20",90.790001,91.029999,90.389999,90.800003,2109800,85.098907
"2017-10-23",90.889999,91.760002,90.699997,91.239998,2036000,85.511276
"2017-10-24",91.279999,91.889999,90.669998,91.830002,1425700,86.064232
"2017-10-25",91.82,92.349998,91.230003,91.709999,2187400,85.951759
"2017-10-26",91.510002,92,90.800003,91.18,1683300,85.45504
"2017-10-27",91.050003,92.080002,90.199997,91.989998,2082900,86.214188
"2017-10-30",91.580002,92.32,90.989998,91.019997,1922900,85.305084
"2017-10-31",90.940002,91.440002,90.290001,91.080002,1442200,85.36132
"2017-11-01",91.029999,92.650002,90.919998,92.300003,2152200,86.50473
"2017-11-02",92.209999,93.599998,91.910004,93.459999,1822800,87.591896
"2017-11-03",93.330002,94.419998,93.059998,93.580002,1868100,87.704361
"2017-11-06",93.589996,94.949997,93.290001,94.43,1927100,88.500977
"2017-11-07",94.669998,94.870003,93.949997,94.57,1370900,88.632195
"2017-11-08",94.519997,94.669998,94.019997,94.550003,2035400,88.613464
"2017-11-09",93.610001,94.629997,93.610001,94.419998,1532600,88.491615
"2017-11-10",94.309998,94.510002,93.32,93.660004,1347800,87.779343
"2017-11-13",93.660004,94.209999,93.199997,93.32,1264000,87.46067
"2017-11-14",92.589996,93.389999,92.389999,92.830002,1774800,87.00145
"2017-11-15",92.199997,93.059998,91.449997,92.57,1766000,86.757767
"2017-11-16",92,92.739998,91.540001,92.459999,2197900,87.314934
"2017-11-17",92.239998,93.190002,91.970001,92.650002,1340700,87.494362
"2017-11-20",92.489998,92.980003,92.150002,92.620003,919600,87.466042
"2017-11-21",92.93,94.040001,92.860001,93.620003,1509100,88.4104
"2017-11-22",93.669998,93.959999,92.699997,93.290001,1414100,88.098755
"2017-11-24",93.330002,93.860001,93.290001,93.639999,605700,88.429283
"2017-11-27",93.540001,93.639999,92.550003,92.809998,2066200,87.645462
"2017-11-28",93.459999,94.220001,92.839996,94.050003,1584200,88.816475
"2017-11-29",94.050003,95.040001,94.050003,94.910004,2004100,89.628609
"2017-11-30",95,97.690002,94.919998,97.559998,3332600,92.131142
"2017-12-01",97.980003,98.160004,95.349998,97.57,2329600,92.140579
"2017-12-04",96.989998,99.349998,96.989998,97.529999,1953800,92.102814
"2017-12-05",97.75,99.349998,97.540001,98.269997,1820200,92.801636
"2017-12-06",98.120003,98.620003,97.290001,97.589996,1612400,92.159462
"2017-12-07",97.5,98.290001,97.32,97.860001,1485700,92.414444
"2017-12-08",98.519997,99.870003,98.199997,99.550003,2360000,94.010414
"2017-12-11",99.370003,100.25,99.370003,99.720001,1299500,94.170952
"2017-12-12",99.879997,100.129997,99,99.07,1670400,93.557121
"2017-12-13",99.330002,100.389999,98.989998,99.989998,1912700,94.425919
"2017-12-14",99.849998,100.459999,99.550003,99.550003,1455900,94.010414
"2017-12-15",100,100.410004,99.580002,99.919998,2957300,94.359833
"2017-12-18",99.919998,100.419998,99.669998,99.980003,1833000,94.416489
"2017-12-19",100.040001,100.139999,99.07,99.139999,1552300,93.623222
"2017-12-20",99.650002,100.980003,99.220001,100.720001,2223100,95.115303
"2017-12-21",100.669998,100.839996,99.910004,100.080002,2359900,94.510925
"2017-12-22",100.650002,101.279999,100.309998,100.889999,1092600,95.275841
"2017-12-26",101.139999,101.809998,100.860001,101.639999,900400,95.984108
"2017-12-27",101.809998,102.43,101.269997,102.059998,1226000,96.38073
"2017-12-28",102.099998,102.160004,101.419998,101.959999,1258300,96.286301
"2017-12-29",102.25,102.290001,101.150002,101.150002,1267600,95.521378
"2018-01-02",101.660004,101.830002,101.07,101.75,1222300,96.08799
"2018-01-03",101.449997,102.800003,101.410004,102.43,1351700,96.730148
"2018-01-04",102.400002,102.720001,101.82,102.150002,1110600,96.465729
"2018-01-05",102.199997,102.349998,101.639999,102.160004,1752500,96.475174
"2018-01-08",102.5,102.5,101.459999,102.059998,1236500,96.38073
"2018-01-09",101.900002,102.25,101.370003,101.720001,1537000,96.059654
"2018-01-10",101.919998,102.410004,101.300003,102.080002,977500,96.39962
"2018-01-11",102.620003,102.620003,101.510002,102.370003,1358600,96.673492
"2018-01-12",102.540001,105.089996,102.5,104.970001,1849300,99.128815
"2018-01-16",104.540001,104.889999,103.169998,103.5,2601200,97.740608
"2018-01-17",103.949997,106.910004,103.830002,106.160004,2333400,100.252586
"2018-01-18",106.43,106.43,104.550003,105.290001,1514000,99.431
"2018-01-19",105.529999,105.650002,104.82,105.629997,1657500,99.752083
"2018-01-22",105.589996,106.82,105.389999,106.660004,1348000,100.724762
"2018-01-23",106.900002,107.339996,106.559998,106.900002,1436500,100.951408
"2018-01-24",107.220001,107.470001,103.800003,104.629997,1945300,98.807724
"2018-01-25",105.010002,105.330002,103.970001,104.169998,1864000,98.373329
"2018-01-26",104.620003,106.919998,104.519997,106.589996,2645100,100.658653
"2018-01-29",106.120003,106.440002,103.949997,104.25,2563500,98.448868
"2018-01-30",103.050003,103.690002,101.889999,102.279999,2049800,96.588493
"2018-01-31",102.599998,102.949997,101.639999,102.400002,3388700,96.701828
"2018-02-01",102.330002,102.989998,99.669998,100.860001,3243600,95.247513
"2018-02-02",101.099998,101.099998,96.080002,97.010002,4492300,91.611748
"2018-02-05",95.82,99.57,93.550003,95.209999,4252500,89.911919
"2018-02-06",92.879997,97,92.699997,96.879997,2894200,91.488976
"2018-02-07",96.82,98.089996,95.589996,95.610001,2199700,90.289658
"2018-02-08",95.489998,95.519997,92.410004,92.440002,2621100,87.296066
"2018-02-09",93.120003,94.129997,89.139999,92.599998,2679300,87.447159
"2018-02-12",93.459999,94.769997,92.610001,93.589996,1809000,88.382057
"2018-02-13",93.239998,94.290001,92.959999,93.760002,1441200,88.542603
"2018-02-14",93.389999,93.809998,91.32,93.330002,4091300,88.136528
