,Open,High,Low,Close,Volume
2/1/2013,29.950775,30.190775,28.920774,29.460775,66789100
2/4/2013,29.54028,30.44028,29.21028,29.47028,7695400
2/5/2013,29.699278,30.429278,29.299278,29.489279,5013200
2/6/2013,29.429777,29.879777,29.199777,29.479778,2126100
2/7/2013,29.40132,31.13132,29.40132,30.40132,3800800
2/8/2013,30.658867,31.828866,30.648865,31.398865,2599300
2/11/2013,31.398376,31.838375,31.218376,31.598373,1487200
2/12/2013,31.714386,32.314384,31.464386,32.054386,1637300
2/13/2013,32.123882,32.123882,31.323883,31.873882,1269700
2/14/2013,31.727877,31.787879,31.107878,31.607878,2954500
2/15/2013,31.612399,32.392398,31.302398,32.282398,5415400
2/19/2013,32.329395,32.379395,31.879395,32.149395,1206900
2/20/2013,32.205347,32.245348,30.965345,31.085348,1842900
2/21/2013,30.873343,31.173342,30.233344,30.933344,3242300
2/22/2013,31.15185,31.301851,30.871851,30.961851,954500
2/25/2013,31.077819,31.087818,30.397819,30.467819,818900
2/26/2013,30.449325,30.799328,30.389326,30.439327,1048700
2/27/2013,30.385338,31.435337,30.385338,30.705338,1343600
2/28/2013,30.888881,31.878879,30.888881,31.778881,2991400
3/1/2013,31.631425,32.971425,31.421426,32.871422,2334000
3/4/2013,33.08392,33.17392,32.523923,32.633919,865400
3/5/2013,32.696922,32.766922,32.036922,32.576923,1413400
3/6/2013,32.648892,32.688893,32.15889,32.15889,802000
3/7/2013,32.223435,32.953434,31.833435,32.833435,1320000
3/8/2013,32.326908,32.986908,32.096908,32.386909,1541100
3/11/2013,32.262413,32.55241,31.542412,32.472412,1729400
3/12/2013,32.430389,32.550392,31.910388,32.13039,1557600
3/13/2013,32.201413,32.361412,31.381413,32.301411,2240800
3/14/2013,32.599431,33.689427,32.569428,32.909428,1865200
3/15/2013,33.029375,33.169374,31.639375,31.769373,2692100
3/18/2013,31.10935,31.299349,30.999349,31.19935,2372000
3/19/2013,31.161341,31.78134,30.691344,31.161341,1336200
3/20/2013,31.225886,31.865885,30.825884,31.835882,1944000
3/21/2013,32.227875,32.327873,31.617874,31.797874,514500
3/22/2013,31.895372,32.095373,31.085375,31.465372,763300
3/25/2013,31.858342,31.858342,30.628342,30.838341,1324600
3/26/2013,31.105838,31.165839,30.375838,30.885836,1396500
3/27/2013,30.744348,31.254346,30.424348,31.104349,1896800
3/28/2013,31.181382,31.831384,30.961385,31.731386,7434900
4/1/2013,31.791849,31.961851,30.801851,30.961851,1466300
4/2/2013,31.033842,31.503843,30.833841,30.923841,712200
4/3/2013,31.044843,31.354845,30.734846,30.904844,1409700
4/4/2013,30.81931,30.90931,30.119309,30.24931,1946400
4/5/2013,30.133318,30.473318,28.973318,30.363317,3963500
4/8/2013,30.305357,31.335356,30.125356,31.275354,1965200
4/9/2013,31.379373,31.919374,30.889375,31.769373,2004400
4/10/2013,32.10387,32.10387,31.323872,31.493874,969500
4/11/2013,31.563371,31.583372,31.213369,31.50337,1826600
4/12/2013,31.309873,31.68987,30.93987,31.569872,723500
4/15/2013,31.459326,31.619326,30.559324,30.629328,839500
4/16/2013,30.700865,31.710863,30.630865,31.550863,2271200
4/17/2013,31.336856,31.586856,30.526854,31.246855,3140500
4/18/2013,31.477833,31.477833,30.757836,30.847836,799900
4/19/2013,31.07585,31.155852,30.17585,31.07585,2159300
4/22/2013,31.268343,31.268343,30.588342,31.028341,922100
4/23/2013,31.196302,31.376302,29.916303,30.116304,2731700
4/24/2013,30.100258,30.16026,28.890259,29.09026,4149300
4/25/2013,29.3538,30.4138,29.1738,29.973799,1520600
4/26/2013,29.979348,31.049347,29.979348,31.009346,1421800
4/29/2013,31.380257,31.380257,30.600254,31.090256,1711600
4/30/2013,32.092959,33.152961,31.342959,31.432959,3390300
5/1/2013,31.365187,31.905184,31.055186,31.785185,1393100
5/2/2013,31.78046,32.270458,31.51046,31.680458,696300
5/3/2013,32.023821,32.043821,31.403822,31.613821,998400
5/6/2013,31.766801,31.906805,31.166803,31.356802,503700
5/7/2013,31.499695,31.499695,30.709694,31.299694,700700
5/8/2013,31.401429,31.841428,31.12143,31.661427,1034100
5/9/2013,31.697487,32.057484,31.667485,31.937485,977200
5/10/2013,31.945269,32.015269,31.375269,31.585268,534100
5/13/2013,31.471992,31.901993,31.161991,31.451992,438700
5/14/2013,31.540079,32.160078,31.260076,31.49008,872300
5/15/2013,31.364012,31.484014,30.984014,31.214014,563200
5/16/2013,31.875186,32.195185,31.555186,31.785185,1278700
5/17/2013,31.720664,32.270668,31.560665,32.270668,962200
5/20/2013,32.279793,32.379791,31.979789,32.08979,735700
5/21/2013,31.981991,32.151993,31.401993,31.451992,1692400
5/22/2013,30.937485,32.377488,30.137486,31.937485,26006000
5/23/2013,31.671606,32.221605,31.131605,31.261606,9008500
5/24/2013,31.591818,32.011816,30.921816,31.851816,5911600
5/28/2013,32.153355,32.633355,31.943356,32.613354,4960300
5/29/2013,32.666326,32.666326,31.296327,31.366327,3095700
5/30/2013,31.220445,31.550443,30.550443,30.690447,3934100
5/31/2013,30.761984,30.801985,30.261984,30.461985,6512400
6/3/2013,30.435932,31.265934,29.735933,31.175934,3398000
6/4/2013,31.272762,31.432762,30.28276,30.842762,4513400
6/5/2013,30.873814,30.873814,30.203816,30.623814,3522300
6/6/2013,30.628139,30.768142,29.998142,30.538143,2918200
6/7/2013,30.746011,30.826013,29.696012,29.986013,5134200
6/10/2013,30.291506,30.571507,29.931505,30.471504,4992100
6/11/2013,30.176399,30.496398,29.876398,30.176399,6367500
6/12/2013,30.43457,30.514568,29.884569,30.01457,7648500
6/13/2013,29.971876,30.051876,29.371878,29.671877,5849800
6/14/2013,29.519663,29.779663,29.129664,29.319662,10665000
6/17/2013,29.911969,30.271969,29.221968,29.471968,26785600
6/18/2013,29.831396,29.891395,29.451397,29.681396,24286200
6/19/2013,29.570045,29.750046,29.330046,29.510046,23483400
6/20/2013,29.438977,29.588979,28.598977,28.738979,14938500
6/21/2013,29.079268,29.619269,28.869269,29.129269,33694200
6/24/2013,28.689847,29.039847,27.939847,28.919846,40766000
6/25/2013,29.286495,30.106497,28.986496,29.976496,13511100
6/26/2013,30.311491,30.411492,29.431492,29.481491,23779700
6/27/2013,29.976297,30.026298,29.306299,29.386299,16734600
6/28/2013,29.415337,29.905336,29.055338,29.405336,19415100
7/1/2013,29.548791,29.58879,28.65879,29.138792,17601000
7/2/2013,28.792528,29.402529,28.19253,28.27253,11157300
7/3/2013,28.262714,28.332714,27.562713,27.872715,12930000
7/5/2013,28.359937,28.729938,28.329939,28.719938,10819200
7/8/2013,28.96293,29.482928,28.732928,29.45293,15675100
7/9/2013,29.631008,29.911007,29.451008,29.491007,8704800
7/10/2013,29.588123,29.748123,28.978122,29.548124,6506200
7/11/2013,29.943893,29.963894,29.353893,29.433893,4486900
7/12/2013,29.513222,29.873221,29.503222,29.843222,5429400
7/15/2013,29.792167,30.132168,29.582168,30.062168,4201900
7/16/2013,30.062356,30.152357,29.602357,29.662357,4301200
7/17/2013,29.740523,29.740523,29.360523,29.500523,3545800
7/18/2013,29.628698,29.718698,29.288697,29.338697,4053700
7/19/2013,29.336574,29.346572,28.666574,28.786573,8946200
7/22/2013,28.905127,29.135126,28.705126,28.815126,4255800
7/23/2013,28.965224,28.995225,28.315224,28.615223,5091800
7/24/2013,28.692911,29.112911,28.222912,28.462912,4890100
7/25/2013,28.413121,29.083121,28.243121,29.053122,5472900
7/26/2013,28.937443,29.067444,28.537443,28.967443,5051600
7/29/2013,28.823787,29.093788,28.533787,28.643787,4123600
7/30/2013,28.76809,28.93809,28.508089,28.658091,4630100
7/31/2013,28.628674,28.818675,28.428673,28.438673,5375100
8/1/2013,28.582571,28.822571,28.072571,28.772572,8105500
8/2/2013,28.696693,29.536691,28.486692,29.516693,5187500
8/5/2013,29.03243,29.95243,29.03243,29.812431,7283300
8/6/2013,30.247953,31.067953,29.657953,29.697952,12471200
8/7/2013,29.662889,29.962889,29.212889,29.802889,5920100
8/8/2013,29.962889,30.392889,29.742889,29.802889,7161900
8/9/2013,29.718069,29.81807,29.358071,29.48807,2784100
8/12/2013,29.28475,29.59475,28.644751,28.93475,5793700
8/13/2013,29.099231,29.349231,28.799232,29.049232,3116200
8/14/2013,29.113495,29.243494,28.693495,28.753494,3858200
8/15/2013,28.559014,28.779013,28.409014,28.639013,5818900
8/16/2013,28.559929,28.819929,28.369928,28.619928,3678800
8/19/2013,28.535912,28.925911,28.465912,28.495913,2480600
8/20/2013,28.469353,29.019352,28.319351,28.839352,3804100
8/21/2013,28.696839,28.81684,28.226839,28.476839,3531400
8/22/2013,28.455912,28.635912,28.195912,28.495913,3030800
8/23/2013,28.490732,28.840733,28.250732,28.810734,2531600
8/26/2013,28.789133,28.789133,28.279133,28.429132,7179000
8/27/2013,28.186733,28.326732,27.656732,27.856733,8103500
8/28/2013,27.709717,28.469717,27.449716,28.209717,7067300
8/29/2013,28.074316,28.254317,27.864315,28.114315,1590600
8/30/2013,28.109035,28.159034,27.699035,27.809034,2296300
9/3/2013,28.106156,28.416157,27.836158,28.076157,2052100
9/4/2013,28.084196,28.344194,27.984195,28.324196,3187200
9/5/2013,28.324749,29.09475,28.26475,28.93475,5688100
9/6/2013,29.041872,29.541872,28.56187,29.201872,5245900
9/9/2013,29.232794,29.592795,28.952796,29.182795,2723800
9/10/2013,29.906231,30.396231,29.436232,29.526232,5024400
9/11/2013,29.918749,30.018747,29.448747,29.888748,6367900
9/12/2013,29.930252,29.96025,29.390251,29.650251,2881300
9/13/2013,29.641629,29.871628,29.481629,29.621628,3087300
9/16/2013,29.97483,30.714829,29.924828,30.384829,7069200
9/17/2013,30.520443,31.030445,30.490445,30.890446,4616300
9/18/2013,30.774804,31.224805,30.454804,31.214806,3913200
9/19/2013,31.304463,31.404466,30.664464,31.014462,4128700
9/20/2013,31.199191,31.269191,30.389192,30.70919,11372300
9/23/2013,30.73725,30.73725,29.897251,30.127251,3322100
9/24/2013,30.171854,30.211853,29.761852,30.031853,2212100
9/25/2013,30.051171,30.161171,29.601172,29.63117,3165800
9/26/2013,29.76725,30.18725,29.747252,30.127251,2289100
9/27/2013,30.127029,30.16703,29.617029,29.71703,2391000
9/30/2013,29.668411,29.888411,29.498411,29.688412,2890400
10/1/2013,29.658047,30.578047,29.548046,30.318047,3263200
10/2/2013,30.197931,30.657932,29.957931,30.527931,3071500
10/3/2013,30.341854,30.371853,29.891853,30.031853,2520500
10/4/2013,30.81563,31.08563,30.165628,30.575628,5795500
10/7/2013,30.231148,30.911148,30.121147,30.461147,4420200
10/8/2013,30.409548,30.639547,30.009546,30.079548,4152500
10/9/2013,30.284146,30.284146,29.634146,29.984146,3379900
10/10/2013,30.291372,30.871372,29.98137,30.871372,4397600
10/11/2013,30.94953,31.279531,30.53953,30.909533,6164800
10/14/2013,30.544586,30.974586,30.374588,30.804588,2527800
10/15/2013,30.744708,30.944705,30.524707,30.594707,2326600
10/16/2013,30.746983,31.456986,30.746983,31.376984,3625900
10/17/2013,31.310545,31.670542,31.250543,31.510542,2891500
10/18/2013,31.631802,31.771801,31.3218,31.691803,3979400
10/21/2013,31.652508,31.832508,31.112507,31.262508,2677800
10/22/2013,31.424462,31.504464,30.764462,31.014462,3084600
10/23/2013,30.98033,31.400332,30.98033,31.100328,2817700
10/24/2013,31.243883,31.383882,30.993883,31.233885,2351500
10/25/2013,31.306301,31.306301,30.8563,30.976303,1480800
10/28/2013,31.058849,31.058849,30.468851,30.50885,3636400
10/29/2013,30.51655,30.826549,30.44655,30.556549,2912000
10/30/2013,30.757359,31.197362,30.537362,30.647362,4398600
10/31/2013,30.60499,30.884989,30.26499,30.26499,4241700
11/1/2013,30.367052,30.527052,29.977051,30.437052,5890500
11/4/2013,30.433092,30.583092,30.113092,30.523092,3838900
11/5/2013,30.503668,30.573667,29.863668,30.293669,6642200
11/6/2013,30.70217,30.802168,29.512167,29.892168,6722800
11/7/2013,30.012304,30.162306,29.492306,29.672306,5204600
11/8/2013,29.778072,30.238071,29.568071,30.198072,4664000
11/11/2013,30.300141,30.60014,30.220141,30.37014,3078700
11/12/2013,30.347052,30.577052,30.047053,30.437052,3204200
11/13/2013,30.252345,30.412344,29.882346,30.322344,4179800
11/14/2013,30.534115,30.784115,30.084115,30.284115,2945000
11/15/2013,30.288383,30.468383,30.008382,30.408381,3601700
11/18/2013,30.446748,30.566747,30.066747,30.226749,2927500
11/19/2013,30.275561,30.565562,29.815562,30.035561,2571200
11/20/2013,30.037767,30.437767,29.827766,29.987768,2374400
11/21/2013,30.098515,30.328514,29.928515,30.188515,4425000
11/22/2013,30.258205,30.348206,29.868206,29.978207,3850500
11/25/2013,30.03129,30.04129,29.681289,29.911291,4719800
11/26/2013,30.07556,30.535561,30.00556,30.035561,4398400
11/27/2013,30.071731,30.171729,29.72173,29.901731,1783200
11/29/2013,29.917463,30.077463,29.707462,29.777462,1058600
12/2/2013,29.937461,30.227462,29.717462,29.777462,4065200
12/3/2013,29.760103,29.870104,29.520103,29.720104,5514800
12/4/2013,29.694821,29.964821,29.58482,29.83482,3196400
12/5/2013,29.814682,30.32468,29.614681,30.054682,6498000
12/6/2013,30.230282,30.300282,29.91028,30.150282,3263700
12/9/2013,30.16102,30.541022,29.99102,30.351021,3073800
12/10/2013,30.238207,30.238207,29.818207,29.978207,2941900
12/11/2013,30.060104,30.170105,29.390104,29.720104,4436300
12/12/2013,29.606583,30.036583,29.606583,29.796583,3603500
12/13/2013,29.918514,30.498514,29.838515,30.188515,3286500
12/16/2013,30.260008,30.590008,30.140007,30.590008,2635600
12/17/2013,30.515868,30.575867,29.925868,30.245867,2629700
12/18/2013,30.192517,30.782517,29.882515,30.752514,3684400
12/19/2013,30.716347,30.946347,30.236348,30.886349,3447300
12/20/2013,30.903265,31.263262,30.833261,30.953264,3681000
12/23/2013,31.183707,31.213705,30.733706,30.943705,2219800
12/24/2013,30.873705,31.053706,30.643706,30.943705,624300
12/26/2013,31.064016,31.344015,30.964018,31.154016,1504700
12/27/2013,31.250483,31.330484,31.030485,31.230482,1322400
12/30/2013,31.300486,31.400484,31.100485,31.230482,1803600
12/31/2013,31.359601,31.369603,31.019601,31.249601,2270400
1/2/2014,31.104145,31.234146,30.684147,30.934147,2576100
1/3/2014,30.927805,31.087805,30.607805,30.637804,2524900
1/6/2014,30.890891,31.320892,30.440892,30.570892,2763200
1/7/2014,30.775597,31.035599,30.535599,30.685596,2338200
1/8/2014,30.311458,30.691459,30.111459,30.341459,3965900
1/9/2014,30.421772,30.561771,30.121773,30.551771,2303300
1/10/2014,30.466214,31.126215,30.426215,31.106215,2999900
1/13/2014,30.9897,31.019699,30.289702,30.379702,4042800
1/14/2014,30.536614,30.586613,30.246613,30.446613,2334500
1/15/2014,30.488381,30.558381,30.278382,30.408381,2916300
1/16/2014,30.440008,30.67001,30.300007,30.590008,1960400
1/17/2014,30.511902,30.691902,30.231901,30.331902,2502500
1/21/2014,30.602168,30.712168,29.882168,29.892168,5681900
1/22/2014,30.0338,30.2838,29.8738,30.073799,5693600
1/23/2014,30.061458,30.431459,30.001459,30.341459,3263800
1/24/2014,30.1238,30.2838,29.913799,30.073799,4520900
1/27/2014,30.148207,30.238207,29.878206,29.978207,6934000
1/28/2014,30.003843,30.303844,29.873844,30.123844,4203400
1/29/2014,29.981473,30.161474,29.431472,29.491474,3152000
1/30/2014,29.786078,30.046078,29.306078,29.386078,4700400
1/31/2014,29.11905,29.269052,28.799051,29.089052,5302200
2/3/2014,29.128643,29.278642,28.868642,29.098644,6569400
2/4/2014,29.294496,29.484497,28.874496,28.964497,3657300
2/5/2014,28.838684,29.168684,28.688685,28.868683,3758700
2/6/2014,28.832029,28.982029,28.742029,28.792028,3327100
2/7/2014,28.824825,29.514823,28.824825,29.414825,4130100
2/10/2014,29.476405,30.226405,29.476405,29.836403,6339700
2/11/2014,28.410545,28.530546,27.550546,27.910545,29137200
2/12/2014,27.944123,28.874121,27.874121,28.744122,14394200
2/13/2014,28.687946,28.927946,28.317945,28.427946,7891600
2/14/2014,28.36915,28.749149,28.299148,28.629148,5571100
2/18/2014,28.642821,29.322821,28.61282,29.002821,6087800
2/19/2014,28.794594,28.914593,28.384592,28.504593,6169900
2/20/2014,28.485386,28.915386,28.385385,28.715385,4699300
2/21/2014,28.75045,28.790451,28.290451,28.370451,3235700
2/24/2014,28.536686,28.826685,28.376686,28.456686,3105500
2/25/2014,28.298683,29.118683,28.288683,28.868683,4412600
2/26/2014,28.767381,29.177381,28.72738,29.12738,3647400
2/27/2014,29.113984,29.453984,29.063984,29.433983,3778000
2/28/2014,29.451428,29.721428,29.331427,29.721428,5186800
3/3/2014,29.582677,29.882678,29.492679,29.692678,3534700
3/4/2014,29.936871,30.00687,29.50687,29.59687,5501800
3/5/2014,29.713984,29.853983,29.303984,29.433983,4399200
3/6/2014,29.531473,29.761472,29.381473,29.491474,3617500
3/7/2014,29.599851,29.709852,29.189851,29.299852,4421500
3/10/2014,29.349476,29.369474,28.929476,29.079475,3902900
3/11/2014,29.2024,29.3624,28.812401,29.012402,2641400
3/12/2014,28.826685,28.996685,28.406685,28.456686,4363300
3/13/2014,28.495517,28.555519,27.835517,28.025518,4090900
3/14/2014,28.01841,28.58841,27.99841,28.18841,4021900
3/17/2014,28.250085,28.380086,28.090085,28.150084,3837100
3/18/2014,28.194265,28.254265,28.024265,28.054266,5453400
3/19/2014,28.057893,28.857895,28.017894,28.657894,5692400
3/20/2014,28.550358,28.85036,28.410359,28.830359,3672400
3/21/2014,29.145106,29.205105,27.965106,28.035105,9668600
3/24/2014,28.100129,28.160128,27.750128,27.920128,4632800
3/25/2014,28.045105,28.155104,27.885106,28.035105,3182000
3/26/2014,28.187193,28.227194,27.937193,27.987192,3914800
3/27/2014,27.983425,28.173426,27.853426,28.073425,2984200
3/28/2014,28.245567,28.295568,27.695568,27.795568,6398900
3/31/2014,27.858497,27.928496,27.448497,27.728498,8689200
4/1/2014,27.741337,28.161337,27.741337,28.121338,3658000
4/2/2014,28.040033,28.460033,27.900031,28.380033,2341200
4/3/2014,28.470031,28.470031,28.150031,28.380033,2896500
4/4/2014,28.412587,28.782588,27.982587,28.092588,4963400
4/7/2014,28.035988,28.105988,27.635988,27.785988,4073700
4/8/2014,27.67971,27.999709,27.45971,27.92971,4744600
4/9/2014,28.003475,28.003475,27.553476,27.843475,3631300
4/10/2014,27.781853,28.011852,27.591852,27.651854,5372600
4/11/2014,27.571105,27.681106,27.091106,27.211105,3185500
4/14/2014,27.287756,27.587757,27.067756,27.287756,2559900
4/15/2014,27.374823,27.374823,26.944822,27.354822,3231600
4/16/2014,27.355661,27.505663,27.205662,27.335663,4220000
4/17/2014,27.312735,27.512734,27.262734,27.402735,3425800
4/21/2014,27.48473,27.844728,27.31473,27.81473,4437500
4/22/2014,28.268732,28.768732,27.938733,28.638731,8353800
4/23/2014,28.587662,28.727661,28.137661,28.227661,3803300
4/24/2014,28.188387,28.908388,28.138388,28.778387,4412100
4/25/2014,28.688344,29.168346,28.498346,29.038345,4857700
4/28/2014,29.389419,29.539419,28.90942,29.269419,3704400
4/29/2014,29.294584,29.394585,29.064585,29.394585,2531700
4/30/2014,29.234622,29.33462,28.83462,29.134621,4116100
5/1/2014,29.182766,29.402768,29.052767,29.182766,3207000
5/2/2014,29.180495,29.610495,29.160494,29.500494,3042100
5/5/2014,29.284584,29.494583,28.974585,29.394585,4425200
5/6/2014,28.7012,30.241199,28.411199,29.741199,6532400
5/7/2014,28.960124,29.600124,28.860124,29.510124,6810600
5/8/2014,29.416438,29.676438,29.276439,29.346439,2687200
5/9/2014,29.334213,29.434214,28.914213,29.404215,3339700
5/12/2014,29.434165,29.714166,29.404164,29.664164,1971000
5/13/2014,29.657142,29.717144,29.457143,29.587143,1932200
5/14/2014,29.500494,29.670494,29.340495,29.500494,2253600
5/15/2014,29.397187,29.507185,29.217186,29.327185,3104500
5/16/2014,29.291979,29.47198,29.181979,29.461979,3058700
5/19/2014,29.467186,29.497185,29.147187,29.327185,3671100
5/20/2014,29.383884,29.463884,29.143884,29.153885,2538700
5/21/2014,29.24867,29.368671,29.108671,29.288671,2421900
5/22/2014,29.222019,29.422018,29.132019,29.202019,4522700
5/23/2014,29.204584,29.444584,29.164583,29.394585,4085500
5/27/2014,29.598261,29.628261,29.398262,29.558262,2395700
5/28/2014,29.596439,29.596439,29.296439,29.346439,5791000
5/29/2014,29.457516,29.627516,29.357516,29.577515,2610800
5/30/2014,29.648262,29.788261,29.528261,29.558262,3076700
6/2/2014,29.65008,29.81008,29.500081,29.770081,3561300
6/3/2014,29.727806,30.097807,29.627808,30.087807,3323000
6/4/2014,30.013343,30.283344,29.963342,30.203344,3349900
6/5/2014,30.234419,30.474419,30.044418,30.43442,2784700
6/6/2014,30.439583,30.619581,30.429583,30.559582,2524200
6/9/2014,30.589547,30.819544,30.459546,30.819544,3189400
6/10/2014,30.731322,31.301319,30.701321,31.291321,4639800
6/11/2014,31.305084,31.335083,30.905082,30.935085,3600700
6/12/2014,30.890287,30.940286,30.630285,30.800285,4298500
6/13/2014,30.765447,30.945447,30.635448,30.925447,1904500
6/16/2014,30.885086,31.015083,30.795084,30.935085,2197200
6/17/2014,30.839794,31.629791,30.839794,31.589794,4407200
6/18/2014,31.496817,31.666815,31.236815,31.666815,2482800
6/19/2014,31.75946,31.839458,31.319458,31.339458,4062900
6/20/2014,31.192814,31.372814,30.842811,31.252811,7836200
6/23/2014,31.326115,31.516114,31.216114,31.426113,2513600
6/24/2014,31.466154,31.496157,31.146154,31.166155,1772500
6/25/2014,31.206156,31.366156,31.086157,31.166155,2751400
6/26/2014,31.150979,31.230981,30.880983,31.040983,2240100
6/27/2014,31.005779,31.20578,30.95578,31.175781,1435000
6/30/2014,31.249871,31.52987,30.919869,31.06987,1847300
7/1/2014,31.250948,31.40095,31.10095,31.300947,2263500
7/2/2014,31.282386,31.542384,31.282386,31.522388,1850700
7/3/2014,31.536064,31.696064,31.426068,31.686066,1370200
7/7/2014,31.669092,31.67909,31.349092,31.349092,2087600
7/8/2014,31.192062,31.302058,30.962058,31.27206,1846200
7/9/2014,31.262813,31.432811,31.082813,31.252811,1339900
7/10/2014,31.010582,31.48058,30.810581,31.310581,2003800
7/11/2014,31.236155,31.356157,31.096155,31.166155,1422900
7/14/2014,31.342759,31.632756,31.18276,31.512758,1900200
7/15/2014,31.425413,31.505411,31.05541,31.185411,2496200
7/16/2014,31.21649,31.486491,31.136488,31.416491,1768100
7/17/2014,31.232099,31.312097,30.952101,31.012098,2154100
7/18/2014,30.93425,31.52425,30.854248,31.474247,3261000
7/21/2014,31.388301,31.658301,31.378298,31.628298,2513300
7/22/2014,31.737552,32.007553,31.607555,31.647552,2590600
7/23/2014,31.628671,31.718672,31.558672,31.618673,2078600
7/24/2014,31.676818,31.746817,31.536814,31.666815,2007900
7/25/2014,31.549417,31.679419,31.459417,31.599417,1579600
7/28/2014,31.547927,31.747928,31.447925,31.637928,1627800
7/29/2014,31.571601,31.991603,31.471603,31.801601,2994400
7/30/2014,31.917521,32.017519,31.687517,31.907518,1800600
7/31/2014,31.686066,31.906067,31.646065,31.686066,3002700
8/1/2014,31.552386,31.822387,31.372386,31.522388,5381100
8/4/2014,31.483802,32.113799,31.343803,32.003803,4676100
8/5/2014,31.372099,31.6821,30.782099,31.012098,5933100
8/6/2014,30.828757,31.168757,30.808756,31.098757,3163800
8/7/2014,31.187719,31.29772,30.48772,30.607721,3747800
8/8/2014,30.598022,31.138023,30.598022,31.118023,2191500
8/11/2014,31.247599,31.437602,31.167601,31.387598,2282500
8/12/2014,31.273173,31.483172,31.143171,31.243174,2837900
8/13/2014,31.487552,31.817554,31.467552,31.647552,3729200
8/14/2014,31.70012,31.870118,31.640119,31.84012,2562500
8/15/2014,31.877063,32.447063,31.877063,32.437061,3843000
8/18/2014,32.558098,32.818096,32.508099,32.738098,3459500
8/19/2014,32.737382,33.357381,32.67738,33.307381,2922500
8/20/2014,33.297901,33.627899,33.227902,33.567902,2720500
8/21/2014,33.544376,33.754376,33.464375,33.664375,2041800
8/22/2014,33.594376,33.714375,33.504376,33.664375,2300500
8/25/2014,33.774036,33.804035,33.584037,33.674038,2417200
8/26/2014,33.745946,33.975945,33.605946,33.895947,2956600
8/27/2014,33.938568,34.238568,33.828568,34.098568,2746100
8/28/2014,33.928924,34.138927,33.828926,34.088928,3760400
8/29/2014,34.085068,34.195065,33.765064,34.195065,1190900
9/2/2014,34.193653,34.343654,34.073654,34.233654,1654000
9/3/2014,35.373818,35.393819,34.273816,34.503815,4220600
9/4/2014,34.522602,34.642601,34.142601,34.2626,2383100
9/5/2014,34.343991,34.783989,34.183991,34.773991,1602900
9/8/2014,34.725551,35.035552,34.675552,35.00555,1913500
9/9/2014,34.979069,35.029068,34.739067,34.909069,2832500
9/10/2014,35.036952,35.066951,34.606952,34.966953,2287400
9/11/2014,34.875909,35.015908,34.815907,34.995907,1768900
9/12/2014,34.939068,34.969071,34.819069,34.909069,1920000
9/15/2014,34.975907,35.045907,34.855908,34.995907,2164600
9/16/2014,34.998184,35.268184,34.918186,35.208187,2253000
9/17/2014,35.252552,35.392551,35.052551,35.362553,2525600
9/18/2014,35.450806,35.790806,35.340805,35.410805,2336300
9/19/2014,35.533233,36.003234,35.533233,35.893234,6105100
9/22/2014,35.933601,36.013599,35.2136,35.333599,4951100
9/23/2014,35.049595,35.229596,34.589592,34.619595,4421800
9/24/2014,34.705021,35.34502,34.66502,35.295021,4714100
9/25/2014,35.294846,35.314846,34.844845,35.024845,2062000
9/26/2014,35.07325,35.463249,34.903248,35.34325,2124800
9/29/2014,35.007637,35.517639,34.877636,35.497639,2075600
9/30/2014,35.752021,35.812023,35.472022,35.652023,3412900
10/1/2014,35.58958,35.729579,34.949581,35.169582,5508300
10/2/2014,35.283428,35.673427,35.163425,35.613426,3670200
10/3/2014,35.546723,36.406724,35.546723,36.346722,5948500
10/6/2014,36.487075,36.647075,36.277072,36.337074,2693400
10/7/2014,36.110447,36.270446,35.330444,35.420444,8116900
10/8/2014,35.480938,36.250939,35.31094,36.230938,3565700
10/9/2014,36.189557,36.329556,35.599557,35.719555,4336700
10/10/2014,35.731499,36.011498,35.351498,35.391499,3689300
10/13/2014,35.42049,35.42049,34.280491,34.320492,6676400
10/14/2014,34.569958,34.899956,34.199955,34.609955,3078700
10/15/2014,34.121377,34.151375,32.921376,34.021374,7155800
10/16/2014,33.508053,34.288051,32.948051,33.838051,4181300
10/17/2014,34.157513,34.357509,33.707512,34.12751,3438500
10/20/2014,34.126114,34.446114,34.066116,34.166115,2543800
10/21/2014,34.302224,34.912224,34.272225,34.822224,4772800
10/22/2014,34.799255,35.079254,34.619255,34.629253,2263500
10/23/2014,34.53152,35.181522,34.201522,34.841522,2925800
10/24/2014,34.91502,35.315017,34.815017,35.295021,1419000
10/27/2014,35.315364,35.495365,35.205368,35.285366,2511400
10/28/2014,35.35991,35.71991,35.209908,35.709908,1533400
10/29/2014,35.593601,35.653599,35.023601,35.333599,2269900
10/30/2014,35.319023,36.089024,35.239021,36.009022,2137900
10/31/2014,36.434643,36.604641,35.74464,35.854641,2589500
11/3/2014,35.825619,36.565617,35.765617,36.465618,4071300
11/4/2014,36.70906,37.819061,36.70906,37.819061,9723700
11/5/2014,37.984074,38.104073,37.454071,37.964073,11878900
11/6/2014,38.029434,38.399437,37.949436,38.389435,4457100
11/7/2014,38.312153,38.96215,38.28215,38.892151,6819000
11/10/2014,38.964481,39.004482,38.694481,38.824482,7530100
11/11/2014,38.706097,42.676098,38.466095,42.266098,20228500
11/12/2014,42.482015,42.542012,41.152013,41.222012,21414900
11/13/2014,41.22205,41.852051,41.172051,41.802052,6151300
11/14/2014,41.755372,42.015374,41.425374,41.705372,2689500
11/17/2014,42.389137,42.959136,41.509136,42.759136,9537400
11/18/2014,43.410457,43.470455,41.560455,42.720455,12180600
11/19/2014,42.88673,42.936729,41.766727,41.95673,7031100
11/20/2014,41.475048,41.815048,41.275047,41.71505,5091100
11/21/2014,42.021099,42.411098,41.391097,42.411098,5192500
11/24/2014,42.60749,43.44749,42.347492,43.097492,4179400
11/25/2014,43.119774,43.259773,42.409771,42.449772,3589000
11/26/2014,42.784492,43.214493,42.384491,43.18449,2131400
11/28/2014,43.255856,43.595856,43.255856,43.435856,1332200
12/1/2014,43.724476,43.764477,42.784473,42.894474,3153000
12/2/2014,42.882171,43.462173,42.792171,43.252174,2500600
12/3/2014,43.247517,43.517513,42.897514,43.387516,2003600
12/4/2014,43.326778,43.436779,42.386775,42.536777,4294300
12/5/2014,42.507446,42.997444,42.367447,42.517445,3314000
12/8/2014,42.733453,42.923451,42.403451,42.63345,5889300
12/9/2014,41.722766,43.032768,41.282768,42.362766,5515000
12/10/2014,42.427677,42.77768,41.27768,41.347679,4393500
12/11/2014,41.544029,42.074028,41.334026,41.454029,4942200
12/12/2014,41.330933,41.700932,40.350934,40.380932,4050300
12/15/2014,40.861942,41.101944,39.951942,40.351944,5943600
12/16/2014,40.291543,40.651539,39.471543,39.491539,4606400
12/17/2014,39.712227,40.062225,39.462227,39.762226,7627700
12/18/2014,40.405048,41.71505,40.355049,41.71505,6578100
12/19/2014,41.583073,42.283074,41.183075,42.063072,5601600
12/22/2014,42.1264,42.336399,41.506401,41.9664,1913800
12/23/2014,42.171036,42.301038,41.331036,41.541039,2612500
12/24/2014,41.602096,42.532097,41.542095,42.382095,1300600
12/26/2014,42.330127,42.820129,42.330127,42.730129,1518000
12/29/2014,42.556442,42.766442,42.38644,42.54644,2006700
12/30/2014,42.538388,42.658386,41.648388,41.908386,2251100
12/31/2014,42.029045,42.449047,41.569046,41.599045,2148900
1/2/2015,42.019726,42.259728,41.629727,41.869728,1784200
1/5/2015,41.818375,42.198376,41.538376,41.618374,3112100
1/6/2015,41.732338,41.942337,40.882335,41.212337,3977200
1/7/2015,41.553074,42.113075,41.533074,42.063072,2481800
1/8/2015,43.280796,43.400795,42.530796,42.710796,3121300
1/9/2015,42.588462,42.96846,42.208461,42.778461,2993200
1/12/2015,42.896069,42.896069,41.84607,41.976067,2161600
1/13/2015,42.466347,42.796349,41.146348,41.386349,3660600
1/14/2015,41.069046,41.799046,40.859047,41.599045,2481300
1/15/2015,41.842033,42.342033,41.472035,41.512032,2719300
1/16/2015,41.32946,42.819462,41.299461,42.749462,2761600
1/20/2015,42.830598,42.830598,41.850598,42.190598,3464300
1/21/2015,42.178906,43.238907,42.048905,42.858906,1991900
1/22/2015,42.950744,43.420746,42.250748,43.110744,2914700
1/23/2015,43.132999,43.412998,42.583,42.732998,2878200
1/26/2015,42.653942,42.923942,42.463939,42.703941,1926100
1/27/2015,42.238769,42.538773,41.84877,41.93877,3008300
1/28/2015,42.374752,42.934753,41.714752,41.754753,2425100
1/29/2015,41.688137,42.318138,41.198139,41.958138,4927300
1/30/2015,41.836692,42.216693,41.296691,41.386692,3146000
2/2/2015,41.666252,42.016254,41.006252,42.016254,2136700
2/3/2015,42.142482,42.442485,41.832485,42.132484,4905700
2/4/2015,42.493752,42.673752,41.853752,42.09375,5102900
2/5/2015,42.18563,42.715633,41.75563,42.035633,3470900
2/6/2015,42.067456,42.867459,41.907456,42.287457,5391100
2/9/2015,42.152294,42.312294,41.312294,41.522293,4467100
2/10/2015,41.749599,42.629596,41.429599,42.529598,4111200
2/11/2015,43.441124,44.681122,43.441124,44.331123,7071100
2/12/2015,45.800503,45.960503,43.820499,44.350502,6989600
2/13/2015,43.310875,44.070873,42.930874,44.030872,6413300
2/17/2015,44.097606,44.787609,43.997608,44.747608,4055800
2/18/2015,44.668614,44.988613,44.378613,44.408611,3221300
2/19/2015,44.39489,44.564888,44.05489,44.21489,2928800
2/20/2015,44.266473,44.456471,43.676473,44.16647,3713000
2/23/2015,44.277099,44.4971,43.777099,44.147102,2664500
2/24/2015,44.222763,44.362762,43.85276,43.972763,1869800
2/25/2015,44.112698,44.5327,43.952698,44.2827,2958800
2/26/2015,44.364414,45.234413,44.334411,45.154411,4903000
2/27/2015,45.091072,45.431072,44.591072,44.641071,5555500
3/2/2015,44.602715,46.122716,44.602715,45.822716,5261700
3/3/2015,45.816921,45.876922,44.876922,45.076923,2256200
3/4/2015,44.946671,45.036671,44.40667,44.776669,3258400
3/5/2015,45.229432,45.369435,44.529435,44.999432,2327600
3/6/2015,44.860813,45.090813,44.230812,44.340813,3486500
3/9/2015,44.41478,45.50478,44.024781,44.834782,3757800
3/10/2015,44.693329,44.843327,44.243328,44.263329,2182800
3/11/2015,44.433586,45.133587,44.283585,44.563583,3245000
3/12/2015,44.837501,45.397499,44.667499,45.3675,2276500
3/13/2015,45.39975,45.39975,44.559749,44.98975,2487100
3/16/2015,45.233089,45.553089,45.073089,45.50309,2519800
3/17/2015,45.137748,45.857749,44.927749,45.667751,2904600
3/18/2015,45.486417,46.266415,45.176415,46.016415,3020100
3/19/2015,45.969574,46.249577,45.609573,45.919575,2000700
3/20/2015,46.001763,46.431759,45.611759,45.851761,4542700
3/23/2015,46.067748,46.21775,45.55775,45.667751,4820100
3/24/2015,45.76183,46.131829,45.281826,45.541828,1938100
3/25/2015,45.715393,45.925396,44.765396,44.815395,4148400
3/26/2015,44.570434,44.940433,44.240433,44.660435,3550800
3/27/2015,44.686973,45.076973,44.546974,44.766975,2790500
3/30/2015,44.994972,45.48497,44.944969,45.444969,2206900
3/31/2015,45.304779,45.474781,44.834782,44.834782,2768400
4/1/2015,44.845394,45.105396,44.505394,44.815395,4751300
4/2/2015,44.988178,45.198177,44.738178,45.038177,3084000
4/6/2015,44.693516,45.213512,44.553512,44.873516,2385300
4/7/2015,45.023163,45.483162,44.953163,44.983162,2367100
4/8/2015,44.997612,45.237614,44.747612,44.837612,2565400
4/9/2015,44.917522,45.357525,44.777523,45.167522,2720800
4/10/2015,45.1991,45.889103,44.899101,45.7691,2278300
4/13/2015,45.864258,46.054257,45.254257,45.274258,2009300
4/14/2015,45.267131,45.597133,44.627131,45.507133,2669900
4/15/2015,45.654155,45.824157,45.514156,45.604156,1578500
4/16/2015,45.39999,45.769989,45.23999,45.73999,1585500
4/17/2015,45.510991,45.640988,45.070988,45.380989,2882000
4/20/2015,45.492965,45.732967,45.312965,45.642967,2888000
4/21/2015,45.868115,46.168118,45.688114,46.128117,3139000
4/22/2015,46.053261,46.12326,45.53326,45.633259,2075700
4/23/2015,45.542676,45.702675,45.172677,45.652676,2113300
4/24/2015,45.467128,46.567131,45.307129,46.487129,3449500
4/27/2015,46.589207,46.599209,45.349209,45.439209,2684100
4/28/2015,45.361881,45.46188,44.281879,44.37188,4492400
4/29/2015,44.157017,44.597016,43.757015,43.877018,3997600
4/30/2015,43.760784,44.130783,42.990783,43.10078,4330200
5/1/2015,43.40514,43.58514,43.065139,43.285141,5835100
5/4/2015,43.401676,44.211677,43.361675,44.051678,4782900
5/5/2015,45.773358,46.083356,43.773358,44.323357,7681200
5/6/2015,44.584953,44.594952,43.844952,43.944954,4441400
5/7/2015,43.976925,44.396923,43.676922,44.206924,2427000
5/8/2015,44.626819,44.726817,44.206817,44.536819,2548200
5/11/2015,44.541184,44.981182,44.301182,44.721184,3405100
5/12/2015,44.366329,44.506329,43.986328,44.22633,2230400
5/13/2015,44.265133,44.645134,44.065132,44.265133,2159800
5/14/2015,44.495537,44.945538,44.105538,44.905537,1959600
5/15/2015,45.139301,45.529301,45.049301,45.109303,2831500
5/18/2015,45.062176,45.382175,44.932175,45.342175,2776400
5/19/2015,45.470791,46.280789,45.330792,46.040791,3845700
5/20/2015,46.065845,46.405845,45.585846,45.875843,2206600
5/21/2015,45.910397,46.470394,45.630394,46.380394,3599300
5/22/2015,46.295441,46.425442,46.085442,46.215443,1832300
5/26/2015,46.095943,46.625942,46.085941,46.525944,3999500
5/27/2015,46.511387,48.011387,46.201385,47.981388,5447800
5/28/2015,47.831497,48.091495,46.941498,47.651497,4934000
5/29/2015,47.961896,48.481896,47.651898,48.291897,5084100
6/1/2015,48.441593,48.891594,47.891594,48.301594,4496100
6/2/2015,48.247535,48.497535,47.427536,48.107536,2668300
6/3/2015,48.408425,48.428426,47.868424,48.078423,1976000
6/4/2015,47.597732,48.137733,47.397731,47.447735,2080700
6/5/2015,47.244462,47.714459,46.954461,47.554459,2412000
6/8/2015,47.300698,47.770699,47.2907,47.350697,1892000
6/9/2015,47.207633,47.907634,47.057635,47.777637,2675500
6/10/2015,47.934269,48.424271,47.524269,48.214268,2012100
6/11/2015,48.31892,48.558922,48.118919,48.38892,2055700
6/12/2015,48.172386,48.402386,47.552383,47.622387,2033300
6/15/2015,47.37674,47.886738,47.246739,47.80674,3015000
6/16/2015,47.823677,48.253678,47.42368,48.233677,1817900
6/17/2015,48.260014,48.880013,48.220013,48.680012,2804400
6/18/2015,48.790218,49.100215,48.660217,49.000217,3696100
6/19/2015,48.867939,49.127937,48.707939,48.74794,2906800
6/22/2015,49.108516,49.208519,48.578518,48.728519,2040400
6/23/2015,48.911106,49.351104,48.741108,48.971107,2104100
6/24/2015,48.773678,48.823677,48.233677,48.233677,2561900
6/25/2015,48.195282,53.735283,47.925282,53.735283,3228100
6/26/2015,52.486038,52.556038,46.816036,47.176037,20823300
6/29/2015,47.112075,47.292076,45.642078,45.672077,5149400
6/30/2015,46.237923,47.177926,45.777924,46.787926,4372800
7/1/2015,47.311692,47.601693,46.391694,46.991692,5532100
7/2/2015,47.165256,47.225258,46.455257,46.875259,2070900
7/6/2015,46.602584,46.962585,46.332583,46.962585,3088100
7/7/2015,47.118027,47.358025,45.678024,46.458027,5656200
7/8/2015,45.9696,46.049602,45.079601,45.099602,3452800
7/9/2015,45.726929,45.986927,45.176929,45.186928,3417400
7/10/2015,45.605351,45.79535,45.425351,45.56535,2917500
7/13/2015,45.702964,46.042965,45.442966,45.642967,3050000
7/14/2015,45.630501,46.150501,44.870499,46.050499,5636300
7/15/2015,46.100887,46.230888,45.610885,45.710888,2099400
7/16/2015,45.964454,46.794456,45.964454,46.574455,3423500
7/17/2015,46.580395,46.880394,46.300396,46.380394,2324000
7/20/2015,46.64535,47.575351,46.565352,47.525352,3364200
7/21/2015,48.2412,48.291199,47.471199,47.661198,4412700
7/22/2015,47.564465,48.574467,47.534466,48.534466,2937300
7/23/2015,48.479519,48.909519,48.029518,48.369518,2457900
7/24/2015,48.430199,48.830196,47.860199,48.020199,2081000
7/27/2015,47.920508,48.100509,47.300509,48.010509,1683500
7/28/2015,48.069218,48.119218,46.719216,47.399216,4846300
7/29/2015,47.662581,47.722583,46.432582,46.962585,3629900
7/30/2015,46.518131,47.278133,46.518131,47.108131,1576800
7/31/2015,47.365352,47.995353,47.285354,47.525352,2539800
8/3/2015,47.720203,48.050205,46.550205,47.040203,3559500
8/4/2015,47.659219,48.549218,46.829217,47.399216,4867300
8/5/2015,47.50634,47.676338,47.076339,47.16634,4118200
8/6/2015,48.126144,48.816143,46.536144,46.846142,3223400
8/7/2015,46.685257,47.035259,46.005257,46.875259,3466000
8/10/2015,47.062878,47.652878,46.842877,46.952877,3064500
8/11/2015,46.718605,47.188606,46.488605,46.858604,1794100
8/12/2015,46.558407,46.738407,45.538406,46.518406,3520300
8/13/2015,46.484013,47.044014,46.264011,46.324013,2574800
8/14/2015,46.319337,46.319337,45.609334,46.139336,2565400
8/17/2015,45.935138,47.345138,45.895137,47.325138,1849600
8/18/2015,47.252056,47.442055,46.352055,46.392056,2847800
8/19/2015,46.106999,46.836998,45.876999,46.566998,2153500
8/20/2015,46.059903,46.379902,44.979901,45.079903,2515600
8/21/2015,44.588009,45.058011,43.748009,43.758011,3775200
8/24/2015,41.289783,43.749786,36.509785,42.309784,5725500
8/25/2015,43.396965,43.646965,41.366966,41.366966,3814300
8/26/2015,42.309604,43.089607,40.749607,43.009605,5873300
8/27/2015,43.424472,44.864475,42.824474,44.574474,4602100
8/28/2015,44.726707,44.84671,43.77671,44.496708,2711400
8/31/2015,44.482216,44.652214,43.512214,43.612213,2557600
9/1/2015,42.717167,43.657165,42.547165,42.747166,4346100
9/2/2015,43.255214,43.895214,42.635216,43.855213,2699700
9/3/2015,44.071762,44.371761,43.071762,43.281761,2932500
9/4/2015,42.736324,43.496323,42.296322,42.776321,4195500
9/8/2015,43.461666,43.681664,42.561665,43.631664,4134900
9/9/2015,43.948017,44.028015,42.618015,42.718018,2905300
9/10/2015,42.687073,43.687073,42.557072,43.097073,2871200
9/11/2015,43.338577,43.86858,42.858578,43.738579,2476200
9/14/2015,43.62344,43.753441,42.94344,43.223442,2182200
9/15/2015,43.436894,43.866894,43.216893,43.796894,1949000
9/16/2015,43.542317,43.602314,42.452317,43.262314,4242600
9/17/2015,43.46027,45.340271,43.46027,44.720268,5470500
9/18/2015,44.045215,44.435215,43.635216,43.855213,7969300
9/21/2015,44.032589,44.32259,42.862591,43.25259,2502700
9/22/2015,42.77016,43.280162,42.500164,42.990162,2368400
9/23/2015,42.957638,43.417637,42.747639,43.077637,1802500
9/24/2015,42.908108,42.978108,41.788105,42.368107,3202000
9/25/2015,42.918378,42.948376,40.688378,41.318375,3498000
9/28/2015,41.14986,41.179859,38.259861,38.839859,8954900
9/29/2015,39.188548,39.658549,37.868549,38.538551,7328400
9/30/2015,39.475659,40.065659,39.195656,40.025658,4908500
10/1/2015,39.912579,40.182579,39.212578,40.13258,4131800
10/2/2015,39.424084,41.834084,39.284085,41.814083,4036800
10/5/2015,41.948846,42.188843,41.148842,41.648842,5467700
10/6/2015,41.619774,41.939773,40.029774,40.229774,4622200
10/7/2015,40.393894,41.513893,40.033894,41.473892,4157200
10/8/2015,41.34848,42.188481,40.768479,42.00848,4434600
10/9/2015,41.910248,42.110248,41.570247,41.600246,2863000
10/12/2015,41.682774,41.872773,41.232773,41.512772,2848100
10/13/2015,41.353706,41.933704,41.003704,41.133705,3285500
10/14/2015,41.152019,41.772018,40.94202,41.19202,2940800
10/15/2015,40.484635,41.914635,40.374638,41.794636,2481500
10/16/2015,41.978573,42.908573,41.958573,42.698574,4120400
10/19/2015,42.582782,42.782779,42.002781,42.55278,1924800
10/20/2015,42.452122,42.572121,41.622124,41.882122,2810000
10/21/2015,42.212204,42.392204,38.362202,40.492203,9647400
10/22/2015,40.546311,40.756314,38.836312,39.656311,8908000
10/23/2015,39.967529,41.987529,39.857528,41.34753,7391500
10/26/2015,41.252862,41.772862,40.802865,41.162861,2929300
10/27/2015,41.311927,42.16193,41.09193,41.541931,4570300
10/28/2015,41.475106,42.575108,41.095108,42.125107,3219100
10/29/2015,42.089222,42.689221,42.019223,42.32922,2791000
10/30/2015,42.174359,42.484357,41.684357,41.804356,3774400
11/2/2015,42.299885,43.279884,41.929882,42.999886,4298800
11/3/2015,45.248077,45.678078,44.178078,45.408077,8007200
11/4/2015,45.430173,45.92017,45.010171,45.33017,7718100
11/5/2015,45.36874,45.588738,43.728737,44.268738,5177500
11/6/2015,44.195374,45.075371,43.625374,44.765373,3496200
11/9/2015,44.579827,44.839829,43.759827,44.599827,3707900
11/10/2015,44.647731,44.837734,44.057731,44.677734,2963200
11/11/2015,44.738693,44.738693,43.878696,43.898697,2118900
11/12/2015,43.843109,44.02311,43.29311,43.36311,2858600
11/13/2015,43.194722,43.904725,43.024724,43.674721,3283700
11/16/2015,43.812927,44.232925,43.542927,44.112926,3532300
11/17/2015,43.830609,44.910611,43.53061,44.57061,3638700
11/18/2015,44.573666,45.963666,44.123666,45.943665,3378000
11/19/2015,45.821006,45.981006,45.341007,45.671009,2928500
11/20/2015,45.759998,46.329998,45.619999,46.079998,3679400
11/23/2015,45.999432,46.199432,45.379433,45.729431,3265300
11/24/2015,45.330215,45.760216,45.070213,45.700214,1713500
11/25/2015,45.569164,45.999165,45.429165,45.739166,2196800
11/27/2015,45.906284,45.996285,45.676285,45.846287,1155100
11/30/2015,45.856247,46.026245,45.236244,45.476246,3481900
12/1/2015,45.578117,45.898117,44.978115,45.778114,2956900
12/2/2015,45.854885,45.964885,44.854885,45.154884,2335100
12/3/2015,45.295552,45.355553,43.755551,44.015553,2465300
12/4/2015,44.142533,45.282532,43.95253,45.242531,2237600
12/7/2015,45.266948,45.626949,44.146945,44.706947,2108700
12/8/2015,44.246155,44.996155,44.196156,44.736153,1335200
12/9/2015,44.42529,44.995289,43.78529,44.025288,1768000
12/10/2015,43.951966,45.281968,43.941968,44.891964,2462300
12/11/2015,44.189041,44.799042,44.129044,44.629044,4233700
12/14/2015,44.629116,45.419117,44.329117,45.369118,3881100
12/15/2015,45.819164,46.419167,45.639164,45.739166,4154100
12/16/2015,46.18602,46.316021,44.926022,45.856022,3441900
12/17/2015,46.045455,46.345455,45.265457,45.505455,2642300
12/18/2015,45.378857,46.398858,45.268861,45.378857,5439700
12/21/2015,45.589474,46.129471,45.319473,46.099472,2467100
12/22/2015,46.24952,47.209519,46.139519,46.469521,2384200
12/23/2015,46.582698,46.842696,46.352699,46.722698,2368400
12/24/2015,46.598771,47.188771,46.368771,46.868771,965300
12/28/2015,46.704791,46.944793,46.334792,46.644794,928300
12/29/2015,47.103531,47.353531,46.693531,47.063534,1483800
12/30/2015,47.065373,47.385373,46.745369,46.995369,1453700
12/31/2015,46.674274,47.144276,46.554275,46.664272,1768500
1/4/2016,45.701314,46.481316,45.511315,46.031315,2871700
1/5/2016,46.251911,46.841911,46.021912,46.751911,3116700
1/6/2016,46.011662,47.09166,46.00166,46.761662,4670500
1/7/2016,45.76991,46.779908,45.069909,45.339909,4324400
1/8/2016,45.737732,46.367733,44.447735,44.677734,4946100
1/11/2016,44.931793,45.171795,42.661797,43.411797,4151300
1/12/2016,42.691574,43.871574,42.071575,43.791576,7774900
1/13/2016,44.116646,44.196648,41.896645,42.116646,4197600
1/14/2016,42.183586,43.243588,41.503586,42.973587,4794900
1/15/2016,41.863247,42.713245,41.633247,42.243248,4529100
1/19/2016,43.070526,43.680526,41.690525,42.150524,4595000
1/20/2016,41.516087,43.226086,41.356087,42.736088,5212900
1/21/2016,42.753178,42.883175,41.943177,42.043179,3777400
1/22/2016,42.545471,42.775471,42.055469,42.355473,3397500
1/25/2016,42.210285,42.730285,42.020286,42.160286,2364200
1/26/2016,42.244163,43.004165,42.094166,42.814163,3797500
1/27/2016,42.631492,43.321495,41.761493,42.111496,3242500
1/28/2016,42.368943,42.548943,41.67894,41.808941,5660400
1/29/2016,42.163903,42.323903,41.573903,42.013901,7032600
2/1/2016,41.966068,42.356067,41.476066,41.926067,4702400
2/2/2016,41.425907,41.525906,40.365906,40.715908,3441500
2/3/2016,40.845772,41.005772,39.455773,40.315773,5145100
2/4/2016,40.150238,40.950237,39.930236,40.540237,3918600
2/5/2016,40.335407,40.525405,39.625408,39.925407,4058100
2/8/2016,39.432728,39.742725,38.622726,39.222725,4314300
2/9/2016,38.620674,40.000671,38.430671,38.900673,5912100
2/10/2016,39.223426,39.533428,38.303428,38.38343,6629200
2/11/2016,38.032703,38.582702,37.312701,38.412704,8058200
2/12/2016,38.83696,39.506959,38.236958,39.456959,6734700
2/16/2016,40.686959,40.896958,38.756959,39.456959,5614300
2/17/2016,39.773983,40.993984,39.463985,40.793983,7226900
2/18/2016,40.548691,41.358689,40.518689,41.00869,5350400
2/19/2016,41.063252,41.223252,40.393254,40.823254,3844500
2/22/2016,41.090638,41.800641,40.76064,41.740639,3476600
2/23/2016,41.560261,42.18026,41.27026,41.350258,2499000
2/24/2016,40.920258,41.400257,40.230259,41.350258,3086800
2/25/2016,41.337505,41.887504,40.757507,41.867508,4114600
2/26/2016,41.970509,42.320507,41.200508,41.340508,2654300
2/29/2016,41.111793,41.181793,40.061794,40.071796,3550500
3/1/2016,40.476762,41.126759,39.866761,41.086758,5280700
3/2/2016,40.905907,41.175907,40.505905,40.715908,2507700
3/3/2016,40.731308,40.861305,39.711308,40.091309,4459400
3/4/2016,40.098053,40.338051,39.63805,39.81805,3557900
3/7/2016,39.608417,40.438419,39.468418,40.20842,3540500
3/8/2016,39.871765,40.171764,39.191765,39.261765,3266300
3/9/2016,39.576237,39.626236,38.866238,39.486237,4083700
3/10/2016,38.959472,39.649475,38.389472,38.949474,7999500
3/11/2016,39.192291,40.90229,39.01229,40.862289,5890900
3/14/2016,40.635773,40.715771,40.075772,40.315773,3338500
3/15/2016,40.079975,40.109974,38.989975,39.739975,7034600
3/16/2016,39.886239,39.886239,39.126236,39.486237,5147400
3/17/2016,39.534043,39.714039,38.564041,38.764042,7288100
3/18/2016,38.936603,40.056606,38.816604,39.876606,5812800
3/21/2016,39.908314,41.028313,39.878315,40.618313,5461700
3/22/2016,40.561115,41.861114,40.561115,41.721115,7592600
3/23/2016,41.773762,41.813763,41.123765,41.613762,5261500
3/24/2016,41.247619,42.03762,41.10762,41.457619,4796600
3/28/2016,41.474835,41.624832,40.954834,41.164833,2038300
3/29/2016,40.962219,42.102218,40.82222,42.082218,2756000
3/30/2016,42.180547,43.320546,42.170545,42.960545,5311700
3/31/2016,42.333084,43.483081,42.183082,43.263084,6326700
4/1/2016,42.937202,43.977203,42.887203,43.907204,4549300
4/4/2016,43.998672,44.938675,43.928673,44.658672,5400600
4/5/2016,44.249596,44.969598,43.999596,44.839596,6004300
4/6/2016,44.758305,46.558304,44.658307,46.228306,6180800
4/7/2016,45.920066,46.200069,45.790069,46.150066,5865600
4/8/2016,46.325577,46.425575,45.505577,45.905575,4872700
4/11/2016,45.971527,46.011528,45.451527,45.641525,3962100
4/12/2016,45.804032,46.084031,45.56403,45.97403,3626400
4/13/2016,46.103238,46.453236,45.903237,46.453236,3295700
4/14/2016,46.219497,46.909496,46.069496,46.619495,3040800
4/15/2016,46.689792,47.079791,46.509792,47.049793,3189400
4/18/2016,46.909657,47.709656,46.699657,47.499657,3033300
4/19/2016,47.61987,48.029869,47.289872,47.489872,2426200
4/20/2016,47.491863,47.651863,46.821861,47.401863,2702100
4/21/2016,47.352516,47.76252,46.972519,47.372517,2998900
4/22/2016,47.468113,47.878113,47.108112,47.568111,2117600
4/25/2016,47.297203,47.317204,46.167202,46.277203,5239600
4/26/2016,46.350807,46.710803,45.900806,46.560806,3360100
4/27/2016,46.564118,46.764118,46.294117,46.414116,2490100
4/28/2016,46.190067,46.600066,45.930068,46.150066,1888600
4/29/2016,46.123588,46.273589,45.583587,45.993587,3342300
5/2/2016,46.141556,47.041553,45.811554,46.971554,3705400
5/3/2016,46.828902,47.308902,46.558902,47.088905,4474600
5/4/2016,46.873146,47.003147,45.013145,46.013145,5426200
5/5/2016,46.256927,47.216926,45.966926,47.176929,3536200
5/6/2016,46.266765,46.686764,45.816765,46.296764,3499600
5/9/2016,46.333237,46.983235,46.073235,46.453236,6012400
5/10/2016,45.263962,45.61396,45.11396,45.533962,12366000
5/11/2016,45.486286,45.836284,44.976288,44.986286,5596500
5/12/2016,44.83078,45.40078,44.540783,45.230782,6171400
5/13/2016,45.327698,45.577698,45.007699,45.367699,3167500
5/16/2016,45.109325,45.909325,45.049328,45.739326,3694300
5/17/2016,45.685272,45.895271,45.205273,45.475273,2562600
5/18/2016,45.315132,46.185135,45.275135,45.925133,3498500
5/19/2016,45.766812,45.906811,44.896809,45.406811,2189200
5/20/2016,45.66293,46.062927,45.482929,46.02293,5065200
5/23/2016,45.97747,46.017471,45.377472,45.377472,2356000
5/24/2016,45.767864,46.317864,45.697865,46.247864,3450200
5/25/2016,46.354248,46.52425,45.84425,45.964249,4637700
5/26/2016,45.846988,46.42699,45.726989,46.286991,3107000
5/27/2016,46.50029,46.640289,46.060287,46.140289,2023200
5/31/2016,46.374992,46.664993,46.064995,46.374992,2804200
6/1/2016,46.435521,46.945519,46.175519,46.795517,2140700
6/2/2016,46.829353,47.119354,46.599354,47.069355,1750900
6/3/2016,47.033756,47.053757,46.373756,46.873756,2287000
6/6/2016,46.863178,47.353176,46.76318,47.343178,2006600
6/7/2016,47.014508,47.464505,46.824505,47.284504,2432500
6/8/2016,47.302296,47.512299,47.142296,47.382298,1827200
6/9/2016,47.299134,47.619133,46.859131,47.079132,2121200
6/10/2016,46.295666,46.555664,45.905667,46.345665,4378900
6/13/2016,46.152095,46.302097,45.132099,45.172096,2829900
6/14/2016,44.990066,46.190067,44.930068,46.150066,4244700
6/15/2016,46.149399,46.669399,46.089401,46.179401,3517900
6/16/2016,45.958523,46.318524,45.518524,46.218521,2366900
6/17/2016,46.186592,46.236591,45.416592,45.416592,4010000
6/20/2016,45.976234,46.276237,45.796238,45.876236,2543500
6/21/2016,46.087864,46.327862,45.637863,46.247864,2698500
6/22/2016,46.116989,46.74699,45.796989,46.286991,2640200
6/23/2016,46.544417,46.844421,46.384418,46.844421,2291500
6/24/2016,45.205056,46.335057,45.155056,45.485054,6423700
6/27/2016,45.299072,45.589073,44.279072,44.419071,5046800
6/28/2016,44.972188,45.492184,44.752186,45.492184,3628500
6/29/2016,45.935798,46.435798,45.735797,46.295799,3603900
6/30/2016,46.241398,46.581398,46.0214,46.511398,3769000
7/1/2016,46.551594,47.031594,46.401592,46.501595,2008300
7/5/2016,46.230602,46.680603,45.890602,46.550602,2655400
7/6/2016,46.24881,47.17881,46.048809,47.128811,3451600
7/7/2016,47.146793,47.216793,46.506794,46.736794,2336900
7/8/2016,46.870613,47.640614,46.820614,47.530613,2852000
7/11/2016,47.614811,47.714809,47.314808,47.32481,2011600
7/12/2016,47.553211,47.94321,47.243213,47.893211,1824100
7/13/2016,48.086819,48.296818,47.956818,48.206818,2574300
7/14/2016,48.621029,49.061031,48.371029,48.98103,2617900
7/15/2016,49.087033,49.277031,48.527031,48.687031,2089100
7/18/2016,48.696229,49.216229,48.586232,48.726231,2756800
7/19/2016,48.513225,48.753227,48.013225,48.383224,2305700
7/20/2016,48.515632,49.335632,48.455631,49.245632,2530800
7/21/2016,49.207829,49.387829,49.007828,49.137829,1710800
7/22/2016,49.165428,49.355431,48.865429,49.255428,1308000
7/25/2016,49.19083,49.240833,48.730831,48.990833,2053700
7/26/2016,49.002236,49.052235,48.692235,48.922234,2582500
7/27/2016,48.92363,49.063633,48.633633,48.85363,3930000
7/28/2016,48.84943,49.16943,48.569432,49.059433,2852900
7/29/2016,48.981236,49.571236,48.961235,49.461235,3501500
8/1/2016,49.462634,49.732635,49.362632,49.392635,3715300
8/2/2016,49.226231,49.25623,48.296231,48.726231,5500500
8/3/2016,51.12645,51.156448,49.696449,50.186447,5425500
8/4/2016,50.502453,50.962456,50.162453,50.382454,4515400
8/5/2016,50.71885,50.71885,49.998848,50.068848,4222000
8/8/2016,50.004642,50.044643,49.464642,49.784641,5174600
8/9/2016,49.81205,49.962048,49.622047,49.912048,3666700
8/10/2016,49.734455,50.964455,49.574456,50.774456,5086400
8/11/2016,50.84925,51.119251,50.59925,51.029251,3050700
8/12/2016,50.891059,51.061057,50.66106,50.941059,1980700
8/15/2016,51.11306,51.43306,51.033062,51.333061,2280700
8/16/2016,51.118862,51.418861,50.898861,51.048862,2696900
8/17/2016,51.254658,51.324658,50.644658,51.254658,3027600
8/18/2016,51.354863,51.59486,51.044861,51.244862,1842500
8/19/2016,51.009864,51.559864,51.009864,51.489864,2713900
8/22/2016,50.976047,51.246047,50.086048,50.206047,5297800
8/23/2016,50.365646,50.615646,50.205647,50.225647,3518500
8/24/2016,50.248043,50.408043,49.548046,49.618046,3262800
8/25/2016,49.611233,50.021233,49.351235,49.461235,2919300
8/26/2016,49.645443,50.145443,49.455444,49.745441,2707100
8/29/2016,49.745441,49.945442,49.405441,49.745441,2360600
8/30/2016,49.665638,49.88564,49.355637,49.735638,2878600
8/31/2016,49.718655,50.158653,49.458653,50.078651,3446700
9/1/2016,50.128445,50.128445,49.598442,50.088444,2695000
9/2/2016,50.315449,50.375451,50.055451,50.235447,2226500
9/6/2016,50.384846,50.684845,50.134846,50.264847,3957400
9/7/2016,50.399861,51.009861,50.349861,50.999863,3766400
9/8/2016,51.002453,51.072452,50.272453,50.382454,5513000
9/9/2016,50.222836,50.222836,49.372837,49.382835,3173300
9/12/2016,49.167648,50.317649,49.047649,50.127651,5678000
9/13/2016,49.724232,49.91423,49.184231,49.314232,3880000
9/14/2016,49.409641,49.819645,49.339641,49.539642,3544600
9/15/2016,49.696232,49.916233,49.186234,49.706234,3331000
9/16/2016,49.860436,49.860436,49.290436,49.500435,8679600
9/19/2016,49.644234,49.834232,49.264232,49.314232,2427300
9/20/2016,49.638642,49.73864,49.498638,49.588638,1722800
9/21/2016,49.579433,50.099434,49.399433,50.039436,2487000
9/22/2016,50.168053,50.788052,50.118054,50.598053,3172900
9/23/2016,50.600449,50.740448,50.30045,50.480446,2560500
9/26/2016,50.37645,50.37645,50.036449,50.186447,3267000
9/27/2016,50.163262,50.843262,49.85326,50.83326,3203400
9/28/2016,50.945656,51.135654,50.185657,50.715656,2842300
9/29/2016,50.720246,50.890244,49.910244,50.000244,2877900
9/30/2016,50.100456,51.080456,49.910458,50.970455,3971600
10/3/2016,50.713458,51.38346,50.583461,51.313461,2412700
10/4/2016,51.384461,51.564462,50.73446,51.264462,3189800
10/5/2016,51.267067,51.377064,50.907067,51.137066,2607500
10/6/2016,50.907646,50.987647,50.367649,50.617649,2702500
10/7/2016,51.04366,51.173657,50.513657,50.813656,3323600
10/10/2016,50.946865,52.086864,50.946865,51.636864,3118800
10/11/2016,51.291439,51.331436,49.211438,49.941437,7512200
10/12/2016,50.002247,50.542248,49.762249,50.392246,4602000
10/13/2016,50.110245,50.180245,49.630246,50.000244,2812200
10/14/2016,50.157029,50.167027,49.177029,49.177029,2485400
10/17/2016,49.150032,49.290031,48.870029,49.030029,2644600
10/18/2016,49.549435,50.109436,49.489433,50.039436,2028100
10/19/2016,50.368442,50.368442,49.798443,50.088444,1605200
10/20/2016,50.054654,50.384652,49.944653,50.274651,1497800
10/21/2016,49.961842,50.15184,49.681843,49.921841,2032200
10/24/2016,50.04005,50.170048,49.79005,50.010048,1674000
10/25/2016,49.46083,49.46083,48.64083,48.990833,3556800
10/26/2016,48.585217,48.665215,47.755216,47.795216,3930100
10/27/2016,48.145215,48.275216,47.685216,47.795216,2564500
10/28/2016,47.51941,47.749409,46.92941,47.589409,3621800
10/31/2016,47.734593,47.824593,46.804592,46.844593,4635800
11/1/2016,46.757817,47.047818,46.007817,46.397816,8722800
11/2/2016,50.006225,50.076225,47.926227,49.206226,8106200
11/3/2016,49.287143,49.337146,47.827144,48.067146,4550200
11/4/2016,48.159293,49.319293,48.069293,49.039291,4234200
11/7/2016,49.71857,49.938571,48.918571,49.078571,9364500
11/8/2016,48.812259,50.052257,48.442256,49.42226,3852200
11/9/2016,50.970172,51.270172,49.400173,50.080173,5102900
11/10/2016,50.728551,50.918549,49.558549,50.168549,5661800
11/11/2016,49.927211,50.04721,49.217212,49.697212,3526600
11/14/2016,49.966972,50.116974,48.016976,48.076973,3681300
11/15/2016,47.823539,48.303539,47.353542,48.263542,5996800
11/16/2016,48.379135,48.759136,47.889137,47.959137,2499400
11/17/2016,48.192459,48.672458,47.912456,48.322456,3645100
11/18/2016,48.350201,49.210202,48.330201,48.9902,4747900
11/21/2016,49.048214,49.248215,48.848213,49.098213,2730200
11/22/2016,48.954876,49.104878,48.174878,48.734879,3018500
11/23/2016,48.474968,49.274967,47.964966,49.274967,2056200
11/25/2016,49.444965,49.584969,49.154968,49.274967,804700
11/28/2016,49.095504,49.485503,48.885505,49.245506,2695200
11/29/2016,49.120094,49.670097,49.120094,49.540096,2313600
11/30/2016,49.701363,49.911362,49.361362,49.471363,3782100
12/1/2016,49.523361,49.66336,47.73336,48.273361,4252000
12/2/2016,48.434445,48.474446,47.664444,48.214443,3182800
12/5/2016,48.05146,48.941459,48.05146,48.921459,2578200
12/6/2016,48.774239,49.324239,48.644238,49.31424,2573000
12/7/2016,50.275487,50.455487,48.865487,50.335484,4037800
12/8/2016,49.967915,50.767914,49.727913,50.747913,3217000
12/9/2016,50.924123,51.544122,50.66412,50.954121,2664300
12/12/2016,50.901619,51.011619,49.851619,50.001617,5021800
12/13/2016,50.339275,50.509277,49.889278,50.129276,5177700
12/14/2016,50.113053,50.553055,49.653054,49.923054,2890500
12/15/2016,51.226367,51.826369,50.716369,51.376369,3995200
12/16/2016,51.513844,51.803845,51.283845,51.513844,3603200
12/19/2016,51.515107,52.115109,51.315106,51.445107,2137800
12/20/2016,52.262303,52.522302,51.872304,52.1423,2580800
12/21/2016,52.371945,52.451943,51.771943,52.161942,2754600
12/22/2016,51.709412,52.409413,51.709412,52.299412,1515800
12/23/2016,52.230038,52.810036,52.210037,52.810036,1942400
12/27/2016,52.81112,53.181123,52.681123,52.751122,1345000
12/28/2016,52.796165,52.886165,52.386165,52.476166,1241900
12/29/2016,52.502926,52.812924,52.432927,52.652924,1046700
12/30/2016,52.674545,52.774548,52.304546,52.564545,1701200
1/3/2017,52.913464,53.413464,52.373463,52.623463,3579700
1/4/2017,52.744083,53.204082,52.12408,53.134083,3316300
1/5/2017,53.167332,53.197331,52.627331,52.957333,2469100
1/6/2017,52.87426,53.744263,52.754262,53.12426,2845800
1/9/2017,53.116973,53.376971,52.416972,52.976974,2123300
1/10/2017,53.057332,53.317334,52.717332,52.957333,2087100
1/11/2017,52.878517,53.148518,51.748516,52.348518,3400500
1/12/2017,52.127075,52.617077,52.067074,52.427074,1513600
1/13/2017,52.580753,52.910755,52.380752,52.770756,2458700
1/17/2017,52.540135,52.720135,51.970135,52.260136,2211200
1/18/2017,52.532154,53.152153,52.182156,52.442154,3199900
1/19/2017,52.438938,52.758938,52.258938,52.638939,2902500
1/20/2017,52.761372,53.52137,52.731369,53.101372,3573500
1/23/2017,52.78492,53.134918,52.724918,52.884918,2978600
1/24/2017,52.884437,53.124439,52.594436,52.914436,2490900
1/25/2017,53.230892,53.420895,52.860894,53.130894,5709100
1/26/2017,52.763466,53.573464,52.723465,52.973465,2272000
1/27/2017,53.21043,53.840431,53.090431,53.770432,2326800
1/30/2017,53.516544,53.636543,52.996544,53.396545,2317100
1/31/2017,53.125758,54.085761,52.915759,54.055759,3616500
2/1/2017,54.039649,54.459647,53.729648,54.429649,2492100
2/2/2017,54.113529,54.823532,53.823532,54.803532,2723000
2/3/2017,54.949985,55.169987,54.629986,55.019985,2309400
2/6/2017,54.762398,54.952396,54.522396,54.872398,2894300
2/7/2017,55.209022,55.419021,54.78902,55.079021,2402700
2/8/2017,55.069343,55.419342,54.829342,55.059341,2888900
2/9/2017,55.059341,55.599342,55.009342,55.059341,2655800
2/10/2017,55.103054,55.193054,54.653053,54.833054,6160900
2/13/2017,53.612542,54.602544,53.562543,54.252541,5636000
2/14/2017,54.254471,54.37447,53.904473,54.134472,5216300
2/15/2017,53.902385,54.422385,53.312385,54.262386,5639900
2/16/2017,53.840519,54.030521,51.15052,51.930519,12881800
2/17/2017,52.164867,52.674869,51.474869,51.664867,8167500
2/21/2017,51.629418,52.799416,51.479416,52.609417,5931400
2/22/2017,52.000878,52.680878,51.870877,52.520878,3595600
2/23/2017,52.637653,52.927654,52.397651,52.717655,4673400
2/24/2017,52.662823,53.042824,52.332825,53.012825,4819700
2/27/2017,52.983627,53.313629,52.683628,52.963631,4220600
2/28/2017,52.602001,53.112003,52.382004,52.452003,4106300
3/1/2017,52.862664,53.212666,52.682663,53.022663,3581100
3/2/2017,53.141033,53.221035,52.451034,52.511032,3299900
3/3/2017,52.480232,52.860233,52.390232,52.56023,2483600
3/6/2017,52.155689,52.475693,52.025692,52.225693,1832300
3/7/2017,52.005859,52.525859,51.785857,52.215858,2763200
3/8/2017,52.166976,52.556976,51.936977,52.146976,2095300
3/9/2017,52.185878,52.85588,52.045879,52.825878,3188000
3/10/2017,52.841515,52.901512,52.341515,52.481514,2833500
3/13/2017,52.467972,52.767971,52.377972,52.697971,2297800
3/14/2017,52.470234,52.690231,52.200233,52.56023,2277500
3/15/2017,52.516391,53.516391,52.516391,53.406391,2926100
3/16/2017,53.603967,53.603967,53.223965,53.553967,3245900
3/17/2017,53.750893,53.950894,52.980892,53.130894,4510200
3/20/2017,53.166393,53.576393,52.956394,53.406391,2180600
3/21/2017,53.61071,53.93071,52.380711,52.530708,3008300
3/22/2017,52.532986,53.082985,52.372986,53.002983,3276800
3/23/2017,53.024109,53.324109,52.734108,52.934109,3015600
3/24/2017,52.983311,53.343312,52.723313,52.983311,2384000
3/27/2017,52.621373,53.301369,52.531373,53.101372,3168400
3/28/2017,52.938316,53.438316,52.818314,53.288315,2328200
3/29/2017,53.17379,53.403789,52.85379,52.953789,2269900
3/30/2017,52.959416,52.959416,52.389416,52.609417,2697500
3/31/2017,52.121033,52.791035,52.121033,52.511032,3163800
4/3/2017,52.494255,52.594258,51.964257,52.314255,2806500
4/4/2017,52.325123,52.425121,51.625122,51.905125,3001600
4/5/2017,51.994835,52.584835,51.874832,51.924831,3762900
4/6/2017,51.934833,52.014831,51.504833,51.924831,4210500
4/7/2017,51.836681,52.016677,51.626678,51.79668,2218700
4/10/2017,51.853847,52.31385,51.72385,51.993851,1772300
4/11/2017,51.822297,52.112298,51.612298,52.102295,1976400
4/12/2017,51.817059,52.477059,51.777058,52.46706,2764500
4/13/2017,52.358762,52.608762,52.20876,52.348759,2104900
4/17/2017,52.333095,52.813095,52.243095,52.743095,1975300
4/18/2017,52.442391,52.882389,52.292389,52.792389,2194400
4/19/2017,52.958149,53.428147,52.878147,53.088146,4102700
4/20/2017,53.221924,53.691921,52.881924,53.521923,2232800
4/21/2017,53.463333,53.613334,53.233333,53.423332,2124700
4/24/2017,53.902015,54.372017,53.812015,54.212017,2770600
4/25/2017,54.340179,54.38018,53.920181,54.340179,4346100
4/26/2017,54.363815,54.893813,54.293815,54.783813,2665800
4/27/2017,54.861218,55.85122,54.721218,55.661217,2986400
4/28/2017,55.666172,55.826172,55.286175,55.316174,3339200
5/1/2017,55.343761,55.763763,55.233761,55.483761,3607800
5/2/2017,55.491074,55.731072,55.091072,55.671074,3728600
5/3/2017,55.303528,55.61353,54.713528,54.803528,5795900
5/4/2017,54.647126,58.767124,54.647126,58.037125,6923200
5/5/2017,57.918636,58.768639,57.638638,58.628639,6896000
5/8/2017,58.557976,58.907979,57.467976,57.977978,3160700
5/9/2017,57.959202,58.849202,57.709202,58.589203,3130500
5/10/2017,58.142551,59.28255,58.142551,59.052551,4052800
5/11/2017,58.835102,59.045101,58.405102,58.875103,3175500
5/12/2017,59.182839,59.342839,58.72284,59.032841,3425100
5/15/2017,58.921131,59.221131,58.711132,59.151131,2319400
5/16/2017,59.386467,59.526466,59.046467,59.476467,1816300
5/17/2017,59.484955,59.484955,58.844952,58.884953,2397600
5/18/2017,58.882412,59.442413,58.762413,59.062412,1583700
5/19/2017,59.126752,59.756753,59.086751,59.456753,2567700
5/22/2017,59.536751,60.026753,59.426751,59.456753,3117300
5/23/2017,59.630902,60.590901,59.630902,60.560902,3330500
5/24/2017,60.548599,61.608601,60.508598,61.418598,3689100
5/25/2017,61.674629,61.754627,61.284626,61.69463,2864900
5/26/2017,61.894214,62.224216,61.504214,61.724216,1985500
5/30/2017,61.569165,61.819165,60.979165,61.379162,2884400
5/31/2017,61.698887,61.818886,61.218883,61.398884,3789800
6/1/2017,61.56379,61.753788,61.103791,61.753788,3112500
6/2/2017,61.895775,62.415775,61.505775,61.615776,4110100
6/5/2017,61.533367,61.893368,61.263371,61.783367,3364600
6/6/2017,61.608978,62.18898,61.59898,62.088978,2420400
6/7/2017,62.035015,62.525013,61.955013,62.365013,1904700
6/8/2017,62.374626,62.60463,61.574627,61.69463,3086600
6/9/2017,61.604493,62.214489,61.48449,61.704491,2021700
6/12/2017,61.734963,61.834961,60.38496,60.97496,4522600
6/13/2017,60.947281,61.527279,60.147278,61.187279,2007100
6/14/2017,61.233913,61.823913,60.933914,61.453915,1822100
6/15/2017,61.051919,61.761918,60.951917,61.611916,1605500
6/16/2017,61.949929,62.219929,61.489929,61.769928,2821300
6/19/2017,62.093937,62.503937,62.003937,62.243935,1839500
6/20/2017,62.594315,63.064312,62.064312,62.214314,2077500
6/21/2017,62.344315,62.694314,62.054314,62.214314,2363000
6/22/2017,62.207951,63.047951,62.017952,62.717949,2379300
6/23/2017,62.71706,62.73706,61.69706,61.997059,5215500
6/26/2017,62.087807,62.137806,61.45781,61.937809,1911700
6/27/2017,61.937302,62.417302,61.8373,61.977299,2329900
6/28/2017,62.214935,62.674934,61.824936,62.164936,1635200
6/29/2017,62.290551,62.50055,61.27055,61.720551,1782100
6/30/2017,61.682041,62.152042,61.592041,61.602043,1890200
7/3/2017,61.618436,62.058434,61.488434,61.888432,744300
7/5/2017,61.929928,62.09993,61.559929,61.769928,3000300
7/6/2017,61.579402,61.729404,60.889404,61.019405,2319600
7/7/2017,61.519421,62.029423,61.339421,61.809422,2289500
7/10/2017,61.720921,61.93092,61.50092,61.690922,1596800
7/11/2017,61.634167,61.724167,61.184166,61.434166,1220200
7/12/2017,61.669804,62.159802,61.629803,61.779804,2016200
7/13/2017,61.773697,62.303696,61.703698,62.263695,2976100
7/14/2017,62.359944,62.739941,62.109944,62.55994,2131400
7/17/2017,62.663437,62.723434,62.243435,62.283436,1695800
7/18/2017,62.221043,62.221043,61.481041,61.681042,1808400
7/19/2017,61.931542,62.011544,61.511544,61.641541,1850600
7/20/2017,61.777431,62.157429,61.73743,61.96743,1394600
7/21/2017,61.962322,62.63232,61.602321,62.372322,2097200
7/24/2017,62.410702,62.6707,62.2607,62.500702,1811900
7/25/2017,62.215763,62.265762,60.355762,60.515762,6067900
7/26/2017,60.106034,61.426034,60.026032,61.286034,3153600
7/27/2017,61.286663,61.426663,60.926663,61.23666,2090500
7/28/2017,61.374169,61.874169,61.284168,61.434166,1540600
7/31/2017,61.6703,62.050301,61.540299,61.740299,2130400
8/1/2017,61.823414,61.913415,61.143414,61.493416,1751000
8/2/2017,61.272518,61.442516,60.612518,60.772518,1831100
8/3/2017,60.453297,61.693298,60.423298,61.503296,1768800
8/4/2017,61.595284,62.075283,61.085286,61.345284,1277500
8/7/2017,61.348904,61.568905,60.478905,61.058907,4208300
8/8/2017,59.741726,60.251724,58.751724,59.251724,4663700
8/9/2017,59.191624,60.111622,59.001621,60.051624,4017300
8/10/2017,60.124965,60.624965,58.964965,58.994968,2690700
8/11/2017,59.305091,59.475093,58.895091,58.985092,2285200
8/14/2017,59.432495,60.072498,59.282497,59.982498,2475400
8/15/2017,60.098881,60.91888,59.798881,60.268879,2220800
8/16/2017,60.503013,60.773014,60.313015,60.733013,1388900
8/17/2017,60.660503,61.210506,60.120506,60.140507,1765700
8/18/2017,59.952373,60.322376,59.682373,59.992374,1513100
8/21/2017,60.054894,60.704895,59.884896,60.584892,1806300
8/22/2017,60.491772,61.041775,60.331772,60.831772,3459300
8/23/2017,60.67477,60.834769,60.464771,60.594772,1597900
8/24/2017,60.844388,60.844388,60.384389,60.624386,2099000
8/25/2017,60.965142,61.205143,60.475144,60.565144,1965900
8/28/2017,60.762516,61.072517,60.612518,60.772518,2102100
8/29/2017,60.593014,60.903011,60.313015,60.733013,1331300
8/30/2017,60.747531,61.41753,60.727531,61.16753,2101800
8/31/2017,61.378052,62.038052,61.098053,61.918053,2934200
9/1/2017,61.965931,62.185932,61.645931,62.08593,1407500
9/5/2017,61.912194,62.462193,61.852192,62.382191,2859900
9/6/2017,62.759445,62.809444,62.269447,62.599445,3216100
9/7/2017,62.771233,64.311234,62.421231,64.041229,2558500
9/8/2017,64.043109,64.273113,63.813114,63.893108,2608200
9/11/2017,64.515877,64.575874,63.705872,64.465874,1842400
9/12/2017,64.434379,64.684379,64.364379,64.584381,1832000
9/13/2017,64.505875,65.015877,64.405876,64.465874,1517200
9/14/2017,64.286254,64.456253,63.956253,64.436256,2584700
9/15/2017,64.596878,64.826873,64.056877,64.386871,2115400
9/18/2017,64.496872,64.606872,63.826873,64.386871,1584900
9/19/2017,64.57212,64.602127,63.722122,63.972122,2005800
9/20/2017,63.915856,64.275857,63.205857,63.675858,2634700
9/21/2017,63.698852,64.058853,63.398849,63.43885,1232200
9/22/2017,63.499847,63.749847,63.139843,63.359848,1538400
9/25/2017,63.385963,63.485962,62.715961,62.875961,2214300
9/26/2017,62.920196,63.350196,62.500198,62.540199,1580000
9/27/2017,62.601692,62.891693,62.231693,62.421692,1959700
9/28/2017,62.580322,62.940323,62.000324,62.530323,1689700
9/29/2017,62.564839,62.984837,62.094837,62.964836,1981400
10/2/2017,63.044964,63.594963,62.894963,62.954964,1838500
10/3/2017,62.956955,63.306953,62.606957,62.796955,1809500
10/4/2017,62.887206,63.217208,62.687206,62.777206,1954400
10/5/2017,62.624962,63.194966,62.484963,62.954964,2345500
10/6/2017,62.954964,63.164963,62.784966,62.954964,2543600
10/9/2017,63.015208,63.075206,62.715205,62.935207,1257600
10/10/2017,62.951965,63.231964,62.641964,63.191967,2014600
10/11/2017,63.098351,63.478348,62.98835,63.478348,1612000
10/12/2017,63.430496,64.1305,63.3805,64.100502,1837900
10/13/2017,64.113884,64.713883,63.903885,64.623886,2401600
10/16/2017,64.770515,64.980522,64.54052,64.890518,2453400
10/17/2017,64.829269,65.289268,64.609267,64.989265,2251600
10/18/2017,65.092384,65.092384,64.43238,64.742378,1723200
10/19/2017,64.682144,64.872146,64.342148,64.762146,1572000
10/20/2017,64.80764,65.167641,64.417641,65.117645,1690100
10/23/2017,65.385872,65.535873,64.455872,64.465874,1782100
10/24/2017,64.519623,64.919624,64.029617,64.169624,1780700
10/25/2017,64.007104,64.187104,63.477105,63.577103,1964400
10/26/2017,63.795085,63.795085,62.795089,62.945091,3112800
10/27/2017,62.96122,63.571225,62.721222,63.251225,2911700
10/30/2017,63.261322,63.261322,62.241318,62.451321,3912200
10/31/2017,62.614086,63.344085,62.454086,63.024086,3798400
11/1/2017,63.395477,64.275482,63.215477,63.705482,3066000
11/2/2017,63.460571,67.010566,63.460571,66.470566,5185600
11/3/2017,66.913361,67.943367,66.583366,67.833366,4320700
11/6/2017,68.050629,69.610634,67.980629,68.84063,3884100
11/7/2017,68.876335,69.406334,67.296334,67.596329,5010100
11/8/2017,67.238587,68.85859,66.998589,68.748589,3933500
11/9/2017,68.400887,68.740883,68.200882,68.540886,2406600
11/10/2017,68.192749,68.48275,67.822754,68.372749,1905700
11/13/2017,68.255478,68.545479,67.805474,68.125473,2747300
11/14/2017,68.014305,69.184303,67.804306,69.134308,2372000
11/15/2017,68.927383,69.567383,68.587379,68.857384,2075500
11/16/2017,69.19873,69.718727,68.938728,69.638733,2055500
11/17/2017,69.464562,70.344567,69.464562,70.014565,2355100
11/20/2017,70.022812,70.362808,69.712807,70.172806,2268300
11/21/2017,70.248321,71.358321,70.188323,70.578323,2725400
11/22/2017,70.551498,71.051498,70.171493,70.291496,1437200
11/24/2017,70.389084,70.639084,70.149086,70.509087,1200300
11/27/2017,70.706337,71.016342,70.43634,70.75634,1997500
11/28/2017,70.807983,70.847984,70.477989,70.607986,2610400
11/29/2017,71.205574,71.315574,70.495575,70.825577,1618400
11/30/2017,71.048126,71.918129,71.048126,71.498131,2602100
12/1/2017,71.428024,71.558021,70.488022,71.508026,1932200
12/4/2017,71.662048,72.012047,70.222046,70.242043,3581400
12/5/2017,70.0439,70.993897,69.823898,70.073898,2261500
12/6/2017,69.822586,70.332589,69.702591,70.192589,1507400
12/7/2017,70.185249,71.055244,69.97525,70.855247,2694400
12/8/2017,71.102615,71.192619,70.512619,71.092613,1640000
12/11/2017,71.053825,71.18383,70.733826,70.983826,1172500
12/12/2017,70.978783,71.86879,70.848785,71.438789,1939900
12/13/2017,71.347145,72.197144,71.267144,71.587143,1595100
12/14/2017,71.463936,71.673935,70.783936,70.973938,1364500
12/15/2017,71.421738,71.481736,70.731736,71.171738,2843200
12/18/2017,71.164406,72.124405,71.114411,71.834404,1657800
12/19/2017,72.022545,72.782547,71.932548,72.002548,1946300
12/20/2017,71.883529,72.363533,71.373527,71.913528,1806300
12/21/2017,72.208229,72.518227,71.478226,71.488228,1163500
12/22/2017,71.481423,71.581429,71.001427,71.201424,1345700
12/26/2017,71.607591,71.757592,71.107591,71.547585,791900
12/27/2017,71.796379,71.896385,71.456383,71.65638,1159800
12/28/2017,71.697045,71.807045,71.347046,71.597046,710500
12/29/2017,71.760872,71.970871,71.25087,71.25087,1704100
1/2/2018,71.75383,71.803825,70.68383,70.983826,2135600
1/3/2018,70.98021,71.390213,70.550209,71.310211,2328200
1/4/2018,71.955513,72.115517,71.465515,71.735512,2534000
1/5/2018,72.026413,73.116409,71.766411,72.556412,2166100
1/8/2018,72.616775,73.606773,72.346779,73.426773,3631400
1/9/2018,73.877235,74.647239,73.647239,74.287239,2721800
1/10/2018,73.770393,73.990394,72.47039,73.100395,2257200
1/11/2018,73.232941,73.862938,72.902939,73.772934,1629300
1/12/2018,74.084176,74.864174,73.944169,74.564171,1915700
1/16/2018,75.232521,75.572525,74.382522,74.712524,2599100
1/17/2018,74.969055,76.189056,74.549056,75.929054,2766700
1/18/2018,75.937981,75.937981,75.137977,75.617981,2589000
1/19/2018,75.975288,76.19529,75.505287,75.905289,4829600
1/22/2018,75.947266,76.85727,75.897271,76.757271,4195100
1/23/2018,76.576241,77.596238,76.246239,76.866234,2264100
1/24/2018,77.429337,77.779335,76.869331,77.599335,2585300
1/25/2018,77.730743,78.640739,77.61074,78.510742,2327300
1/26/2018,78.742905,79.382904,78.632904,79.342903,2532800
1/29/2018,79.071404,79.211403,78.371407,78.441406,2662400
1/30/2018,77.709145,77.959145,77.179147,77.619141,3808700
1/31/2018,77.774254,78.054253,75.824257,76.014259,4136400
2/1/2018,76.114082,77.544083,75.964088,77.094086,2981800
2/2/2018,76.813789,77.403793,76.013793,76.063789,2595200
2/5/2018,75.951309,76.231308,72.49131,73.141312,2962000
2/6/2018,72.056526,73.876526,71.446525,72.586525,4924300
2/7/2018,72.011024,74.311027,72.001029,73.171028,4534900
2/8/2018,73.292954,73.892953,70.832955,70.842957,2730000
2/9/2018,71.555115,72.205109,69.525109,71.67511,3296500
2/12/2018,72.257278,73.357277,71.917274,72.507278,3828000
2/13/2018,72.426811,73.106811,72.276809,72.556808,2416200
2/14/2018,72.095429,73.875428,72.085427,73.765427,2947800
