"","ABBV.Open","ABBV.High","ABBV.Low","ABBV.Close","ABBV.Volume","ABBV.Adjusted"
"2013-01-02",34.919998,35.400002,34.099998,35.119999,13767900,27.193508
"2013-01-03",35,35,34.16,34.830002,16739300,26.968964
"2013-01-04",34.619999,34.889999,34.25,34.389999,21372100,26.628265
"2013-01-07",34.150002,35.450001,34.150002,34.459999,17897100,26.682472
"2013-01-08",34.290001,34.639999,33.360001,33.709999,17863300,26.101748
"2013-01-09",33.610001,33.950001,33.610001,33.900002,18800400,26.248867
"2013-01-10",33.66,34,33.330002,34,15658100,26.326286
"2013-01-11",33.59,33.900002,33.349998,33.849998,11191500,26.522167
"2013-01-14",34.009998,34.25,33.799999,34.09,11584900,26.71022
"2013-01-15",33.709999,34.720001,33.709999,34.599998,13040200,27.10981
"2013-01-16",34.470001,35.540001,34.450001,35.540001,16512700,27.846325
"2013-01-17",35.75,36.700001,35.75,36.419998,14424800,28.535812
"2013-01-18",36.43,37.32,36.040001,37.32,17842200,29.240984
"2013-01-22",36.98,37.25,35.93,36.419998,15809700,28.535812
"2013-01-23",36.91,37.84,36.5,37.799999,10981600,29.617075
"2013-01-24",37.790001,38.52,37.23,37.459999,11327100,29.350679
"2013-01-25",37.52,37.84,36.639999,37.599998,8934600,29.460369
"2013-01-28",37.650002,37.869999,36.709999,36.889999,7140100,28.904072
"2013-01-29",36.709999,37.459999,36.25,37.310001,8838500,29.23315
"2013-01-30",36.810001,37.529999,36.810001,36.93,10841800,28.935417
"2013-01-31",36.84,36.93,36.27,36.689999,10720700,28.74736
"2013-02-01",36.84,37.200001,36.52,37.18,9527500,29.131302
"2013-02-04",36.639999,37.299999,36.549999,37.279999,6348000,29.209644
"2013-02-05",37.419998,37.73,37.18,37.200001,7284400,29.146965
"2013-02-06",36.959999,37.279999,36.860001,37.139999,5738900,29.099962
"2013-02-07",37.57,37.57,35.799999,36.419998,9872500,28.535812
"2013-02-08",36.369999,36.419998,35.830002,36.25,13858700,28.402624
"2013-02-11",36.130001,36.18,35.75,35.849998,6032100,28.089211
"2013-02-12",35.77,35.900002,35.200001,35.419998,7473800,27.752293
"2013-02-13",35.419998,35.57,35.150002,35.27,4859800,27.634775
"2013-02-14",35.049999,36.73,35.009998,36.57,7570100,28.653351
"2013-02-15",36.93,37.810001,36.93,37.580002,13296300,29.444706
"2013-02-19",37.540001,38.330002,37.110001,38.189999,8292700,29.922649
"2013-02-20",38.16,39.130001,37.610001,38.610001,8096400,30.251724
"2013-02-21",38.490002,39.029999,38.189999,38.779999,7260900,30.384928
"2013-02-22",38.790001,38.849998,38.139999,38.459999,4490400,30.134199
"2013-02-25",38.540001,38.610001,37.369999,37.369999,4665600,29.280167
"2013-02-26",37.599998,37.599998,36.959999,37.09,4463000,29.060781
"2013-02-27",36.970001,36.98,36.400002,36.73,12238400,28.778715
"2013-02-28",36.66,37.139999,36.5,36.919998,10321000,28.927572
"2013-03-01",36.799999,38.07,36.549999,37.810001,8929400,29.624918
"2013-03-04",37.529999,38.25,37.529999,38.240002,5420800,29.961821
"2013-03-05",38.450001,38.57,37.290001,37.509998,6650400,29.389851
"2013-03-06",37.560001,37.860001,37.369999,37.740002,5489500,29.570068
"2013-03-07",37.650002,38.009998,37.439999,37.490002,4442500,29.374184
"2013-03-08",37.639999,37.650002,37.16,37.34,4114500,29.256653
"2013-03-11",37.25,38.150002,37.080002,37.669998,4614400,29.515217
"2013-03-12",37.700001,38.299999,37.049999,37.169998,6523900,29.123459
"2013-03-13",37.200001,37.59,37.040001,37.169998,3710600,29.123459
"2013-03-14",37.43,37.59,36.860001,37.560001,9859700,29.429033
"2013-03-15",37.439999,38.540001,37.279999,38.5,12208300,30.165539
"2013-03-18",38.049999,38.490002,37.990002,38.16,5178700,29.899137
"2013-03-19",38.25,38.400002,37.84,38.360001,5108400,30.055851
"2013-03-20",38.5,39.189999,38.41,39.060001,7072900,30.604322
"2013-03-21",38.82,38.970001,38.48,38.490002,4736100,30.157703
"2013-03-22",38.57,38.970001,38.299999,38.970001,3323400,30.533798
"2013-03-25",39.119999,39.52,38.93,39.32,6065000,30.808025
"2013-03-26",39.57,40.52,39.57,40.209999,7249500,31.50536
"2013-03-27",40.220001,40.290001,39.66,40.150002,4274800,31.458361
"2013-03-28",40.259998,40.799999,39.779999,40.779999,7263400,31.951956
"2013-04-01",39.959999,41.139999,39.959999,41.119999,5740000,32.218372
"2013-04-02",41.220001,41.220001,40.52,40.709999,5510700,31.897125
"2013-04-03",40.75,41.450001,40.349998,40.57,4122100,31.787428
"2013-04-04",40.77,41.779999,40.619999,41.599998,20687600,32.59446
"2013-04-05",41.310001,41.5,41.09,41.310001,14089800,32.367229
"2013-04-08",41.27,41.869999,41.07,41.77,16449200,32.727661
"2013-04-09",41.959999,43.560001,41.799999,42.549999,8673900,33.338795
"2013-04-10",42.650002,43.77,42.5,43.619999,7809200,34.177162
"2013-04-11",43.419998,43.709999,43.110001,43.200001,6494100,34.161354
"2013-04-12",42.970001,43.290001,42.619999,43.09,4199800,34.074371
"2013-04-15",42.869999,43.029999,41.41,41.439999,7152500,32.769596
"2013-04-16",41.669998,42.529999,41.130001,42.450001,6998000,33.568268
"2013-04-17",42.139999,42.43,41.419998,42.240002,5046200,33.402218
"2013-04-18",42.369999,42.639999,41.889999,42.32,5009000,33.465469
"2013-04-19",42.509998,42.580002,42.200001,42.389999,6493200,33.520832
"2013-04-22",43,44.830002,42.880001,44.200001,8531300,34.952118
"2013-04-23",44.610001,46.32,44.400002,45.139999,9378100,35.695457
"2013-04-24",45.139999,45.34,43.939999,44.32,5541300,35.047016
"2013-04-25",44.75,44.790001,43.759998,44.240002,5236900,34.983761
"2013-04-26",44.950001,46.310001,44.75,45.84,10096800,36.248978
"2013-04-29",45.830002,45.93,45.049999,45.23,6024700,35.766621
"2013-04-30",45.049999,46.23,45.009998,46.049999,6798600,36.415054
"2013-05-01",45.740002,46.09,45.549999,45.549999,6398100,36.019669
"2013-05-02",45.68,45.68,43.860001,43.990002,9649400,34.786068
"2013-05-03",44.310001,44.77,43.830002,44.68,4641200,35.331696
"2013-05-06",44.950001,44.950001,44.150002,44.59,4085700,35.260513
"2013-05-07",44.5,45,44.419998,44.91,3745600,35.513577
"2013-05-08",45.009998,45.049999,43.389999,43.490002,6973200,34.390678
"2013-05-09",43.34,44.450001,43.25,44.240002,5046900,34.983761
"2013-05-10",44.209999,45.009998,44.200001,45.009998,4455800,35.592648
"2013-05-13",44.790001,44.790001,44.169998,44.540001,3738400,35.220978
"2013-05-14",44.09,45.52,44.09,45.349998,5760300,35.861515
"2013-05-15",45.720001,46.93,45.48,46.029999,6702500,36.399227
"2013-05-16",46.060001,46.900002,46.009998,46.209999,4605300,36.541576
"2013-05-17",46.029999,47.34,45.849998,47.169998,5244800,37.300713
"2013-05-20",47.119999,47.139999,46.07,46.259998,3537800,36.581116
"2013-05-21",46.189999,46.959999,46.169998,46.540001,4708800,36.802528
"2013-05-22",46.459999,48,45.849998,46.759998,5203500,36.976501
"2013-05-23",46.119999,46.950001,46.02,46.59,3306200,36.842056
"2013-05-24",46.25,46.48,45.310001,45.439999,4511700,35.93269
"2013-05-28",45.889999,46.040001,44.700001,45.389999,6181800,35.893135
"2013-05-29",44.889999,45.18,43.790001,43.880001,6908400,34.699081
"2013-05-30",44.07,45.119999,44.07,44.549999,4852200,35.228893
"2013-05-31",44.27,44.689999,42.68,42.689999,9308800,33.758064
"2013-06-03",42.880001,43.580002,42.75,43.360001,7176800,34.287865
"2013-06-04",43.419998,44.470001,43.380001,43.630001,4528400,34.501389
"2013-06-05",43.490002,43.900002,42.689999,43.040001,4801300,34.034836
"2013-06-06",43.220001,43.57,42.650002,43.5,4261300,34.398586
"2013-06-07",43.720001,44.27,43.5,44,5463200,34.793972
"2013-06-10",44.330002,44.330002,43.220001,43.919998,4702700,34.730713
"2013-06-11",43.310001,44.049999,43.049999,43.59,3574800,34.469753
"2013-06-12",43.91,44,42.720001,42.77,3742600,33.821327
"2013-06-13",42.419998,43.200001,40.099998,43.150002,6096500,34.121822
"2013-06-14",42.98,43.5,42.5,43.209999,4078500,34.169254
"2013-06-17",43.400002,43.5,42.68,43.009998,3457700,34.011105
"2013-06-18",42.970001,43.560001,42.630001,43.540001,3644900,34.430218
"2013-06-19",43.560001,43.830002,43.009998,43.040001,3663300,34.034836
"2013-06-20",42.650002,42.779999,40.91,41.060001,7474900,32.469109
"2013-06-21",41.66,42.709999,41.200001,42.619999,9825700,33.702705
"2013-06-24",42.07,42.400002,41.32,41.889999,6042400,33.125439
"2013-06-25",42.150002,42.77,41.610001,42.630001,4686900,33.710609
"2013-06-26",43.099998,43.610001,43.029999,43.380001,4733700,34.303699
"2013-06-27",43.560001,43.98,42.740002,43.130001,5163900,34.105995
"2013-06-28",42.529999,42.970001,41.32,41.34,10753100,32.690517
"2013-07-01",41.400002,41.93,41.07,41.610001,4588200,32.90403
"2013-07-02",41.580002,42.57,41.580002,42.209999,4365900,33.37849
"2013-07-03",41.880001,42.310001,41.610001,42.23,2417500,33.394306
"2013-07-05",42.450001,42.830002,42.310001,42.720001,2743700,33.781784
"2013-07-08",42.900002,43.689999,42.82,43.68,3978300,34.540928
"2013-07-09",44,44.23,43.25,43.32,3805700,34.256241
"2013-07-10",43.360001,44.119999,43.360001,43.91,3080100,34.722797
"2013-07-11",43.939999,44.110001,43.330002,43.779999,4061400,34.938278
"2013-07-12",43.93,45.110001,43.799999,45.049999,5693900,35.951786
"2013-07-15",44.950001,44.970001,44.540001,44.619999,3265800,35.608635
"2013-07-16",44.540001,44.77,43.700001,43.810001,3714500,34.962219
"2013-07-17",43.970001,44.150002,43.740002,43.959999,3645400,35.081921
"2013-07-18",43.959999,44.560001,43.810001,44.32,3043700,35.369221
"2013-07-19",44.490002,44.91,44.119999,44.52,4317900,35.528824
"2013-07-22",44.299999,45.099998,43.799999,44.970001,3810500,35.887936
"2013-07-23",44.919998,45.09,44.23,44.310001,3535100,35.36124
"2013-07-24",44.279999,44.369999,43.389999,43.639999,3088100,34.826542
"2013-07-25",43.41,44.43,43.349998,44.240002,4088500,35.305374
"2013-07-26",45.009998,45.119999,44.169998,44.790001,4491100,35.744297
"2013-07-29",44.720001,45.450001,44.470001,45.060001,4326200,35.959763
"2013-07-30",45.080002,45.23,44.200001,44.700001,3619700,35.67247
"2013-07-31",44.84,45.91,44.810001,45.48,6020600,36.294933
"2013-08-01",45.139999,45.900002,45.040001,45.25,3652400,36.111393
"2013-08-02",45.110001,45.419998,44.810001,45.32,3190700,36.167259
"2013-08-05",45.049999,45.369999,44.48,44.709999,2953500,35.68045
"2013-08-06",44.419998,44.990002,44.419998,44.880001,4980600,35.81612
"2013-08-07",44.700001,44.860001,44.220001,44.57,3299400,35.568722
"2013-08-08",44.860001,45.18,44.610001,45.060001,2892400,35.959763
"2013-08-09",44.900002,45,44.470001,44.709999,3290800,35.68045
"2013-08-12",44.709999,45.200001,44.389999,45.040001,3826400,35.943798
"2013-08-13",45.119999,45.18,44.68,44.93,2791800,35.856022
"2013-08-14",44.849998,45.23,44.450001,44.580002,2990500,35.576702
"2013-08-15",44.599998,44.619999,43.130001,43.209999,4363100,34.483391
"2013-08-16",42.939999,43.139999,42.419998,43,6093300,34.315796
"2013-08-19",43.009998,43.810001,42.950001,43.369999,3326900,34.611069
"2013-08-20",43.290001,43.48,42.849998,42.970001,2803000,34.291859
"2013-08-21",42.82,42.880001,42.25,42.310001,4118800,33.765156
"2013-08-22",42.400002,43.099998,42.290001,42.919998,4077700,34.251953
"2013-08-23",43.009998,43.5,42.849998,43.43,2738100,34.658958
"2013-08-26",43.43,43.740002,43.189999,43.450001,3493400,34.674923
"2013-08-27",43.02,43.09,42.599998,42.630001,4473000,34.020527
"2013-08-28",42.529999,42.810001,42.349998,42.560001,3009700,33.964664
"2013-08-29",42.32,43.09,42.259998,42.619999,2788900,34.012539
"2013-08-30",42.759998,43.029999,42.299999,42.610001,3170700,34.004555
"2013-09-03",43,43.279999,42.310001,42.59,2925600,33.988605
"2013-09-04",42.599998,43.139999,42.59,43.130001,3190700,34.41954
"2013-09-05",43.029999,43.66,43,43.509998,3355500,34.722797
"2013-09-06",43.529999,44.349998,42.889999,43.889999,3992200,35.026058
"2013-09-09",43.880001,44.439999,43.5,44.43,3287500,35.457005
"2013-09-10",44.580002,44.810001,44.099998,44.779999,4282300,35.736317
"2013-09-11",44.810001,44.970001,44.389999,44.950001,3441700,35.871986
"2013-09-12",44.84,44.950001,44.5,44.700001,2597900,35.67247
"2013-09-13",44.709999,44.889999,44.43,44.889999,2273500,35.824093
"2013-09-16",45.32,45.950001,45.189999,45.82,3531700,36.56628
"2013-09-17",45.919998,47.700001,45.860001,47.599998,7293800,37.986797
"2013-09-18",47.189999,48.419998,46.880001,47.919998,6689400,38.242165
"2013-09-19",48.209999,48.23,47.310001,47.400002,5326500,37.827183
"2013-09-20",47.439999,48,47.330002,47.84,10495300,38.178314
"2013-09-23",47.560001,47.560001,46.93,47.099998,3179500,37.587776
"2013-09-24",46.950001,46.950001,45.939999,45.98,7162700,36.693966
"2013-09-25",46.09,46.16,45.02,45.330002,4571900,36.17524
"2013-09-26",45.330002,45.619999,44.810001,45,5033900,35.911888
"2013-09-27",44.869999,44.900002,44.02,44.330002,6617300,35.377186
"2013-09-30",44.52,44.950001,44.029999,44.73,5818400,35.696415
"2013-10-01",44.810001,45.900002,44.810001,45.799999,4159700,36.550316
"2013-10-02",45.34,45.970001,45.119999,45.950001,4056800,36.670025
"2013-10-03",45.599998,46.34,45.099998,46.009998,7020800,36.717907
"2013-10-04",46.18,46.880001,46,46.799999,4141400,37.348351
"2013-10-07",46.119999,46.98,46.09,46.09,4703700,36.781746
"2013-10-08",46.290001,46.32,44.389999,44.52,7091500,35.528824
"2013-10-09",44.720001,45.310001,44.32,44.810001,5113000,35.760254
"2013-10-10",45.099998,45.68,44.509998,45.68,3967500,36.782898
"2013-10-11",45.700001,45.700001,44.959999,45.650002,2985700,36.758739
"2013-10-14",45.209999,46.450001,45.07,46.330002,3377300,37.306293
"2013-10-15",46.049999,46.380001,45.75,46.080002,3533300,37.104996
"2013-10-16",46.310001,47.27,46.200001,47.060001,4399900,37.894115
"2013-10-17",46.950001,48.32,46.950001,48.169998,7242400,38.787922
"2013-10-18",48.380001,48.950001,47.77,48.330002,9212900,38.916767
"2013-10-21",48.080002,48.549999,47.759998,48.349998,4713200,38.932858
"2013-10-22",48.389999,49.310001,48.110001,49,6937500,39.456253
"2013-10-23",48.759998,48.860001,48.279999,48.330002,4130300,38.916767
"2013-10-24",48.630001,48.98,47.740002,47.93,5077900,38.594669
"2013-10-25",49.099998,49.830002,48.560001,49.299999,6956800,39.697826
"2013-10-28",49.130001,49.970001,48.970001,49.419998,5555000,39.79446
"2013-10-29",49.48,50.200001,49.48,49.790001,5022900,40.092388
"2013-10-30",49.57,49.57,48.720001,48.799999,4011600,39.295212
"2013-10-31",48.68,49,48.439999,48.450001,4563700,39.01339
"2013-11-01",48.639999,49.330002,48.5,48.959999,3866900,39.424049
"2013-11-04",49.189999,49.189999,48,48.759998,4095600,39.263008
"2013-11-05",48.59,48.759998,48.029999,48.169998,4095400,38.787922
"2013-11-06",48.5,48.740002,48,48.049999,4308100,38.691288
"2013-11-07",48.169998,48.360001,47.18,47.240002,4444900,38.039055
"2013-11-08",47.130001,48.099998,46.830002,48.029999,5190900,38.675194
"2013-11-11",48.23,48.669998,48.189999,48.57,2282900,39.110008
"2013-11-12",48.450001,48.48,47.279999,47.48,5351100,38.232311
"2013-11-13",47.360001,47.93,47.290001,47.849998,3745100,38.530243
"2013-11-14",47.990002,48.470001,47.689999,48.040001,3411800,38.683239
"2013-11-15",48.029999,48.75,48,48.439999,6257100,39.005333
"2013-11-18",48.889999,49.959999,48.73,48.869999,8585700,39.351582
"2013-11-19",48.73,49,48.369999,48.459999,4050700,39.021442
"2013-11-20",48.419998,48.540001,47.830002,47.950001,3120300,38.610771
"2013-11-21",48.279999,48.669998,47.990002,48.57,4459800,39.110008
"2013-11-22",48.650002,49.139999,48.57,48.939999,5810100,39.407948
"2013-11-25",49,49.279999,48.32,48.41,3343200,38.981174
"2013-11-26",48.380001,49.18,48.310001,48.599998,4732300,39.134163
"2013-11-27",48.830002,48.950001,48.240002,48.25,3414900,38.852345
"2013-11-29",48.43,48.93,48.07,48.450001,4044300,39.01339
"2013-12-02",48.490002,48.68,48.02,48.389999,4321900,38.965069
"2013-12-03",49.130001,50.259998,48.970001,49.970001,9480100,40.237328
"2013-12-04",49.75,50.290001,49.299999,49.669998,5309200,39.99577
"2013-12-05",49.419998,50.07,49.049999,49.759998,5449100,40.068241
"2013-12-06",50.169998,51.5,50.049999,51.349998,7285800,41.348537
"2013-12-09",51.450001,51.810001,50.77,51.209999,5470800,41.235821
"2013-12-10",51.25,54.130001,50.720001,52.139999,14906900,41.984684
"2013-12-11",52.669998,53.25,52.02,52.669998,10775500,42.411449
"2013-12-12",52.560001,52.619999,51.799999,52.389999,7766400,42.185986
"2013-12-13",52.299999,52.599998,51.84,52.369999,6465300,42.169888
"2013-12-16",53.419998,54.779999,52.98,53.369999,9846300,42.975117
"2013-12-17",53.43,53.919998,53,53.630001,7987300,43.184471
"2013-12-18",52.779999,54.43,52.220001,54.32,9635600,43.740086
"2013-12-19",53.209999,53.209999,52.02,52.630001,8383400,42.379253
"2013-12-20",52.77,53.009998,52.290001,52.59,12471800,42.347038
"2013-12-23",52.73,52.939999,52.240002,52.580002,4957700,42.338989
"2013-12-24",52.779999,52.790001,52.279999,52.360001,1747000,42.161831
"2013-12-26",52.59,53.060001,52.34,52.990002,2401500,42.669136
"2013-12-27",52.919998,53.049999,52.380001,52.549999,2354100,42.314835
"2013-12-30",52.73,53.029999,52.599998,53.009998,2898800,42.68523
"2013-12-31",52.990002,53.060001,52.360001,52.810001,3019700,42.524185
"2014-01-02",52.119999,52.330002,51.52,51.98,4569100,41.855839
"2014-01-03",52.25,52.669998,51.970001,52.299999,4794300,42.113522
"2014-01-06",52.700001,52.700001,50.029999,50.389999,11871100,40.575527
"2014-01-07",50.84,51.209999,50.299999,50.490002,9719900,40.656055
"2014-01-08",50.630001,51.110001,50.240002,50.360001,6811100,40.551373
"2014-01-09",50.59,51.650002,49.869999,51.220001,6960300,41.243866
"2014-01-10",51.27,51.490002,50.759998,50.900002,5517700,40.986195
"2014-01-13",50.66,50.740002,49.639999,49.830002,7055200,40.442421
"2014-01-14",49.939999,50.880001,49.630001,50.599998,6610800,41.067356
"2014-01-15",50.650002,50.669998,50.07,50.110001,4728400,40.669678
"2014-01-16",50.099998,50.619999,50.02,50.5,4972300,40.986195
"2014-01-17",50.639999,50.66,50.009998,50.060001,8606800,40.629097
"2014-01-21",50.259998,50.919998,49.91,50,5823000,40.580395
"2014-01-22",49.98,50,48.619999,49.080002,8181700,39.83371
"2014-01-23",48.740002,49.060001,48.389999,48.869999,7270500,39.663273
"2014-01-24",48.419998,49.099998,47.77,47.790001,9197900,38.786739
"2014-01-27",47.790001,47.830002,46.419998,46.830002,10749800,38.007595
"2014-01-28",47.080002,48.470001,47.080002,47.689999,12298600,38.705582
"2014-01-29",47.150002,47.84,46.98,47.610001,7608500,38.640659
"2014-01-30",47.970001,48.880001,47.900002,48.310001,7669500,39.208782
"2014-01-31",49.939999,50.549999,49.07,49.23,12863500,39.95546
"2014-02-03",49.400002,49.490002,47.060001,47.349998,10314600,38.429634
"2014-02-04",47.18,47.970001,46.950001,47.950001,9606100,38.916595
"2014-02-05",47.759998,48.07,47.16,47.73,6987100,38.738052
"2014-02-06",47.889999,48.18,47.450001,47.93,4957800,38.90036
"2014-02-07",48,49.029999,47.66,48.889999,6979500,39.679504
"2014-02-10",48.75,50.189999,48.720001,49.549999,7907500,40.215168
"2014-02-11",49.41,49.970001,49.040001,49.66,7217600,40.304443
"2014-02-12",49.630001,50.93,49.59,50.560001,6534500,41.034897
"2014-02-13",50.299999,50.52,49.880001,50.349998,4946000,40.864452
"2014-02-14",50.560001,50.91,50.169998,50.73,4118700,41.172863
"2014-02-18",50.639999,51.560001,50.560001,51.459999,4984900,41.765347
"2014-02-19",51.169998,51.860001,50.639999,51.189999,5242800,41.546204
"2014-02-20",51.189999,52.110001,50.73,51.860001,6078900,42.089985
"2014-02-21",51.82,51.970001,51.009998,51.040001,5842700,41.424461
"2014-02-24",51.009998,51.560001,50.830002,50.849998,5693000,41.27026
"2014-02-25",50.93,51.130001,50.5,50.720001,5425000,41.164761
"2014-02-26",49.950001,50.970001,49.93,50.740002,5710700,41.180977
"2014-02-27",50.599998,50.919998,50.470001,50.91,5052900,41.318958
"2014-02-28",50.84,51.959999,50.509998,50.91,7095600,41.318958
"2014-03-03",50.34,50.860001,49.790001,50.09,6817700,40.653439
"2014-03-04",50.73,51.73,50.529999,51.59,6198000,41.87085
"2014-03-05",51.68,52.119999,51.299999,51.700001,5251100,41.960129
"2014-03-06",52.040001,52.77,51.970001,52.040001,6529000,42.236076
"2014-03-07",52.25,52.5,51.009998,51.459999,5860700,41.765347
"2014-03-10",51.900002,51.900002,50.860001,51.66,3086000,41.927662
"2014-03-11",51.68,52.139999,51.5,51.75,3629800,42.000706
"2014-03-12",51.459999,51.740002,51.07,51.639999,3924800,41.91143
"2014-03-13",51.889999,52.099998,51.139999,51.32,4839400,41.651722
"2014-03-14",51.25,51.419998,50.799999,51.209999,5466700,41.562435
"2014-03-17",51.470001,52.189999,51.259998,51.98,3875500,42.18737
"2014-03-18",52.080002,53.220001,51.970001,53.099998,4712300,43.096375
"2014-03-19",53.09,53.529999,52.439999,53.110001,6408600,43.104492
"2014-03-20",52.860001,53.799999,52.52,53.68,6922700,43.56712
"2014-03-21",54.220001,54.73,53.09,53.459999,12930500,43.388557
"2014-03-24",53.529999,53.619999,51.349998,51.360001,10161400,41.684174
"2014-03-25",51.68,52.099998,51.5,51.689999,6127200,41.952003
"2014-03-26",52,52.34,51.459999,51.5,5684900,41.797806
"2014-03-27",51.529999,51.84,51.43,51.66,4778000,41.927662
"2014-03-28",51.830002,52.130001,50.889999,50.98,4208300,41.375763
"2014-03-31",51.34,51.700001,50.950001,51.400002,4813100,41.716644
"2014-04-01",51.619999,52.380001,51.540001,52.099998,4250800,42.284775
"2014-04-02",52.099998,53.41,51.990002,53.34,6007200,43.291168
"2014-04-03",53.349998,53.830002,53.209999,53.5,6841400,43.421028
"2014-04-04",53.779999,54.439999,52.049999,52.200001,7013200,42.365929
"2014-04-07",51.68,52.310001,49.650002,50.619999,9146600,41.083588
"2014-04-08",50.349998,50.869999,48.93,49.099998,8246900,39.849937
"2014-04-09",49.490002,50.759998,49.259998,50.630001,6018200,41.091709
"2014-04-10",50.080002,50.27,47.290001,47.349998,13177200,38.429634
"2014-04-11",46.580002,47.209999,45.5,46.459999,11465800,38.044758
"2014-04-14",47.099998,47.5,46.209999,46.830002,7290800,38.347736
"2014-04-15",47.419998,48.09,46.759998,47.860001,9531100,39.191177
"2014-04-16",48.580002,48.84,47.619999,48.119999,7151000,39.404079
"2014-04-17",47.919998,48.779999,47.720001,48.549999,6196800,39.756195
"2014-04-21",48.5,49.450001,48.400002,49.43,4445000,40.47681
"2014-04-22",49.490002,50.419998,49.349998,50.009998,6613200,40.951756
"2014-04-23",50.139999,50.259998,49.389999,50.139999,6578300,41.058208
"2014-04-24",50.130001,50.130001,49,49.32,6628800,40.38673
"2014-04-25",50.209999,50.98,48.950001,49.139999,7289100,40.239338
"2014-04-28",49.549999,50.919998,49.5,50.869999,7932200,41.655979
"2014-04-29",50.939999,51.529999,50.759998,51.369999,5601300,42.065414
"2014-04-30",51.380001,52.169998,51,52.080002,7430600,42.64682
"2014-05-01",51.889999,52.099998,51.41,51.610001,4279800,42.261948
"2014-05-02",51.41,51.720001,51,51.18,3341300,41.909836
"2014-05-05",50.990002,51.369999,50.310001,51.360001,2580300,42.057232
"2014-05-06",51.200001,51.299999,50.830002,50.91,3353200,41.68874
"2014-05-07",52.380001,52.869999,51.27,52.790001,7022600,43.228218
"2014-05-08",52.689999,53.09,51.959999,52.150002,4092100,42.704151
"2014-05-09",52.07,52.349998,51.080002,52.259998,5012500,42.794216
"2014-05-12",52.360001,52.560001,52.220001,52.369999,3626400,42.884289
"2014-05-13",52.450001,52.5,51.919998,52.200001,4145200,42.745079
"2014-05-14",52.23,53,52.080002,52.869999,4878400,43.293732
"2014-05-15",52.959999,53.07,52.419998,52.689999,6963800,43.146332
"2014-05-16",52.650002,52.970001,52.41,52.93,5826200,43.342861
"2014-05-19",52.84,54.209999,52.709999,54.110001,6010500,44.309128
"2014-05-20",53.860001,53.93,53.310001,53.540001,5021200,43.842377
"2014-05-21",53.5,53.84,53.099998,53.27,4088000,43.621281
"2014-05-22",53.290001,54.34,52.939999,53.630001,4486400,43.916065
"2014-05-23",53.939999,54.380001,53.84,53.950001,3023500,44.178112
"2014-05-27",54.200001,54.200001,53.779999,53.990002,3816300,44.210861
"2014-05-28",53.959999,54.610001,53.82,54.07,4108300,44.276371
"2014-05-29",54.099998,54.450001,53.75,54.029999,2768600,44.24361
"2014-05-30",53.98,54.43,53.889999,54.330002,4025600,44.489281
"2014-06-02",54.43,54.950001,53.91,54.150002,3635000,44.341888
"2014-06-03",54.060001,54.470001,53.869999,54.369999,3078000,44.522038
"2014-06-04",53.919998,54.639999,53.669998,54.580002,3388200,44.694
"2014-06-05",54.549999,55.32,54.360001,55.299999,4847300,45.283592
"2014-06-06",55.32,55.400002,54.889999,55.099998,3449800,45.119812
"2014-06-09",54.419998,54.880001,53.720001,53.84,6297500,44.088028
"2014-06-10",53.139999,54.080002,52.290001,53.970001,8414700,44.194496
"2014-06-11",53.849998,54.700001,53.75,54.23,5386800,44.407394
"2014-06-12",54.220001,54.25,53.459999,53.66,3941600,43.940639
"2014-06-13",53.669998,54.310001,53.439999,54.16,4413000,44.350071
"2014-06-16",54.18,54.310001,53.450001,54,4410400,44.219055
"2014-06-17",54.490002,54.540001,53.849998,54.299999,3385000,44.464718
"2014-06-18",54.27,54.610001,54,54.57,3337300,44.68581
"2014-06-19",54.139999,54.810001,53.919998,54.189999,3952800,44.374641
"2014-06-20",55.619999,55.619999,53.16,53.299999,13457700,43.645844
"2014-06-23",53.759998,54.400002,53.540001,53.75,6235600,44.014332
"2014-06-24",53.740002,53.950001,53.43,53.59,5483500,43.883316
"2014-06-25",53.52,55.790001,53.400002,55,11085100,45.037926
"2014-06-26",55.07,56.540001,54.970001,56.509998,10716400,46.274414
"2014-06-27",56.580002,56.900002,56.279999,56.790001,7490800,46.5037
"2014-06-30",56.509998,56.889999,56.099998,56.439999,6229700,46.217102
"2014-07-01",56.419998,57.200001,56.169998,56.889999,6869800,46.58559
"2014-07-02",57.459999,58.110001,56.919998,58.110001,6198500,47.584618
"2014-07-03",57.900002,58.27,57.650002,58.220001,3828900,47.674694
"2014-07-07",57.91,58.150002,57.389999,57.400002,4736300,47.003208
"2014-07-08",56.68,56.970001,55.48,55.689999,9297300,45.602955
"2014-07-09",55.560001,55.639999,54.82,55.009998,11516300,45.046112
"2014-07-10",54.5,55.880001,54.279999,55.790001,7553100,45.684826
"2014-07-11",55.34,56.599998,54.48,54.959999,13586800,45.34655
"2014-07-14",53.889999,55.049999,53.720001,54.849998,30823300,45.255795
"2014-07-15",54.52,54.689999,53.389999,53.439999,16796400,44.092419
"2014-07-16",53.25,53.669998,51.82,53.650002,23291200,44.265697
"2014-07-17",53.209999,55,52.880001,53.52,18699000,44.158436
"2014-07-18",53,55.119999,53,54.91,42456000,45.305298
"2014-07-21",54.139999,54.450001,53.91,54,22334900,44.55447
"2014-07-22",53.82,54.380001,53.75,54.049999,14724300,44.595722
"2014-07-23",54.48,54.810001,54.07,54.48,15011300,44.950504
"2014-07-24",54.220001,54.560001,53.970001,54.080002,11712800,44.620483
"2014-07-25",54.400002,54.490002,53.029999,53.18,11680900,43.877907
"2014-07-28",53.419998,54,53.169998,53.740002,10466000,44.339951
"2014-07-29",53.549999,53.66,53.240002,53.43,16171500,44.084179
"2014-07-30",53.279999,53.889999,53.029999,53.75,12680100,44.348194
"2014-07-31",53.130001,53.400002,52.299999,52.34,15479900,43.184834
"2014-08-01",52.029999,52.639999,51.75,52.48,11593200,43.30035
"2014-08-04",52.580002,53.400002,52.369999,53.290001,10456300,43.968658
"2014-08-05",52.77,53.189999,52.450001,52.790001,12783800,43.556118
"2014-08-06",51.48,52.66,51.369999,52.049999,18126200,42.945557
"2014-08-07",51.59,52.709999,51.419998,52.43,17171700,43.259083
"2014-08-08",52.720001,52.889999,52.290001,52.82,13117700,43.580872
"2014-08-11",53,53.650002,52.77,53.310001,10074600,43.985157
"2014-08-12",53.220001,53.299999,52.57,52.84,8524600,43.597378
"2014-08-13",52.970001,53.639999,52.75,53.599998,9029400,44.22443
"2014-08-14",53.619999,54.23,53.529999,54.189999,7959800,44.711239
"2014-08-15",54.34,54.59,53.580002,53.900002,10109300,44.471966
"2014-08-18",54.389999,54.52,53.84,54.310001,7370500,44.810242
"2014-08-19",54.48,55.310001,54.18,55.290001,9159300,45.618828
"2014-08-20",54.82,55.18,54.689999,55.060001,7612200,45.429066
"2014-08-21",54.790001,55.119999,54.68,54.959999,8063200,45.34655
"2014-08-22",54.869999,55.27,54.360001,55.200001,9314600,45.544575
"2014-08-25",55.380001,55.919998,55.18,55.869999,7553500,46.097366
"2014-08-26",55.68,55.939999,55.639999,55.75,9309800,45.998371
"2014-08-27",55.849998,55.849998,55.400002,55.700001,11022600,45.957115
"2014-08-28",55.52,55.68,55.25,55.599998,7277900,45.874596
"2014-08-29",55.75,55.799999,55.240002,55.279999,7524400,45.610577
"2014-09-02",55.43,55.529999,54.959999,55.07,7354900,45.437313
"2014-09-03",55.16,55.529999,54.830002,55.509998,7562100,45.800339
"2014-09-04",55.360001,55.599998,55.09,55.540001,10019400,45.825092
"2014-09-05",55.490002,55.939999,54.869999,55.939999,9914300,46.155132
"2014-09-08",55.779999,55.950001,55.369999,55.57,6568800,45.849854
"2014-09-09",55.529999,57.18,55.43,56.950001,17558900,46.988464
"2014-09-10",56.900002,57.32,56.509998,57.189999,8740300,47.186485
"2014-09-11",57,57.880001,56.849998,57.849998,9943900,47.731037
"2014-09-12",57.849998,58.77,57.740002,57.880001,15556200,47.755798
"2014-09-15",57.75,58.150002,57.470001,57.93,8632700,47.79705
"2014-09-16",57.630001,58.700001,57.459999,58.599998,9112400,48.349838
"2014-09-17",58.889999,60.02,58.75,59.619999,14389400,49.191437
"2014-09-18",59.599998,59.650002,59.099998,59.450001,10980500,49.05117
"2014-09-19",59.84,59.93,59.009998,59.060001,13986900,48.729393
"2014-09-22",59.23,59.299999,58.41,58.709999,9045900,48.440613
"2014-09-23",56.799999,58.27,56.599998,57.560001,24204400,47.491768
"2014-09-24",57.66,59.349998,57.610001,59.049999,15763800,48.721138
"2014-09-25",58.470001,59.5,57.970001,58,10079400,47.854805
"2014-09-26",58.540001,59.240002,58.099998,59.189999,15866000,48.836647
"2014-09-29",58.139999,58.830002,57.939999,58.52,7640400,48.28384
"2014-09-30",58.259998,58.810001,57.73,57.759998,8599000,47.65678
"2014-10-01",57.93,57.939999,56.959999,57.23,8431900,47.219498
"2014-10-02",57.540001,57.700001,56.139999,56.669998,8371500,46.75745
"2014-10-03",57.419998,58.779999,57.34,58.689999,11675600,48.424103
"2014-10-06",58.59,58.990002,57.66,57.810001,7359900,47.698032
"2014-10-07",57.599998,57.599998,56.509998,56.650002,8923500,46.740936
"2014-10-08",56.540001,58.450001,56.18,58.34,10917200,48.135326
"2014-10-09",58.52,58.549999,56.709999,56.720001,11911600,46.798695
"2014-10-10",55.990002,56.669998,54.950001,54.970001,12108700,45.693157
"2014-10-13",54.880001,55.150002,53.580002,53.619999,16908200,44.570976
"2014-10-14",53.59,54.84,53.02,54.130001,14293600,44.994907
"2014-10-15",52.330002,55.720001,52.060001,54.630001,122740200,45.410534
"2014-10-16",55.799999,55.900002,52.84,52.900002,61236700,43.972481
"2014-10-17",53.779999,53.900002,52.900002,53.369999,31891900,44.363163
"2014-10-20",52.560001,54.59,52.25,54.41,17954600,45.22765
"2014-10-21",55.299999,56.450001,55.02,56.290001,17522100,46.790386
"2014-10-22",56.959999,57.450001,56.259998,56.900002,16048100,47.297443
"2014-10-23",58.099998,59.700001,57.880001,59.52,14729300,49.475277
"2014-10-24",59.34,60.41,59.34,60.290001,10391600,50.115341
"2014-10-27",60.349998,60.98,60.209999,60.490002,10010900,50.281586
"2014-10-28",60.759998,61.130001,60.439999,60.93,9412500,50.647324
"2014-10-29",60.990002,60.990002,59.360001,59.98,16547900,49.857658
"2014-10-30",60,61.43,59.91,61.18,11635300,50.855141
"2014-10-31",63.060001,63.990002,62.369999,63.459999,15009900,52.750355
"2014-11-03",63.66,63.900002,62.939999,63.25,8250800,52.575798
"2014-11-04",63.209999,63.610001,62.32,62.66,9741700,52.085373
"2014-11-05",63.490002,63.669998,62.200001,62.540001,6465000,51.985622
"2014-11-06",62.75,63.389999,62.419998,62.709999,5152400,52.126942
"2014-11-07",62.310001,62.330002,61.310001,61.5,7002600,51.121136
"2014-11-10",61.990002,64.059998,61.869999,63.790001,9513000,53.024666
"2014-11-11",63.689999,64.199997,63.5,63.849998,5041200,53.074547
"2014-11-12",63.560001,64.019997,63.560001,63.759998,5366700,52.999733
"2014-11-13",64.25,64.790001,63.400002,63.630001,4510200,52.89167
"2014-11-14",63.98,64,63.130001,64,4684900,53.19923
"2014-11-17",64.080002,65.410004,64.029999,65.040001,7117100,54.063725
"2014-11-18",64.779999,66.239998,64.779999,66.050003,6432200,54.903263
"2014-11-19",65.879997,66.150002,65.220001,65.5,5710900,54.446083
"2014-11-20",65.040001,65.68,64.93,65.190002,4975500,54.188408
"2014-11-21",66.410004,67.360001,65.75,67.360001,9165900,55.992195
"2014-11-24",67.400002,68.059998,67.400002,67.779999,7730400,56.341301
"2014-11-25",67.639999,68.209999,67.150002,68.059998,7550800,56.574051
"2014-11-26",68.339996,68.860001,67.879997,68.699997,4046000,57.106037
"2014-11-28",69,69.480003,68.889999,69.199997,2953700,57.521664
"2014-12-01",69.080002,69.5,68.830002,69.110001,4885100,57.44685
"2014-12-02",68.879997,69.489998,68.650002,69.269997,6491500,57.579838
"2014-12-03",69.169998,69.480003,68.410004,68.5,5817700,56.939785
"2014-12-04",68.349998,69.860001,68.290001,69.57,7665300,57.829224
"2014-12-05",69.519997,70.169998,69.339996,69.709999,4360100,57.945595
"2014-12-08",69.809998,70.760002,69.349998,69.419998,5452100,57.70454
"2014-12-09",68.209999,69.190002,67.610001,69.139999,6833800,57.471798
"2014-12-10",69.440002,69.440002,67.529999,67.580002,8575700,56.175072
"2014-12-11",66.480003,67.959999,66.239998,67.029999,9518000,55.71788
"2014-12-12",66.529999,67.169998,65.010002,65.269997,9215500,54.254894
"2014-12-15",65.75,66.470001,64.809998,65.620003,7226000,54.545834
"2014-12-16",65.110001,66.940002,64.800003,65.25,8545100,54.238274
"2014-12-17",65.5,66.739998,65.089996,66.57,5934900,55.335503
"2014-12-18",67.860001,68.010002,67.199997,67.919998,7184700,56.457676
"2014-12-19",67.690002,68.620003,66.839996,67.709999,12631000,56.283119
"2014-12-22",68.040001,68.25,66.830002,66.970001,12876600,55.668007
"2014-12-23",67.230003,67.32,64.019997,64.349998,12123000,53.490158
"2014-12-24",64.75,66.949997,64.75,66.209999,4705500,55.03627
"2014-12-26",66.510002,67.239998,66.510002,66.980003,4158200,55.676327
"2014-12-29",66.580002,67.370003,66.419998,67.139999,3872800,55.809315
"2014-12-30",66.769997,67.160004,66.019997,66.300003,5568800,55.111088
"2014-12-31",66.720001,67.099998,65.349998,65.440002,3917300,54.39621
"2015-01-02",65.440002,66.400002,65.440002,65.889999,5086100,54.77026
"2015-01-05",65.5,66.099998,63.880001,64.650002,8007400,53.739529
"2015-01-06",65.620003,65.75,63.700001,64.330002,5483700,53.473537
"2015-01-07",64.57,67.050003,64.480003,66.93,8283300,55.63475
"2015-01-08",68.160004,68.290001,67.419998,67.629997,7949000,56.216618
"2015-01-09",66.690002,67.199997,65.110001,65.779999,8779900,54.678837
"2015-01-12",66.339996,66.93,65.309998,65.760002,6159800,54.662209
"2015-01-13",65.720001,66.07,62.91,63.389999,13908400,53.087749
"2015-01-14",62.619999,64.07,61.860001,63.700001,9448300,53.347366
"2015-01-15",64,64.110001,62.869999,62.889999,6149100,52.669006
"2015-01-16",62.950001,64.620003,62.639999,64.540001,8106000,54.050846
"2015-01-20",65.059998,65.290001,62.75,63.450001,9065300,53.138
"2015-01-21",63.099998,63.450001,62.279999,62.700001,7979500,52.509888
"2015-01-22",63.200001,63.450001,61.880001,62.98,8941700,52.744381
"2015-01-23",63.66,63.66,62.349998,62.43,6881100,52.283772
"2015-01-26",62.259998,63.040001,61.68,62.830002,8181100,52.618759
"2015-01-27",62.330002,63.5,62.200001,63.099998,6532300,52.844879
"2015-01-28",63.439999,63.560001,61.689999,61.849998,6910100,51.798027
"2015-01-29",62.119999,63.380001,61.59,63.119999,8485600,52.861622
"2015-01-30",62.09,62.68,60.119999,60.349998,17582500,50.541817
"2015-02-02",61.490002,61.490002,58.650002,60.700001,11491100,50.834934
"2015-02-03",61.599998,61.759998,59.98,61.650002,10721800,51.630539
"2015-02-04",58.950001,58.950001,56.650002,56.91,31250600,47.660885
"2015-02-05",57.549999,58.259998,56.150002,57.990002,18964700,48.565361
"2015-02-06",57.709999,57.830002,56.689999,56.900002,13890900,47.652519
"2015-02-09",55.669998,56.349998,55.18,55.48,22522000,46.463291
"2015-02-10",55.93,57.009998,55.599998,56.889999,18917000,47.644138
"2015-02-11",57.360001,57.830002,56.259998,56.689999,14681600,47.476643
"2015-02-12",57.400002,57.580002,56.16,57.049999,11940900,47.778137
"2015-02-13",57.349998,58.099998,56.900002,58.049999,11303200,48.615608
"2015-02-17",58.950001,59,57.900002,58.720001,12789700,49.176723
"2015-02-18",59.150002,59.48,58.310001,59.240002,10781700,49.612213
"2015-02-19",58.919998,59.080002,58.650002,59,8665500,49.411221
"2015-02-20",59.610001,61.34,59.220001,61.299999,15534000,51.337414
"2015-02-23",61.540001,61.900002,60.240002,60.57,11582700,50.726063
"2015-02-24",60.849998,61.299999,60.52,60.869999,7900700,50.977295
"2015-02-25",61.099998,61.099998,60.209999,60.619999,9983900,50.767937
"2015-02-26",60.349998,60.810001,60.27,60.52,7328200,50.684185
"2015-02-27",60.529999,60.990002,60.369999,60.5,8649100,50.667439
"2015-03-02",60.5,60.75,60.060001,60.459999,6150900,50.633938
"2015-03-03",60.349998,60.450001,59.439999,59.619999,7421000,49.930454
"2015-03-04",59.32,60.419998,59.029999,60.27,8536000,50.474823
"2015-03-05",57.209999,59.48,56.650002,56.860001,47051800,47.619011
"2015-03-06",56.950001,57.400002,55.439999,55.639999,22853000,46.59729
"2015-03-09",55.93,56.029999,55.259998,55.540001,14779900,46.513542
"2015-03-10",55.220001,56.299999,54.779999,55.84,17907700,46.76479
"2015-03-11",56.189999,56.880001,55.66,56.619999,14629000,47.418018
"2015-03-12",56.779999,58.91,56.650002,58,18227800,48.573742
"2015-03-13",58.119999,58.869999,57.349998,58,10114500,48.573742
"2015-03-16",58.459999,59.700001,58.330002,59.119999,12098700,49.511711
"2015-03-17",58.720001,60.18,58.700001,59.73,10983600,50.022572
"2015-03-18",59.759998,60.419998,59.25,59.889999,11889200,50.156578
"2015-03-19",60.09,61.48,59.990002,61.189999,14110500,51.245296
"2015-03-20",61.5,61.73,60.32,60.400002,13313100,50.583687
"2015-03-23",60.049999,61.189999,59.619999,60.48,7926400,50.650688
"2015-03-24",60.650002,60.82,59.450001,59.630001,7970000,49.938831
"2015-03-25",60.080002,60.09,58.209999,58.220001,11619200,48.757996
"2015-03-26",57.98,58.09,57.220001,57.27,10853900,47.962383
"2015-03-27",57.630001,58.049999,57.310001,57.650002,6830100,48.280624
"2015-03-30",57.93,58.34,57.790001,58.240002,5781900,48.774738
"2015-03-31",58.009998,58.810001,57.709999,58.540001,12313600,49.025986
"2015-04-01",58.48,58.490002,56.330002,57.099998,14903300,47.820011
"2015-04-02",57.439999,57.810001,56.900002,57.009998,8787000,47.74464
"2015-04-06",56.810001,57.889999,56.68,57.610001,10280100,48.247128
"2015-04-07",58.25,58.75,57.790001,58.419998,10171500,48.925484
"2015-04-08",58.5,58.98,57.950001,58.810001,11075800,49.252102
"2015-04-09",59.200001,60.43,59.049999,60.32,12698000,50.516689
"2015-04-10",60.5,62.330002,60.32,62,17894700,51.923649
"2015-04-13",61.810001,62.16,61.060001,61.200001,11400900,51.678772
"2015-04-14",61.400002,61.810001,60.509998,61.720001,13071400,52.11787
"2015-04-15",62.099998,62.700001,61.970001,62.029999,11534200,52.379646
"2015-04-16",61.799999,62.91,61.650002,62.59,9815600,52.85252
"2015-04-17",62.119999,62.790001,61.869999,62.290001,9905600,52.599194
"2015-04-20",62.91,64,62.799999,63.540001,12779200,53.654728
"2015-04-21",63.889999,64.239998,63.27,63.610001,8457300,53.71384
"2015-04-22",63.599998,64.730003,63.560001,64.519997,13874300,54.482258
"2015-04-23",65.260002,65.309998,62.73,64.25,18405300,54.254261
"2015-04-24",64.309998,66.370003,64.139999,66.07,14859500,55.791115
"2015-04-27",66.019997,66.660004,64.860001,65.019997,18141700,54.904469
"2015-04-28",64.599998,66.489998,64.199997,66.489998,13084900,56.145767
"2015-04-29",65.699997,66.18,65.510002,65.629997,9864300,55.419571
"2015-04-30",65.389999,65.919998,64.32,64.660004,10298600,54.600483
"2015-05-01",65.089996,65.5,63.880001,64.32,9870800,54.31337
"2015-05-04",64.32,65.440002,64.010002,64.68,8493500,54.617367
"2015-05-05",64.199997,64.900002,63.779999,63.860001,7635900,53.924942
"2015-05-06",64.110001,64.529999,63.400002,63.939999,8476300,53.992493
"2015-05-07",63.59,64.809998,63.59,64.699997,8638200,54.634251
"2015-05-08",65.099998,65.800003,64.900002,65.239998,7541100,55.090244
"2015-05-11",65.190002,65.800003,65.080002,65.199997,7978700,55.056461
"2015-05-12",64.75,65.269997,64.589996,64.809998,5927000,54.727135
"2015-05-13",64.980003,65.32,64.629997,65.300003,8519200,55.140907
"2015-05-14",65.860001,66.269997,64.940002,65.970001,5868900,55.70668
"2015-05-15",65.93,66.519997,65.910004,65.989998,6786400,55.723564
"2015-05-18",65.790001,65.910004,65.139999,65.610001,7858100,55.402679
"2015-05-19",65.709999,66.120003,65.400002,65.730003,7674600,55.504013
"2015-05-20",65.919998,66.199997,65.389999,65.889999,9956000,55.639107
"2015-05-21",65.449997,65.809998,64.870003,65.650002,10553400,55.436447
"2015-05-22",65.480003,65.870003,65.309998,65.480003,14041500,55.292908
"2015-05-26",65.720001,67,65.660004,66.099998,21034300,55.816444
"2015-05-27",66.75,67.989998,66.57,67.379997,40778800,56.897312
"2015-05-28",67.419998,67.529999,66.629997,67.470001,12891500,56.973309
"2015-05-29",67.220001,67.519997,66.389999,66.589996,9451000,56.230217
"2015-06-01",66.800003,67.260002,66.260002,66.93,12426700,56.517319
"2015-06-02",66.699997,67.230003,66.330002,66.620003,11133200,56.255554
"2015-06-03",66.900002,67.300003,66.620003,67.010002,20804000,56.584873
"2015-06-04",66.550003,67.870003,66.519997,67.419998,10539000,56.931091
"2015-06-05",66.980003,67.760002,66.620003,67.400002,8908900,56.914207
"2015-06-08",67.860001,68.199997,67.529999,67.790001,10276700,57.243526
"2015-06-09",67.519997,68.080002,67.510002,67.669998,8132800,57.142193
"2015-06-10",67.660004,68.440002,67.540001,68.239998,7349300,57.623524
"2015-06-11",68.669998,68.669998,67.650002,68.040001,7552200,57.454636
"2015-06-12",67.889999,67.93,66.589996,67.050003,8249900,56.618656
"2015-06-15",66.660004,67.050003,66.099998,66.910004,7028400,56.500443
"2015-06-16",66.720001,67.400002,66.620003,66.769997,5200700,56.382217
"2015-06-17",66.970001,67.989998,66.879997,67.769997,7377100,57.226635
"2015-06-18",67.790001,69.07,67.790001,68.980003,9079000,58.248394
"2015-06-19",68.5,69.75,68.5,69.480003,9979500,58.670605
"2015-06-22",69.849998,70.599998,69.730003,70.120003,10124900,59.211037
"2015-06-23",70.010002,70.489998,69.57,70.019997,8720000,59.126595
"2015-06-24",70.519997,70.75,69.029999,69.220001,9308200,58.451061
"2015-06-25",69.669998,70.379997,69.290001,69.82,6191200,58.957714
"2015-06-26",69.949997,70.599998,69.68,70.459999,9669500,59.498142
"2015-06-29",69.269997,70.019997,67.080002,67.18,12057200,56.728428
"2015-06-30",68,68.220001,66.660004,67.190002,11459600,56.736866
"2015-07-01",67.900002,68.599998,67.68,68.510002,7694900,57.851513
"2015-07-02",68.68,68.900002,67.790001,68.209999,6245700,57.59819
"2015-07-06",67.529999,69,67.489998,68.220001,17029100,57.606644
"2015-07-07",68.419998,68.790001,67.32,68.559998,7821600,57.89373
"2015-07-08",67.790001,68.440002,67.580002,67.660004,5027200,57.133755
"2015-07-09",68.480003,68.919998,67.800003,67.970001,6516800,57.395523
"2015-07-10",68.940002,69.5,68.529999,69.230003,6891400,58.459499
"2015-07-13",69.419998,69.699997,69.169998,69.57,5507000,59.182598
"2015-07-14",69.709999,70.519997,69.400002,69.800003,6628300,59.378242
"2015-07-15",69.809998,70.040001,69.309998,69.75,16761400,59.335716
"2015-07-16",70.139999,70.300003,69.830002,69.989998,6843800,59.539871
"2015-07-17",69.989998,70.129997,69.699997,69.989998,6141200,59.539871
"2015-07-20",70,71.110001,69.860001,70.800003,9633000,60.228947
"2015-07-21",70.809998,71.599998,70.220001,70.540001,5028500,60.007751
"2015-07-22",70.260002,70.650002,70.029999,70.559998,5701700,60.024773
"2015-07-23",70.25,70.93,70.139999,70.519997,5636600,59.990746
"2015-07-24",67.529999,69.019997,67.349998,68.080002,13495200,57.915051
"2015-07-27",68.459999,70.959999,68.459999,69.339996,12841500,58.986935
"2015-07-28",69.5,71.440002,69.080002,71.230003,10098300,60.594742
"2015-07-29",71.290001,71.510002,70.739998,70.769997,6793300,60.203426
"2015-07-30",70.860001,70.879997,69.269997,70.160004,6820400,59.684498
"2015-07-31",70.379997,70.379997,69.730003,70.010002,6181300,59.556896
"2015-08-03",70.190002,70.790001,69.279999,69.730003,9872300,59.318703
"2015-08-04",70.040001,70.389999,69.669998,69.949997,5410900,59.505848
"2015-08-05",70.099998,70.639999,70.050003,70.300003,10090200,59.803604
"2015-08-06",70.370003,70.779999,68.800003,69.239998,6172200,58.901855
"2015-08-07",69.080002,69.300003,67.769997,68.620003,6214500,58.374439
"2015-08-10",68.919998,69.43,68.5,69.209999,8189400,58.876339
"2015-08-11",68.5,69.290001,67.940002,68.25,7473200,58.059666
"2015-08-12",67.830002,68.919998,67.239998,68.75,8337600,58.485027
"2015-08-13",68.68,69.089996,68.209999,68.540001,7184900,58.306377
"2015-08-14",68.559998,69.440002,68.410004,68.650002,5864800,58.399952
"2015-08-17",68.709999,69.82,68.300003,69.370003,17669900,59.012451
"2015-08-18",69.419998,69.739998,68.669998,68.860001,6376500,58.578602
"2015-08-19",68.75,69.080002,68.209999,68.589996,6270300,58.348911
"2015-08-20",68,68.43,67.480003,67.480003,9600900,57.404644
"2015-08-21",66.739998,67.160004,65.830002,65.900002,16277100,56.060555
"2015-08-24",61.169998,64.849998,53.869999,63.450001,24292600,53.976357
"2015-08-25",65.110001,65.120003,60.650002,60.709999,15267000,51.645462
"2015-08-26",62.470001,63.220001,60.880001,63.139999,15289600,53.712643
"2015-08-27",64.029999,64.599998,63,64.510002,12592100,54.878098
"2015-08-28",63.91,64.779999,63.439999,63.98,7316400,54.427223
"2015-08-31",64.139999,64.309998,62.25,62.41,15581100,53.091637
"2015-09-01",61,61.630001,60.16,60.5,12703200,51.466824
"2015-09-02",61.560001,61.599998,60.279999,60.98,12044500,51.875149
"2015-09-03",61.450001,62.279999,61.349998,61.580002,11777400,52.385567
"2015-09-04",60.650002,60.799999,58.959999,59.77,9281400,50.845814
"2015-09-08",60.220001,60.939999,59.91,60.57,9263200,51.526371
"2015-09-09",61.52,61.52,59.110001,59.259998,8436900,50.411964
"2015-09-10",59.360001,60.130001,58.889999,59.580002,9306600,50.684185
"2015-09-11",59.619999,59.759998,58.970001,59.349998,9365400,50.488525
"2015-09-14",59.43,59.619999,57.540001,58.939999,9095600,50.139744
"2015-09-15",58.98,59.439999,58.369999,59.200001,10474700,50.36092
"2015-09-16",59.5,59.639999,58.630001,59.509998,8044200,50.624634
"2015-09-17",59.560001,60.919998,59.389999,59.860001,10281700,50.922382
"2015-09-18",59.419998,61.830002,58.970001,61.220001,28957000,52.079311
"2015-09-21",61.240002,61.740002,59.290001,59.389999,11038100,50.522545
"2015-09-22",58.169998,58.259998,56.91,57.740002,14192000,49.118919
"2015-09-23",57.900002,58.400002,57.150002,57.43,9827000,48.855194
"2015-09-24",56.93,57.48,55.919998,56.57,8625500,48.123608
"2015-09-25",57.84,57.880001,55.080002,55.740002,8673500,47.417522
"2015-09-28",55.389999,55.43,52.34,52.5,15123000,44.661285
"2015-09-29",53.099998,54.189999,51.880001,52.790001,12842800,44.907993
"2015-09-30",53.540001,54.5,53.360001,54.41,11895500,46.28611
"2015-10-01",54.68,55.23,53.93,55.130001,9255800,46.898598
"2015-10-02",53.869999,55.849998,53.720001,55.82,6942600,47.485577
"2015-10-05",56.389999,56.950001,55.439999,56.68,9332800,48.217182
"2015-10-06",56.259998,56.669998,53.959999,55.080002,9008300,46.856071
"2015-10-07",54.849998,56.549999,53.91,55.630001,11056100,47.323952
"2015-10-08",55.130001,56.16,54.799999,56.040001,6737300,47.672749
"2015-10-09",56.18,56.5,55.470001,55.639999,7178500,47.332455
"2015-10-12",55.799999,56.27,55.52,55.77,6515000,47.443054
"2015-10-13",55.169998,55.360001,53.709999,53.799999,9467900,46.189571
"2015-10-14",54.09,54.619999,53.57,53.939999,8727400,46.309757
"2015-10-15",54.32,56.200001,53.849998,56.139999,7781600,48.198563
"2015-10-16",56.290001,56.970001,55.790001,56.529999,7342800,48.53339
"2015-10-19",56.290001,56.700001,55.689999,56.16,6463000,48.215744
"2015-10-20",56.150002,56.380001,54.630001,54.830002,6494600,47.073883
"2015-10-21",55.279999,55.610001,53.07,53.830002,11638800,46.215336
"2015-10-22",53.880001,54.439999,45.450001,48.27,46517700,41.441837
"2015-10-23",49.41,51.73,48.639999,50.34,26214800,43.219017
"2015-10-26",50.169998,52.48,49.349998,51.869999,13890400,44.532585
"2015-10-27",52.009998,53.490002,52.009998,52.580002,11710800,45.142162
"2015-10-28",52.82,53.84,52.080002,53.259998,7869000,45.725964
"2015-10-29",53.200001,55.18,53.02,54.099998,9304400,46.44714
"2015-10-30",57.869999,60.73,57.66,59.549999,27465600,51.126194
"2015-11-02",61.599998,64.199997,61.439999,63.380001,17008700,54.414413
"2015-11-03",63.119999,63.720001,61.919998,62.43,8754700,53.598793
"2015-11-04",62.43,64.150002,62.299999,63.799999,10342600,54.774998
"2015-11-05",63.700001,64.18,61.689999,62.77,10237200,53.890705
"2015-11-06",62.25,64.300003,62.130001,64.129997,7261100,55.058323
"2015-11-09",63.619999,64.129997,63.110001,63.23,8239400,54.285629
"2015-11-10",63.330002,63.619999,62.279999,62.299999,6897600,53.487186
"2015-11-11",62.200001,62.27,60.57,60.860001,8212500,52.250889
"2015-11-12",60.790001,61.73,60.150002,60.23,7765500,51.710003
"2015-11-13",60.009998,60.970001,58.889999,59.860001,7834400,51.392342
"2015-11-16",59.740002,60.810001,59.560001,60.009998,6965100,51.521126
"2015-11-17",60.099998,61.73,59.73,60.380001,8405400,51.838787
"2015-11-18",60.259998,61.060001,59.849998,60.990002,5470200,52.362499
"2015-11-19",61.220001,61.73,60.139999,60.549999,5571200,51.984741
"2015-11-20",60.939999,61.360001,60.57,61.110001,7490200,52.465515
"2015-11-23",61.310001,61.529999,60.84,61.150002,6405000,52.499859
"2015-11-24",60.560001,61.650002,60.529999,61.130001,5213500,52.482693
"2015-11-25",61.099998,61.130001,60.209999,60.290001,4879800,51.761517
"2015-11-27",60.169998,60.450001,59.610001,60,2404100,51.512539
"2015-11-30",59.959999,60.209999,57.959999,58.150002,12660200,49.924236
"2015-12-01",58.23,59.099998,57.16,59.02,11290500,50.671165
"2015-12-02",59.169998,59.389999,57.369999,57.720001,7663000,49.555058
"2015-12-03",57.709999,57.75,55.529999,56.119999,9701500,48.181396
"2015-12-04",56.5,57.48,56.200001,57.18,6748100,49.091446
"2015-12-07",57.900002,57.990002,55.759998,56.27,7890900,48.310177
"2015-12-08",55.560001,56.869999,55.509998,56.669998,6896200,48.653591
"2015-12-09",56.279999,57.439999,55.720001,56.029999,6207900,48.104122
"2015-12-10",56,56.650002,55.650002,55.779999,6736900,47.889481
"2015-12-11",55.779999,55.779999,53.849998,54.040001,9388600,46.39563
"2015-12-14",53.709999,55.48,53.240002,55.439999,9419500,47.59758
"2015-12-15",56.150002,57,55.91,56.389999,6990000,48.413204
"2015-12-16",56.669998,57.689999,56.200001,57.630001,6282500,49.477798
"2015-12-17",57.66,57.93,56.349998,56.380001,7848900,48.404613
"2015-12-18",55.900002,56.099998,55.360001,55.740002,13807000,47.855148
"2015-12-21",56,56.259998,55.700001,56.200001,4572100,48.250084
"2015-12-22",56.540001,57.990002,56.419998,57.59,8390800,49.443451
"2015-12-23",57.880001,58.610001,57.610001,58.580002,6634400,50.293407
"2015-12-24",58.380001,58.73,58,58.459999,2152900,50.190384
"2015-12-28",58.27,58.970001,57.759998,58.75,5585800,50.439365
"2015-12-29",59.02,59.700001,59.02,59.450001,5073900,51.040344
"2015-12-30",59.400002,60.119999,59.310001,59.799999,5220300,51.340828
"2015-12-31",59.5,59.93,59.200001,59.240002,6104800,50.860046
"2016-01-04",58.060001,58.32,56.400002,57.610001,10308400,49.460629
"2016-01-05",57.990002,58.25,56.82,57.369999,7179600,49.254574
"2016-01-06",56.369999,57.560001,56.18,57.380001,8952700,49.263153
"2016-01-07",56.52,57.84,56.34,57.209999,9292600,49.117207
"2016-01-08",57.549999,57.810001,55.48,55.650002,7985200,47.777889
"2016-01-11",55.860001,55.98,52.830002,53.880001,10483300,46.25827
"2016-01-12",54.470001,54.970001,53.57,54.84,6799600,47.082458
"2016-01-13",54.549999,54.619999,50.98,51.18,10432200,44.401695
"2016-01-14",51.32,56.830002,50.709999,54.560001,16704900,47.334053
"2016-01-15",53.009998,57.41,53.009998,57.34,27008800,49.745865
"2016-01-19",57.529999,57.73,54.23,54.990002,13644500,47.7071
"2016-01-20",54.209999,57.93,53.700001,57.150002,11993100,49.581036
"2016-01-21",57.290001,58.77,56.919998,58.360001,12097000,50.630779
"2016-01-22",59.099998,59.43,57.82,58.830002,10383800,51.038532
"2016-01-25",59.029999,59.810001,58.18,58.650002,9681900,50.88237
"2016-01-26",59.009998,59.27,57.209999,58.259998,7421100,50.544029
"2016-01-27",58.360001,58.93,56.450001,57.110001,9077700,49.546333
"2016-01-28",57.23,57.73,54.779999,55.849998,10521100,48.453201
"2016-01-29",53.419998,55.310001,53.419998,54.900002,17768700,47.629025
"2016-02-01",54.16,54.880001,52.509998,54.389999,11693300,47.186569
"2016-02-02",53.639999,54.779999,53.32,53.950001,7918300,46.804844
"2016-02-03",54.529999,57.18,54.049999,56.84,16435700,49.312088
"2016-02-04",56.740002,57.310001,55.360001,56.759998,10351200,49.24268
"2016-02-05",56.25,56.34,52.619999,53.119999,13263200,46.084759
"2016-02-08",52.580002,54.099998,51.939999,52.889999,9369400,45.885235
"2016-02-09",52.310001,53.939999,52.060001,53.48,7655800,46.397095
"2016-02-10",54.110001,54.689999,52.549999,52.720001,9302800,45.737743
"2016-02-11",52.299999,53.119999,51.82,52.18,8551100,45.26926
"2016-02-12",52.529999,52.970001,51.599998,52.580002,9976200,45.616283
"2016-02-16",53.439999,53.869999,52.73,53.509998,8313000,46.423119
"2016-02-17",54.34,55.150002,53.349998,55.009998,10005600,47.724453
"2016-02-18",55.529999,55.529999,54.169998,54.549999,6555000,47.325386
"2016-02-19",54.5,55,53.98,54.290001,8532500,47.099819
"2016-02-22",54.290001,55.32,53.740002,55.279999,9381800,47.958698
"2016-02-23",55.700001,56.310001,55,55.07,8629700,47.776508
"2016-02-24",54.66,55.07,54.009998,54.889999,6633800,47.62035
"2016-02-25",55.169998,56.23,54.43,56.200001,7076300,48.756855
"2016-02-26",56.259998,56.790001,55.799999,56,5298000,48.583344
"2016-02-29",55.869999,56,54.470001,54.610001,8395100,47.377434
"2016-03-01",54.779999,56.34,54.240002,56.34,7106000,48.878304
"2016-03-02",56.169998,56.43,55.400002,55.700001,7054800,48.323067
"2016-03-03",55.689999,56.09,55.150002,55.93,9283900,48.522614
"2016-03-04",56,56.700001,55.299999,56.150002,6439700,48.713474
"2016-03-07",55.700001,56.5,54.830002,56.400002,7741800,48.930367
"2016-03-08",56.18,56.470001,55.23,55.32,5303700,47.993404
"2016-03-09",55.509998,56.650002,55.040001,56.389999,8402500,48.921692
"2016-03-10",56.560001,57.369999,55.32,56.23,5627900,48.782871
"2016-03-11",56.400002,57.869999,56.349998,57.73,6537400,50.084217
"2016-03-14",57.669998,57.73,56.970001,57.209999,4650800,49.633091
"2016-03-15",56.650002,56.93,55.130001,55.619999,5779600,48.25367
"2016-03-16",55.580002,56.540001,55.25,56.310001,6245400,48.852287
"2016-03-17",56.459999,56.459999,54.41,55.32,8308800,47.993404
"2016-03-18",55.59,56.599998,54.799999,56.57,11029800,49.07785
"2016-03-21",56.52,56.779999,55.73,56.009998,6632900,48.592014
"2016-03-22",55.75,57.540001,55.75,57.5,7661600,49.884682
"2016-03-23",57.16,57.5,56.220001,56.360001,5116400,48.89566
"2016-03-24",56.139999,56.25,55.669998,56.119999,5278900,48.687447
"2016-03-28",56.349998,56.700001,55.799999,56.110001,3803100,48.678772
"2016-03-29",56.099998,57.099998,55.220001,57.049999,4567900,49.494267
"2016-03-30",57.43,57.529999,56.720001,57,3650300,49.450897
"2016-03-31",57.02,57.459999,56.82,57.119999,4930300,49.555
"2016-04-01",56.580002,57.57,56.360001,57.419998,4525700,49.815266
"2016-04-04",57.639999,59.400002,57.490002,59.209999,8108100,51.368202
"2016-04-05",58.540001,59.560001,58.09,58.540001,6779400,50.786945
"2016-04-06",58.52,59.900002,58.52,59.889999,6322800,51.958149
"2016-04-07",59.419998,59.900002,58.759998,59.299999,7827600,51.446281
"2016-04-08",59.490002,59.799999,58.169998,58.470001,5750000,50.726208
"2016-04-11",58.59,59.25,58.25,58.5,4894000,50.752239
"2016-04-12",58.98,60.049999,58.689999,59.889999,7243700,51.958149
"2016-04-13",59.869999,60,58.700001,59.060001,7023000,51.730415
"2016-04-14",59.150002,59.490002,59,59.279999,5185600,51.923115
"2016-04-15",59.549999,59.740002,58.779999,59.509998,4660800,52.124565
"2016-04-18",59.5,60.32,59.299999,59.880001,6089400,52.448647
"2016-04-19",60.09,61.23,59.669998,60.169998,6149300,52.702656
"2016-04-20",60.169998,61.110001,59.959999,60.48,4443600,52.974186
"2016-04-21",60.57,61.43,60.540001,61.369999,5702400,53.753735
"2016-04-22",61.299999,61.990002,60.959999,61.419998,5103000,53.797531
"2016-04-25",61.130001,61.299999,60.75,60.970001,4320500,53.403374
"2016-04-26",60.959999,61.290001,60.529999,60.93,4281700,53.368332
"2016-04-27",60.93,61.48,60.25,60.700001,6679200,53.166878
"2016-04-28",58.560001,62.099998,57.529999,61.200001,16235400,53.604828
"2016-04-29",61.029999,61.450001,60.48,61,13052700,53.429649
"2016-05-02",60.790001,62,60.700001,61.439999,9512000,53.815044
"2016-05-03",60.990002,62.09,60.720001,61.77,9316600,54.104095
"2016-05-04",61.299999,61.650002,61.009998,61.459999,8691400,53.832558
"2016-05-05",61.41,62.400002,61.09,62.34,8646200,54.603348
"2016-05-06",62,62.75,61.650002,62.509998,10880700,54.752251
"2016-05-09",62.360001,63.869999,62.279999,63.700001,9917400,55.794567
"2016-05-10",63.509998,63.759998,63.32,63.740002,12103400,55.829605
"2016-05-11",63.77,63.830002,62.639999,62.700001,9375200,54.918682
"2016-05-12",62.860001,63.07,62.389999,62.490002,9589500,54.734734
"2016-05-13",62.150002,62.860001,61.82,62,7339600,54.305542
"2016-05-16",61.91,62.619999,61.5,62.450001,6707400,54.699699
"2016-05-17",62.439999,62.790001,58.5,60.25,31528900,52.772728
"2016-05-18",59.869999,60.799999,59.560001,60.459999,10622000,52.956669
"2016-05-19",60.060001,60.349998,58.900002,59.279999,9917900,51.923115
"2016-05-20",59.630001,60.049999,59.029999,59.689999,11259400,52.282223
"2016-05-23",59.75,59.84,59.130001,59.299999,6468900,51.940624
"2016-05-24",59.73,60.91,59.52,60.700001,8888100,53.166878
"2016-05-25",61.080002,61.470001,60.790001,61.220001,5857600,53.622341
"2016-05-26",61,62.169998,60.900002,61.900002,6537100,54.21796
"2016-05-27",61.990002,63.200001,61.900002,62.709999,5768000,54.927425
"2016-05-31",62.709999,63.490002,62.639999,62.93,7147900,55.120132
"2016-06-01",62.93,63.169998,62.630001,62.830002,5284400,55.032543
"2016-06-02",62.869999,65.150002,62.830002,65.089996,11628000,57.012062
"2016-06-03",64.760002,65.370003,63.75,65,10621600,56.933228
"2016-06-06",62.130001,62.990002,61.869999,62.82,16403400,55.023777
"2016-06-07",62.59,63.59,62.299999,63.099998,10980100,55.269028
"2016-06-08",62.209999,62.299999,61.369999,61.73,13173000,54.06905
"2016-06-09",61.5,62.169998,60.52,60.75,11503700,53.21067
"2016-06-10",59.990002,61.009998,59.720001,61,11052300,53.429649
"2016-06-13",60.459999,61.389999,59.849998,59.93,11673600,52.492443
"2016-06-14",59.459999,60.380001,59.16,59.900002,11560200,52.466167
"2016-06-15",60.290001,61.27,60.009998,60.400002,7739300,52.904106
"2016-06-16",59.93,60.939999,59.91,60.900002,7011200,53.342064
"2016-06-17",60.880001,60.970001,59.57,60.009998,12574700,52.562519
"2016-06-20",60.639999,61.18,60.060001,60.110001,7076500,52.650101
"2016-06-21",60.200001,60.400002,59.75,59.98,6366500,52.536236
"2016-06-22",60,61.18,59.919998,60.389999,6718600,52.895355
"2016-06-23",60.860001,61.32,60.619999,61.310001,5328200,53.701183
"2016-06-24",59.259998,60.599998,59.18,59.860001,9878500,52.431126
"2016-06-27",59.380001,59.68,58.330002,58.68,7945500,51.397572
"2016-06-28",59.279999,60.130001,59.150002,59.990002,9897600,52.544998
"2016-06-29",60.580002,62.029999,60.23,61.810001,9308000,54.139133
"2016-06-30",61.790001,62.02,61.139999,61.91,7920600,54.226719
"2016-07-01",61.98,63.220001,61.830002,62.709999,6533700,54.927425
"2016-07-05",62.5,62.709999,61.77,61.919998,6293600,54.235466
"2016-07-06",61.84,63.759998,61.799999,63.369999,9202200,55.505524
"2016-07-07",63.599998,63.75,63.209999,63.43,7081900,55.558083
"2016-07-08",63.48,64.480003,62.740002,64.160004,7921700,56.197491
"2016-07-11",64.25,64.989998,64.07,64.349998,9641500,56.363899
"2016-07-12",64.669998,65.809998,64.32,65.5,11870500,57.371181
"2016-07-13",64.809998,65.040001,64.25,64.769997,7684200,57.229805
"2016-07-14",63.700001,64.139999,62.939999,63.619999,12090100,56.213688
"2016-07-15",63.82,64.169998,63.130001,63.32,8827500,55.948608
"2016-07-18",63.23,63.77,63.18,63.560001,6384800,56.160671
"2016-07-19",63.41,63.970001,63.09,63.32,5794500,55.948608
"2016-07-20",63.57,63.900002,63.330002,63.41,7502800,56.028141
"2016-07-21",63.23,64,63.169998,63.889999,6145500,56.452248
"2016-07-22",64,64.089996,63.580002,63.810001,4972900,56.381573
"2016-07-25",63.91,64.5,63.709999,64.32,7241200,56.832191
"2016-07-26",64.410004,64.730003,63.959999,64.449997,4885200,56.947063
"2016-07-27",64.419998,65.110001,64.32,64.900002,6220400,57.344677
"2016-07-28",64.790001,65.059998,63.93,64.720001,6556100,57.185623
"2016-07-29",65.269997,66.400002,65.150002,66.230003,10525000,58.519848
"2016-08-01",66.230003,67.080002,66.230003,66.940002,7599000,59.14719
"2016-08-02",66.93,67.059998,66.050003,66.779999,8763200,59.00581
"2016-08-03",66.809998,67,66.220001,66.57,6355100,58.820263
"2016-08-04",66.580002,66.980003,66.080002,66.099998,4901900,58.40498
"2016-08-05",66.150002,66.599998,66.120003,66.540001,5045600,58.793751
"2016-08-08",66.379997,66.669998,65.75,66.339996,5309300,58.617035
"2016-08-09",66.339996,67.25,66.25,66.760002,5717300,58.988152
"2016-08-10",66.699997,66.959999,66.190002,66.43,4506100,58.696552
"2016-08-11",66.860001,67.110001,66.699997,66.949997,4246600,59.156017
"2016-08-12",66.860001,67.389999,66.550003,67.190002,5215400,59.368092
"2016-08-15",67.470001,68.120003,67.32,67.389999,5215400,59.5448
"2016-08-16",67.129997,67.610001,66.5,66.739998,7147600,58.97047
"2016-08-17",66.690002,67.349998,66.349998,66.830002,7945400,59.049995
"2016-08-18",66.57,67.43,66.550003,66.769997,8205800,58.996979
"2016-08-19",66.57,67.18,66.510002,67.099998,6709400,59.288555
"2016-08-22",67.309998,67.790001,66.919998,67.010002,7884800,59.209042
"2016-08-23",67.260002,67.489998,65.989998,66.169998,10227800,58.466831
"2016-08-24",66.309998,66.529999,64.839996,65.059998,8551100,57.486042
"2016-08-25",65.040001,65.43,64.269997,64.720001,6379000,57.185623
"2016-08-26",64.68,65.019997,64.209999,64.610001,7041600,57.088428
"2016-08-29",64.839996,65.089996,64.190002,64.510002,5099200,57.00008
"2016-08-30",64.540001,64.709999,64.110001,64.160004,5531800,56.690819
"2016-08-31",64.209999,64.449997,63.5,64.099998,6750000,56.637798
"2016-09-01",64.099998,64.139999,63.610001,64.029999,5126700,56.575954
"2016-09-02",64.370003,64.480003,63.869999,64.120003,4100800,56.655479
"2016-09-06",64.699997,64.900002,64.050003,64.610001,6286300,57.088428
"2016-09-07",64.370003,65.139999,64.290001,64.970001,5714300,57.406528
"2016-09-08",63.959999,64.150002,63.439999,64.059998,8238800,56.602463
"2016-09-09",63.220001,64,63.060001,63.360001,8848500,55.983955
"2016-09-12",62.98,64.230003,62.66,64.080002,6653000,56.620136
"2016-09-13",63.66,64.150002,63.009998,63.34,7640400,55.966286
"2016-09-14",63.41,63.959999,63.060001,63.34,5890000,55.966286
"2016-09-15",63.169998,63.82,62.919998,63.349998,7806800,55.975117
"2016-09-16",63.529999,63.790001,63.169998,63.27,11165300,55.90443
"2016-09-19",63.619999,63.709999,62.830002,62.91,7903500,55.586342
"2016-09-20",63.360001,63.549999,62.759998,63.279999,4826500,55.913273
"2016-09-21",63.490002,64.25,63.200001,64.099998,7587400,56.637798
"2016-09-22",64.120003,65.199997,64.080002,65.080002,5416100,57.503727
"2016-09-23",65.050003,65.330002,64.75,64.980003,5154200,57.415359
"2016-09-26",64.519997,64.879997,64.019997,64.07,5567700,56.611286
"2016-09-27",63.950001,64.75,63.689999,64.57,4358300,57.053093
"2016-09-28",64.940002,64.940002,63.889999,64.220001,5645600,56.743835
"2016-09-29",64.300003,64.309998,62.799999,62.82,6431200,55.506813
"2016-09-30",62.669998,63.259998,62.450001,63.07,7325400,55.727711
"2016-10-03",63.02,63.290001,62.25,63.23,4239600,55.869083
"2016-10-04",63.310001,63.529999,62.549999,63,4719400,55.665863
"2016-10-05",63.080002,63.75,63,63.389999,4442500,56.01046
"2016-10-06",63.16,63.209999,62.560001,62.830002,4446100,55.515656
"2016-10-07",63.099998,63.580002,62.5,62.93,3812700,55.604008
"2016-10-10",63.07,63.66,62.919998,63.310001,3135300,55.939774
"2016-10-11",63.080002,63.259998,62.049999,62.389999,5308400,55.126869
"2016-10-12",62,62.23,61.02,61.209999,4563800,54.582916
"2016-10-13",60.959999,61.610001,60.68,61.150002,5988600,54.529415
"2016-10-14",61.450001,61.52,60.150002,60.169998,5606500,53.655514
"2016-10-17",60.099998,60.709999,59.860001,60.139999,6138700,53.628761
"2016-10-18",60.619999,61.619999,60.400002,61.549999,6655100,54.886108
"2016-10-19",62.040001,62.16,61.169998,61.43,5588900,54.779102
"2016-10-20",61.450001,61.98,61.330002,61.759998,4391300,55.073372
"2016-10-21",61.380001,61.439999,60.650002,60.98,4341700,54.377827
"2016-10-24",61.130001,61.68,61.02,61.119999,3934800,54.502659
"2016-10-25",61.060001,61.66,60.950001,61.549999,6432800,54.886108
"2016-10-26",61.509998,61.709999,60.709999,61.02,4560800,54.413486
"2016-10-27",61.450001,61.720001,60.599998,61.459999,6612500,54.805855
"2016-10-28",57.549999,58.389999,55.060001,57.599998,24865300,51.363762
"2016-10-31",57.060001,57.299999,55.720001,55.779999,14185800,49.740814
"2016-11-01",56,56.610001,55.68,56.450001,9799400,50.338284
"2016-11-02",56.459999,57.189999,56.400002,56.790001,9746200,50.641457
"2016-11-03",57.119999,57.290001,55.849998,55.889999,9842600,49.838909
"2016-11-04",56.07,56.869999,55.869999,56.040001,11187000,49.972664
"2016-11-07",56.810001,61.16,56.639999,58.91,17763100,52.531937
"2016-11-08",58.799999,59.610001,58.029999,58.810001,9353200,52.44276
"2016-11-09",64.099998,64.690002,60.41,62.639999,18694000,55.858097
"2016-11-10",63.060001,65.050003,62.790001,64,15948700,57.070847
"2016-11-11",63.540001,63.849998,62.790001,63.099998,10201600,56.268295
"2016-11-14",63.400002,63.639999,62.25,62.970001,8315700,56.152363
"2016-11-15",63.389999,63.389999,61.98,62.869999,5610300,56.06319
"2016-11-16",62.669998,62.970001,61.419998,61.540001,6571200,54.877193
"2016-11-17",61.75,61.990002,61.130001,61.700001,4879500,55.019871
"2016-11-18",61.650002,62.139999,60.389999,60.52,7023200,53.967628
"2016-11-21",60.700001,60.799999,60.200001,60.419998,6328300,53.878452
"2016-11-22",60.490002,60.560001,58.610001,58.93,8518600,52.549774
"2016-11-23",58.810001,60.380001,58.599998,60.18,5546600,53.664433
"2016-11-25",60.040001,60.669998,59.669998,60.509998,2941600,53.958702
"2016-11-28",59.130001,59.939999,59.009998,59.459999,6274600,53.022381
"2016-11-29",59.700001,62.099998,59.52,61.59,11858800,54.921783
"2016-11-30",61.630001,61.84,60.630001,60.799999,9025200,54.217308
"2016-12-01",60.830002,60.830002,58.75,59.16,8266200,52.754868
"2016-12-02",59.189999,60,58.950001,59.43,8020700,52.995632
"2016-12-05",59.599998,61.220001,59.57,60.860001,10227700,54.270813
"2016-12-06",60.759998,61.720001,60.330002,61.619999,7610400,54.948528
"2016-12-07",60.259998,60.650002,58.799999,59.990002,13095600,53.495003
"2016-12-08",60.02,60.98,59.09,60.900002,9192300,54.306484
"2016-12-09",61.189999,61.93,60.919998,61.540001,7102900,54.877193
"2016-12-12",61.529999,62.450001,61.509998,62.040001,5984500,55.323055
"2016-12-13",62.330002,62.439999,61.360001,61.990002,8599600,55.278473
"2016-12-14",61.549999,62.299999,61.509998,61.669998,5115700,54.993122
"2016-12-15",61.799999,62.110001,61.549999,62.02,6416900,55.305222
"2016-12-16",62.119999,62.490002,61.830002,62.220001,10555800,55.483566
"2016-12-19",62.369999,63.330002,62.119999,62.220001,5976800,55.483566
"2016-12-20",62.34,62.709999,61.75,62.16,5751800,55.430069
"2016-12-21",62.23,62.41,61.43,61.450001,5498700,54.796936
"2016-12-22",61.580002,61.919998,61.349998,61.66,5626000,54.984196
"2016-12-23",61.779999,62.400002,61.470001,62.34,4795900,55.59058
"2016-12-27",62.52,63.02,62.41,62.5,5396200,55.733246
"2016-12-28",62.509998,62.75,62.25,62.27,5190400,55.528156
"2016-12-29",62.389999,63.060001,62.389999,62.73,4990000,55.938347
"2016-12-30",62.73,62.93,62.41,62.619999,5999200,55.84026
"2017-01-03",62.919998,63.029999,61.939999,62.41,9328200,55.652992
"2017-01-04",62.639999,63.799999,62.639999,63.290001,8674800,56.437721
"2017-01-05",63.380001,63.950001,63.029999,63.77,5359400,56.865753
"2017-01-06",63.880001,64,63.52,63.790001,4722300,56.883591
"2017-01-09",63.799999,64.379997,63.75,64.209999,8794500,57.258114
"2017-01-10",64.050003,64.5,63.77,64.07,6523500,57.13327
"2017-01-11",63.380001,63.650002,60.59,61.139999,13565200,55.070606
"2017-01-12",60.77,61.43,60.419998,61.279999,8194400,55.196701
"2017-01-13",61.349998,62.41,61.049999,61.990002,7295100,55.836224
"2017-01-17",61.75,62.040001,61.099998,61.860001,8446700,55.719131
"2017-01-18",61.759998,62.139999,61.32,61.66,5519400,55.538975
"2017-01-19",61.450001,61.880001,61.119999,61.380001,5384200,55.286777
"2017-01-20",61.41,61.77,61.080002,61.150002,6730000,55.079605
"2017-01-23",61.02,61.259998,60.68,60.959999,5244700,54.90847
"2017-01-24",60.91,60.93,59.669998,60.580002,6642000,54.566196
"2017-01-25",60.599998,61.630001,60.34,61.380001,8052800,55.286777
"2017-01-26",61.16,61.900002,61.07,61.27,7765300,55.187698
"2017-01-27",60,61.25,59.52,60,14151200,54.043766
"2017-01-30",59.91,60.470001,59.27,60.43,7792700,54.431084
"2017-01-31",60.009998,61.32,59.75,61.110001,8149800,55.043583
"2017-02-01",61.07,61.099998,60.27,60.889999,5888700,54.845417
"2017-02-02",60.650002,61.119999,60.48,60.889999,5365300,54.845417
"2017-02-03",60.900002,61.060001,60.439999,60.669998,6470300,54.647251
"2017-02-06",60.509998,60.970001,60.349998,60.650002,5358100,54.629246
"2017-02-07",60.650002,60.869999,60.400002,60.560001,4210300,54.548176
"2017-02-08",60.139999,61.02,60.049999,60.52,5357800,54.512157
"2017-02-09",60.52,61,60.419998,60.84,4324600,54.800381
"2017-02-10",60.849998,61,60.27,60.419998,5749200,54.42207
"2017-02-13",60.580002,60.860001,60.43,60.509998,6396000,54.503139
"2017-02-14",60.439999,60.98,60.150002,60.82,13562200,54.782364
"2017-02-15",60.919998,61.84,60.400002,61.650002,8927600,55.529972
"2017-02-16",61.669998,61.91,60.810001,61.48,5662000,55.37685
"2017-02-17",61.540001,62.080002,61.169998,61.77,8124400,55.638058
"2017-02-21",61.84,62.110001,61.5,61.830002,8503500,55.692108
"2017-02-22",61.720001,61.950001,61.299999,61.360001,6422200,55.268772
"2017-02-23",61.68,62.240002,61.450001,61.939999,8057700,55.791187
"2017-02-24",61.919998,62.23,61.490002,62.09,6536400,55.926292
"2017-02-27",62.02,62.369999,61.68,62.220001,5214100,56.043388
"2017-02-28",62.110001,62.400002,61.689999,61.84,6756100,55.701115
"2017-03-01",62.16,62.93,61.950001,62.830002,7737400,56.592834
"2017-03-02",62.779999,63.599998,62.599998,63.25,8190000,56.971138
"2017-03-03",63.110001,63.529999,62.830002,63.34,6125800,57.052204
"2017-03-06",63,63.849998,62.880001,63.549999,6837000,57.24136
"2017-03-07",63.139999,64.139999,62.970001,63.689999,9638000,57.367466
"2017-03-08",63.75,64.68,63.5,64.139999,7049700,57.772789
"2017-03-09",64.139999,64.720001,64.050003,64.5,6957000,58.097057
"2017-03-10",65.300003,66.449997,65.110001,65.879997,12788100,59.340061
"2017-03-13",65.870003,65.940002,65.300003,65.849998,7577400,59.313038
"2017-03-14",65.879997,66.050003,65.599998,65.669998,3727200,59.150902
"2017-03-15",65.699997,66.790001,65.68,66.550003,5241200,59.94355
"2017-03-16",66.400002,66.449997,65.550003,65.900002,5162800,59.358078
"2017-03-17",66.040001,66.089996,65.5,65.690002,11288000,59.168919
"2017-03-20",65.779999,66.010002,65.559998,65.800003,4252100,59.267998
"2017-03-21",65.959999,66,65.040001,65.349998,5187400,58.862667
"2017-03-22",65.379997,65.730003,65.099998,65.519997,5662600,59.015797
"2017-03-23",65.519997,66.07,65.360001,65.650002,4099500,59.132889
"2017-03-24",65.510002,66.110001,65.32,65.620003,4056300,59.105877
"2017-03-27",65.370003,66.279999,65.239998,66.099998,4962300,59.538219
"2017-03-28",65.959999,66.209999,65.639999,65.980003,5067400,59.430138
"2017-03-29",65.949997,66.269997,65.68,65.769997,3649900,59.240978
"2017-03-30",65.760002,65.82,65.25,65.459999,3749600,58.961758
"2017-03-31",65.459999,65.519997,65.150002,65.160004,4057800,58.691536
"2017-04-03",65.239998,65.589996,64.879997,65.029999,5229600,58.57444
"2017-04-04",65.120003,65.300003,64.830002,65.110001,3457900,58.6465
"2017-04-05",65.230003,65.760002,64.860001,64.959999,4396300,58.511387
"2017-04-06",65.029999,65.190002,64.650002,65.080002,4628400,58.61948
"2017-04-07",65.059998,65.93,64.830002,65.540001,6089300,59.03381
"2017-04-10",65.5,65.779999,64.910004,64.970001,7136200,58.520401
"2017-04-11",64.43,64.43,63.32,64.18,5404500,58.383942
"2017-04-12",64.169998,64.410004,63.669998,64.370003,6122000,58.556793
"2017-04-13",64.239998,64.720001,64.080002,64.129997,3896700,58.338448
"2017-04-17",64.790001,64.970001,64.059998,64.309998,4189500,58.502197
"2017-04-18",64.029999,64.080002,63.119999,63.650002,4755800,57.90181
"2017-04-19",63.900002,63.93,63.310001,63.450001,4057100,57.719872
"2017-04-20",63.720001,64,63.290001,63.779999,5708600,58.020061
"2017-04-21",63.759998,64.290001,63.549999,63.82,4154900,58.056454
"2017-04-24",64.400002,65.160004,64.260002,64.660004,7121000,58.820595
"2017-04-25",64.940002,65.629997,64.82,65.099998,5352900,59.220848
"2017-04-26",65.190002,65.919998,65.019997,65.040001,5008900,59.166279
"2017-04-27",65.449997,67.5,65.120003,66.07,11692900,60.103264
"2017-04-28",66.059998,66.32,65.440002,65.940002,5521100,59.984997
"2017-05-01",66,66.669998,65.940002,66.480003,4575800,60.476234
"2017-05-02",66.510002,66.68,66.18,66.629997,4342800,60.612686
"2017-05-03",66.449997,66.879997,66.209999,66.739998,4993400,60.712746
"2017-05-04",66.739998,67.400002,66.620003,67.230003,4287400,61.158497
"2017-05-05",67.190002,67.220001,66.32,66.989998,4587800,60.94017
"2017-05-08",66.940002,66.949997,66.139999,66.209999,4497400,60.230621
"2017-05-09",66.199997,66.949997,65.860001,66.169998,4395200,60.194221
"2017-05-10",66.160004,66.230003,65.360001,65.980003,5140200,60.021381
"2017-05-11",65.900002,65.959999,64.660004,65.300003,7853800,59.402794
"2017-05-12",65.269997,66.190002,65.209999,66.059998,6093500,60.094162
"2017-05-15",66.07,66.849998,65.949997,66.669998,8527900,60.649071
"2017-05-16",66.730003,66.919998,66.330002,66.849998,6313500,60.812809
"2017-05-17",66.849998,66.849998,64.610001,65.370003,12771400,59.466473
"2017-05-18",65.370003,66.099998,65.199997,65.629997,6001000,59.702984
"2017-05-19",65.739998,66.010002,65.309998,65.580002,6731800,59.657516
"2017-05-22",65.550003,65.620003,64.800003,65.440002,5541700,59.530155
"2017-05-23",65.440002,66.260002,65.43,65.839996,4676500,59.894024
"2017-05-24",65.790001,66.120003,65.57,65.93,3174600,59.975895
"2017-05-25",66.059998,66.57,65.800003,66.32,4058300,60.330677
"2017-05-26",66.139999,66.410004,65.849998,66.059998,4083000,60.094162
"2017-05-30",65.889999,66.199997,65.809998,66.019997,4803900,60.05777
"2017-05-31",66.239998,66.410004,65.610001,66.019997,6935800,60.05777
"2017-06-01",66.260002,66.720001,66.120003,66.709999,4554700,60.685455
"2017-06-02",66.809998,67.309998,66.620003,67.25,5646000,61.176689
"2017-06-05",67.25,67.860001,66.879997,67.510002,4918100,61.413216
"2017-06-06",67.480003,68.099998,67.370003,67.870003,5494500,61.7407
"2017-06-07",68.010002,69.32,68.010002,68.75,8406300,62.541229
"2017-06-08",68.75,69.050003,68.330002,68.760002,6082500,62.550323
"2017-06-09",68.800003,69.830002,68.720001,69.669998,6159800,63.378132
"2017-06-12",69.790001,69.900002,69.25,69.529999,6084300,63.250782
"2017-06-13",69.620003,70.029999,69.419998,69.669998,5269000,63.378132
"2017-06-14",69.480003,70.790001,69.370003,70.519997,6639100,64.151375
"2017-06-15",70.339996,70.650002,69.879997,70.599998,4682700,64.224152
"2017-06-16",70.800003,71.120003,70.489998,71.050003,9342300,64.633514
"2017-06-19",71.110001,71.589996,70.940002,71.339996,6396300,64.897324
"2017-06-20",71.440002,71.809998,71.160004,71.220001,6542800,64.788177
"2017-06-21",71.110001,71.699997,71.050003,71.339996,6096800,64.897324
"2017-06-22",71.489998,73.669998,71.410004,73.18,9998900,66.571152
"2017-06-23",73.199997,73.489998,72.260002,72.639999,7064500,66.079926
"2017-06-26",72.790001,72.940002,72.410004,72.739998,4019500,66.170891
"2017-06-27",72.699997,73.059998,72.25,72.389999,4490600,65.852493
"2017-06-28",72.720001,73.540001,72.580002,72.919998,4196200,66.334641
"2017-06-29",73.150002,73.169998,71.910004,72.480003,4444700,65.934387
"2017-06-30",72.57,72.82,72.209999,72.510002,4729100,65.96167
"2017-07-03",72.760002,72.989998,72.370003,72.419998,2570700,65.879784
"2017-07-05",72.480003,72.739998,71.989998,72.480003,4751900,65.934387
"2017-07-06",72.239998,72.449997,71.410004,71.730003,4372100,65.252106
"2017-07-07",72.110001,72.110001,71.629997,72.029999,4333700,65.525009
"2017-07-10",71.800003,72.220001,71.580002,71.830002,3158300,65.343071
"2017-07-11",71.889999,72.169998,71.330002,71.839996,3535100,65.352173
"2017-07-12",71.510002,72.129997,71.300003,71.879997,4860200,65.976318
"2017-07-13",71.940002,72.900002,71.669998,72.629997,5189800,66.664726
"2017-07-14",72.620003,73.230003,72.510002,73.110001,4335700,67.105301
"2017-07-17",73.099998,73.470001,72.690002,72.699997,3461600,66.728966
"2017-07-18",72.629997,72.860001,71.75,72.230003,5269100,66.297577
"2017-07-19",72.480003,72.769997,72.019997,72.769997,3904100,66.793221
"2017-07-20",72.989998,74.220001,72.940002,74.010002,5329700,67.931381
"2017-07-21",73.980003,75.040001,73.849998,74.629997,4961500,68.500443
"2017-07-24",74.629997,74.75,73.839996,73.910004,5497800,67.839607
"2017-07-25",74.400002,74.550003,72.470001,72.519997,6354200,66.563744
"2017-07-26",72.370003,72.690002,71.949997,72.589996,4877000,66.628006
"2017-07-27",72.779999,72.800003,70.879997,71.730003,7389300,65.838646
"2017-07-28",71.639999,72.440002,69.379997,70.440002,8012400,64.654587
"2017-07-31",70.519997,70.580002,69.830002,69.910004,7770400,64.168137
"2017-08-01",70.029999,70.839996,69.849998,70.379997,6681700,64.599518
"2017-08-02",70.25,70.739998,69.93,70.709999,4922200,64.902405
"2017-08-03",70.610001,71.010002,70.360001,70.989998,4400400,65.159416
"2017-08-04",71.169998,71.370003,70.349998,70.989998,4732500,65.159416
"2017-08-07",70.940002,71.230003,70.639999,71.220001,3551100,65.370537
"2017-08-08",71.330002,71.910004,71.010002,71.470001,4398000,65.599998
"2017-08-09",71.260002,72.139999,71.099998,72.019997,4536300,66.104813
"2017-08-10",72.010002,72.190002,70.389999,70.440002,5940300,64.654587
"2017-08-11",70.739998,71.010002,70.43,70.629997,3248300,64.828979
"2017-08-14",71.230003,71.290001,70.699997,70.82,2648800,65.003372
"2017-08-15",71.080002,71.139999,70.279999,70.339996,3724100,64.562798
"2017-08-16",70.489998,70.75,70.110001,70.419998,4751600,64.63623
"2017-08-17",70.599998,70.68,69.830002,69.849998,5086000,64.113045
"2017-08-18",69.519997,70.440002,69.470001,69.959999,4016400,64.21402
"2017-08-21",69.919998,70.830002,69.910004,70.699997,4666400,64.893227
"2017-08-22",70.910004,71.879997,70.760002,71.75,3589000,65.856987
"2017-08-23",71.290001,71.900002,71.269997,71.519997,3071300,65.645889
"2017-08-24",71.720001,72.309998,71.400002,72.110001,4088300,66.187424
"2017-08-25",72.220001,72.779999,72.209999,72.480003,3871200,66.527046
"2017-08-28",72.669998,73.57,72.559998,73.32,4574400,67.29805
"2017-08-29",72.779999,73.900002,72.779999,73.889999,3390800,67.821236
"2017-08-30",73.620003,74.18,73.580002,73.919998,3189100,67.848763
"2017-08-31",74.110001,75.400002,73.919998,75.300003,6177600,69.115425
"2017-09-01",75.589996,76,75.260002,75.419998,3831700,69.225571
"2017-09-05",75.389999,75.580002,74.730003,75.25,6309100,69.069542
"2017-09-06",75.610001,77.459999,75.349998,77.050003,7755200,70.721703
"2017-09-07",77.290001,82.449997,77,81.779999,15377300,75.063202
"2017-09-08",81.290001,86.089996,81.110001,85.339996,14809100,78.330818
"2017-09-11",84.459999,87.099998,84.379997,87,12687000,79.854485
"2017-09-12",86.970001,87.970001,86.5,87.75,11155600,80.542877
"2017-09-13",87.580002,88.839996,87.419998,88.470001,9172200,81.203743
"2017-09-14",88.230003,89.32,88.150002,89.220001,10272200,81.892151
"2017-09-15",89.389999,89.690002,86.519997,87.370003,20441500,80.194084
"2017-09-18",87.470001,87.809998,85.080002,85.32,9656700,78.312454
"2017-09-19",85.540001,86.660004,85.379997,86.370003,7786400,79.276222
"2017-09-20",86.400002,87.480003,86.25,87.410004,6559400,80.230804
"2017-09-21",87.360001,87.699997,86.669998,87.410004,7340300,80.230804
"2017-09-22",87.220001,87.75,86.769997,87.480003,6807000,80.295067
"2017-09-25",86.919998,87.779999,86.400002,86.57,8287000,79.459793
"2017-09-26",86.349998,86.910004,85.160004,85.349998,5862400,78.339996
"2017-09-27",85.349998,85.389999,83.190002,84.75,6581200,77.789284
"2017-09-28",86.669998,90.949997,86.379997,88.959999,14809300,81.653496
"2017-09-29",88.690002,89.349998,87.669998,88.860001,6769400,81.561707
"2017-10-02",89.739998,90.410004,88.910004,90.389999,6600100,82.966057
"2017-10-03",90.440002,90.639999,89.019997,89.699997,4286900,82.332718
"2017-10-04",89.519997,90.440002,89.309998,89.900002,3251200,82.516289
"2017-10-05",89.690002,90.559998,89.480003,90.18,4382900,82.773293
"2017-10-06",90.199997,91.330002,89.949997,90.489998,3461800,83.057838
"2017-10-09",90.57,91.190002,90.150002,90.779999,4331500,83.324013
"2017-10-10",90.709999,91.220001,89.699997,91.169998,3560200,83.681984
"2017-10-11",91.470001,92.610001,90.970001,92.379997,6298500,84.792603
"2017-10-12",91.769997,91.989998,90.910004,91.419998,4818200,84.496834
"2017-10-13",91.410004,91.849998,90.540001,90.669998,6803900,83.803635
"2017-10-16",91.010002,91.989998,90.559998,91.040001,4640300,84.145615
"2017-10-17",91.089996,92.779999,90.949997,92.169998,5280500,85.190041
"2017-10-18",92.349998,96.440002,92.199997,96.040001,10979700,88.766968
"2017-10-19",95.5,96.620003,94.510002,96.480003,9303700,89.17366
"2017-10-20",96.779999,98.260002,94.889999,96.099998,6882600,88.822418
"2017-10-23",95.93,96,94.449997,94.510002,4483900,87.352837
"2017-10-24",94,94.139999,90.769997,91.690002,10301100,84.746391
"2017-10-25",91.779999,92.080002,90.730003,91.769997,6924800,84.820328
"2017-10-26",91.860001,91.860001,85.239998,89.559998,10307500,82.777695
"2017-10-27",92.699997,94.970001,90.75,91.93,9066300,84.968208
"2017-10-30",91.699997,92.059998,88.910004,90.959999,6526200,84.071678
"2017-10-31",90.879997,91.82,90.040001,90.25,7065600,83.415436
"2017-11-01",90.779999,93.339996,90.269997,92.440002,7048800,85.43959
"2017-11-02",92.080002,92.339996,90.190002,91.019997,4981900,84.127129
"2017-11-03",91.300003,92.559998,90.910004,92.309998,3620800,85.319427
"2017-11-06",92.220001,93.580002,91.419998,92.959999,5633600,85.920219
"2017-11-07",92.980003,95.68,92.959999,93.959999,7014000,86.84449
"2017-11-08",94.309998,96.370003,93.839996,95.709999,6802600,88.46196
"2017-11-09",95.290001,96.370003,95.260002,95.889999,5187000,88.628326
"2017-11-10",95.349998,95.940002,93.559998,95.43,6170100,88.203171
"2017-11-13",95.370003,95.419998,94.040001,95.120003,4035700,87.916641
"2017-11-14",94.639999,94.910004,93.120003,94.75,4717300,87.574661
"2017-11-15",94.629997,94.699997,92.720001,93.760002,4745700,86.65963
"2017-11-16",94.440002,95.169998,93.279999,94.470001,4301600,87.315865
"2017-11-17",93.800003,94.489998,93.57,93.610001,3386400,86.520988
"2017-11-20",93.919998,94.309998,92.889999,93.599998,4352200,86.511749
"2017-11-21",93.699997,95.400002,93.599998,94.68,4346200,87.509964
"2017-11-22",94.690002,95.400002,94.220001,94.470001,2560700,87.315865
"2017-11-24",94,94.970001,93.550003,94.720001,1932900,87.546936
"2017-11-27",94.690002,95.629997,94.440002,95.419998,3044600,88.193924
"2017-11-28",95.940002,96.889999,94.830002,95.419998,5105400,88.193924
"2017-11-29",95.760002,96.349998,95.029999,95.82,4081400,88.563622
"2017-11-30",96.360001,97.529999,96.209999,96.919998,7889600,89.58033
"2017-12-01",97.190002,98.519997,94.300003,96.32,4823200,89.025764
"2017-12-04",96.370003,96.650002,94.650002,95.220001,4934400,88.009071
"2017-12-05",96.279999,96.720001,95,95.410004,5553000,88.184677
"2017-12-06",95.699997,95.790001,93.470001,94.400002,5114200,87.251167
"2017-12-07",94.029999,94.57,92.900002,94.239998,4524500,87.103294
"2017-12-08",95.68,96.540001,94.620003,95.949997,5297000,88.683784
"2017-12-11",96.389999,97.309998,95.769997,96.470001,4181100,89.164413
"2017-12-12",95.720001,96.690002,94.760002,96.300003,4195200,89.007294
"2017-12-13",96.599998,98.870003,96.599998,97.349998,6148700,89.97776
"2017-12-14",97.330002,97.440002,95.650002,96.300003,3985800,89.007294
"2017-12-15",96.860001,97.879997,96.639999,97.449997,11564700,90.070198
"2017-12-18",97.669998,99.099998,97.550003,98.190002,4768300,90.754158
"2017-12-19",98.419998,98.550003,97.699997,97.919998,2817700,90.504601
"2017-12-20",97.860001,98.900002,97.220001,97.410004,3411900,90.033226
"2017-12-21",97.82,98.349998,97.720001,97.910004,2249500,90.495361
"2017-12-22",97.860001,98.690002,97.709999,98.209999,2835600,90.772636
"2017-12-26",98.150002,98.360001,97.050003,97.75,2363800,90.347473
"2017-12-27",97.730003,98.230003,97.440002,98.089996,1927300,90.661728
"2017-12-28",98.190002,98.389999,97.519997,97.790001,1870400,90.384445
"2017-12-29",98.139999,98.43,96.709999,96.709999,3214400,89.38623
"2018-01-02",97.139999,98.900002,96.75,98.410004,4561300,90.957497
"2018-01-03",98.550003,100.099998,98.040001,99.949997,4702300,92.380867
"2018-01-04",100.07,100.120003,98.349998,99.379997,3579000,91.854034
"2018-01-05",99.339996,101.199997,98.559998,101.110001,4599300,93.453026
"2018-01-08",101.279999,101.279999,98.18,99.489998,5582000,91.955704
"2018-01-09",99.489998,100.660004,98.699997,100.239998,4055400,92.648895
"2018-01-10",99.650002,100.199997,99.18,99.690002,4608600,92.140572
"2018-01-11",99.370003,99.489998,98.559998,99.269997,4240900,92.410522
"2018-01-12",99.339996,100.639999,98.660004,100.339996,4372600,93.406586
"2018-01-16",100.260002,103,100,102.489998,8528600,95.408028
"2018-01-17",103,104.839996,102.550003,104.360001,5384900,97.148811
"2018-01-18",104.290001,104.849998,103.440002,103.809998,6371200,96.63681
"2018-01-19",104.330002,104.870003,103.550003,104.639999,4991300,97.409462
"2018-01-22",104.699997,106.540001,104.459999,106.489998,4538100,99.131622
"2018-01-23",106.169998,106.970001,105.029999,105.379997,5095300,98.098328
"2018-01-24",105.260002,106.230003,104.099998,105.510002,4436500,98.219345
"2018-01-25",105.949997,108.370003,105.739998,108.300003,6327500,100.816559
"2018-01-26",114.5,125.860001,113.5,123.209999,19614500,114.696289
"2018-01-29",121.5,124.150002,118.980003,122.309998,10182700,113.858482
"2018-01-30",119.419998,121.449997,115.870003,115.879997,11851400,107.87278
"2018-01-31",116.209999,116.5,111.290001,112.220001,15744800,104.465683
"2018-02-01",112.239998,117.529999,112.230003,116.339996,9943500,108.301003
"2018-02-02",115.5,117.93,114.919998,115.169998,7184400,107.211853
"2018-02-05",113,115.540001,109.400002,109.510002,9827800,101.942947
"2018-02-06",104.910004,113.519997,101,111.199997,14107800,103.516167
"2018-02-07",111.519997,116.849998,111.379997,113.620003,10030800,105.768951
"2018-02-08",113.330002,114,108.32,108.480003,7212400,100.984123
"2018-02-09",109.57,112.75,106.410004,111.300003,8909300,103.609268
"2018-02-12",112.57,113.330002,110.650002,111.93,4823300,104.195732
"2018-02-13",111.540001,112.410004,110.389999,111.860001,5316200,104.130569
"2018-02-14",111.040001,113.669998,110.279999,113.080002,6189100,105.266258
