"","ALLE.Open","ALLE.High","ALLE.Low","ALLE.Close","ALLE.Volume","ALLE.Adjusted"
"2013-11-18",49.75,50,47.490002,48.48,587100,46.429245
"2013-11-19",48.990002,49,45.299999,45.799999,1682000,43.862614
"2013-11-20",45.98,46,43.990002,44.650002,1106900,42.761269
"2013-11-21",44.5,45.150002,43.040001,43.790001,730200,41.937637
"2013-11-22",43.900002,44.099998,43.25,43.990002,947600,42.129169
"2013-11-25",44.279999,45.619999,43.700001,44.18,727300,42.311142
"2013-11-26",45,45,43.040001,43.200001,873700,41.372597
"2013-11-27",43.549999,43.549999,42.5,43.240002,1153300,41.4109
"2013-11-29",42.75,43.849998,42.75,43.240002,949900,41.4109
"2013-12-02",43.080002,43.669998,41.52,43.139999,5130700,41.31514
"2013-12-03",42.799999,44.849998,42.700001,42.900002,3239300,41.085293
"2013-12-04",42.43,42.610001,41.650002,41.830002,2777700,40.060551
"2013-12-05",42.279999,42.279999,40.630001,41.049999,3380500,39.313541
"2013-12-06",40.75,41.060001,40.639999,40.700001,4662300,38.978355
"2013-12-09",40.700001,41.27,40.240002,41.18,3074000,39.438038
"2013-12-10",41.07,42.84,41.040001,42.560001,3289400,40.75967
"2013-12-11",42.32,43.02,42,42.459999,3367300,40.663898
"2013-12-12",42.009998,43.099998,42,42.970001,1770500,41.152325
"2013-12-13",42.919998,43.799999,42.919998,43.25,683800,41.420483
"2013-12-16",43.009998,43.990002,42.110001,43.689999,1953900,41.841866
"2013-12-17",43.43,44,43.16,43.75,1396700,41.899342
"2013-12-18",43.650002,44.5,43.099998,44.27,1225200,42.397335
"2013-12-19",43.959999,44.5,43.82,44.450001,593000,42.569717
"2013-12-20",44.299999,44.450001,43.91,44.259998,2878600,42.387764
"2013-12-23",44.169998,44.849998,43.549999,44.650002,773600,42.761269
"2013-12-24",44.759998,45.02,44.25,44.580002,304700,42.694237
"2013-12-26",44.860001,45.009998,44.439999,44.700001,513200,42.809147
"2013-12-27",44.77,44.970001,44.09,44.639999,393300,42.751678
"2013-12-30",44.450001,44.880001,44,44.119999,381500,42.253674
"2013-12-31",44.23,44.5,43.759998,44.189999,874200,42.320721
"2014-01-02",44.080002,44.18,43.27,43.650002,992900,41.80357
"2014-01-03",43.57,44.32,43.169998,43.959999,378400,42.100452
"2014-01-06",43.970001,43.98,43.369999,43.68,597800,41.832298
"2014-01-07",42.16,43.98,42.16,43.869999,1371300,42.014256
"2014-01-08",44.02,44.360001,43.400002,43.880001,1407100,42.023827
"2014-01-09",43.889999,44.25,43.84,44.130001,1093500,42.263275
"2014-01-10",44.169998,46.080002,44.02,45.73,2008600,43.795582
"2014-01-13",45.700001,47.439999,45.200001,47.040001,2278500,45.050159
"2014-01-14",47.16,47.889999,46.91,47.799999,2338200,45.778011
"2014-01-15",47.970001,49.189999,47.259998,47.5,1733000,45.490704
"2014-01-16",47.279999,47.68,47.040001,47.400002,1178700,45.394936
"2014-01-17",47.52,48.240002,47,48,1572100,45.969551
"2014-01-21",49.380001,49.380001,47.939999,48.169998,1570400,46.132362
"2014-01-22",48.110001,49.16,48.080002,48.509998,682200,46.457985
"2014-01-23",48.68,48.68,47.580002,47.720001,867600,45.701393
"2014-01-24",47.619999,47.709999,45.830002,46.84,1417500,44.858624
"2014-01-27",45.200001,48,45.200001,46.599998,717800,44.62878
"2014-01-28",46.77,47.880001,46.77,47.73,721700,45.710968
"2014-01-29",47.349998,48.48,47.130001,47.779999,800900,45.758865
"2014-01-30",47.91,49.630001,47.830002,49.419998,1247100,47.329475
"2014-01-31",49.25,49.959999,49.029999,49.349998,2011100,47.262444
"2014-02-03",49.349998,49.939999,47.200001,47.439999,1184800,45.433235
"2014-02-04",47.439999,48.48,47.32,48.049999,891300,46.017433
"2014-02-05",47.84,48.650002,47.150002,47.599998,823100,45.586468
"2014-02-06",47.5,49.27,47.5,49.240002,1168400,47.157101
"2014-02-07",49.330002,50.27,49.330002,49.939999,1837500,47.82748
"2014-02-10",49.990002,50.119999,49.450001,49.84,763400,47.731712
"2014-02-11",49.73,50.41,49.330002,49.889999,1446100,47.779602
"2014-02-12",49.919998,51,49.73,50,1405300,47.884956
"2014-02-13",49.98,50.439999,49.59,50.119999,695000,47.999866
"2014-02-14",50.150002,50.25,49.59,49.630001,891700,47.530609
"2014-02-18",49.720001,50.860001,49.720001,50.110001,2748500,47.990295
"2014-02-19",49.84,50.34,49.029999,49.16,1076100,47.080475
"2014-02-20",50.23,52.779999,49.099998,51.52,2623600,49.340656
"2014-02-21",51.75,52.790001,51.75,52.369999,2198700,50.154694
"2014-02-24",52.360001,53.110001,52.360001,52.860001,667900,50.623978
"2014-02-25",53,54.580002,52.93,54.560001,1117600,52.252052
"2014-02-26",54.830002,55.779999,54.18,54.66,1880100,52.347832
"2014-02-27",54.689999,55.529999,54.209999,55.349998,1139900,53.008644
"2014-02-28",55.09,55.32,53.82,54.349998,1198500,52.050945
"2014-03-03",54.669998,54.93,53.080002,53.490002,659600,51.227314
"2014-03-04",53.709999,55,53.48,54,1189900,51.715755
"2014-03-05",53.900002,54.310001,53.380001,53.950001,395000,51.667854
"2014-03-06",53.990002,54.099998,53.040001,53.189999,617400,50.94001
"2014-03-07",53.439999,53.779999,52.59,53.389999,776100,51.131546
"2014-03-10",53.200001,53.669998,52.240002,53.290001,1155300,51.035786
"2014-03-11",53.490002,54.799999,53.450001,54.5,874700,52.194607
"2014-03-12",54.419998,54.740002,52.77,54.279999,1255500,51.983906
"2014-03-13",54.459999,54.709999,53.130001,53.599998,946400,51.408432
"2014-03-14",53.619999,53.950001,53.25,53.299999,1071800,51.120708
"2014-03-17",53.439999,53.830002,52.93,52.959999,1011700,50.794594
"2014-03-18",52.950001,53.490002,52.709999,53.279999,880800,51.101521
"2014-03-19",53.18,54,52.919998,53.279999,645000,51.101521
"2014-03-20",53.41,54.220001,52.82,54.169998,628100,51.95512
"2014-03-21",54.380001,54.810001,53.740002,53.810001,1356800,51.609848
"2014-03-24",54,54.23,53.040001,53.470001,895600,51.283752
"2014-03-25",53.700001,53.900002,53.169998,53.209999,708000,51.034378
"2014-03-26",53.32,53.5,52.009998,52.040001,691100,49.91222
"2014-03-27",51.869999,51.970001,51.189999,51.450001,492900,49.346348
"2014-03-28",51.619999,52.439999,51.540001,52.16,346100,50.027313
"2014-03-31",52.380001,52.580002,51.91,52.169998,334600,50.0369
"2014-04-01",52.439999,54.060001,52.290001,53.919998,593600,51.715347
"2014-04-02",53.919998,54.810001,53.59,54.669998,500500,52.434681
"2014-04-03",54.77,55,54.580002,54.950001,427900,52.703243
"2014-04-04",54.82,55.349998,53,53.73,492000,51.533123
"2014-04-07",53.709999,54,51.529999,51.619999,1054200,49.509396
"2014-04-08",51.34,51.779999,50.810001,51.41,1213700,49.307972
"2014-04-09",51.459999,51.59,51.23,51.5,1212800,49.394295
"2014-04-10",51.52,51.790001,50.119999,50.68,1488500,48.607834
"2014-04-11",50.529999,50.900002,49.860001,50.009998,1184600,47.965221
"2014-04-14",50.279999,50.610001,49.18,49.77,605900,47.735027
"2014-04-15",49.880001,50.43,48.93,49.959999,419300,47.917255
"2014-04-16",50.16,50.720001,49.84,50.23,254000,48.17622
"2014-04-17",50.07,50.540001,49.43,50.150002,427200,48.099499
"2014-04-21",49.98,50.650002,49.599998,50.630001,225700,48.559879
"2014-04-22",50.709999,51.150002,50.360001,51,422500,48.914745
"2014-04-23",50.889999,50.959999,49.98,50.400002,507800,48.339279
"2014-04-24",50.619999,50.779999,49.720001,50.240002,659800,48.185829
"2014-04-25",49.950001,50.389999,49.369999,49.540001,290300,47.514439
"2014-04-28",49.84,50.080002,48.450001,48.82,605400,46.823879
"2014-04-29",48.959999,49.43,48.459999,48.900002,442000,46.900604
"2014-04-30",49,49.459999,48.439999,49.349998,481100,47.332203
"2014-05-01",51,51.860001,49.48,51.25,722100,49.154526
"2014-05-02",51.18,51.740002,50.25,50.700001,479000,48.62701
"2014-05-05",50.279999,50.52,49.57,50.060001,413800,48.013172
"2014-05-06",49.950001,50.16,49.549999,49.889999,596000,47.850128
"2014-05-07",49.889999,50.32,49.34,49.93,598000,47.888493
"2014-05-08",49.599998,50.400002,49.110001,49.360001,530600,47.341797
"2014-05-09",49.200001,50.16,48.669998,50,489100,47.955639
"2014-05-12",50.049999,50.84,50.049999,50.48,586100,48.416
"2014-05-13",50.5,50.720001,50.330002,50.48,638700,48.416
"2014-05-14",50.299999,50.43,49.740002,49.790001,470700,47.754219
"2014-05-15",49.52,49.740002,47.98,48.290001,738400,46.315548
"2014-05-16",48.32,49.43,48.150002,49.279999,719500,47.265064
"2014-05-19",49.299999,50.360001,49.27,50.209999,653500,48.157043
"2014-05-20",49.869999,50.540001,49.75,50.5,1543600,48.435196
"2014-05-21",50.52,51.029999,50.400002,50.709999,338500,48.6366
"2014-05-22",50.650002,51.84,50.32,51.490002,501100,49.384705
"2014-05-23",51.73,52.59,51.330002,52.459999,451800,50.315044
"2014-05-27",52.490002,52.84,52.330002,52.470001,331600,50.324642
"2014-05-28",52.619999,53.259998,52.459999,52.939999,523700,50.775417
"2014-05-29",52.939999,53.860001,52.939999,53.52,815600,51.331707
"2014-05-30",53.490002,53.509998,52.330002,52.389999,400300,50.247902
"2014-06-02",52.77,52.77,52.040001,52.07,646500,49.940983
"2014-06-03",51.299999,52.740002,51.299999,52.41,451900,50.267086
"2014-06-04",52.27,53.310001,52.23,53.150002,621100,50.976849
"2014-06-05",53.200001,54.34,52.900002,54.310001,608900,52.089409
"2014-06-06",54.43,56.09,54.369999,55.830002,965400,53.547256
"2014-06-09",55.970001,56.810001,55.619999,56.349998,850400,54.04599
"2014-06-10",56.240002,56.75,55.950001,56.73,618100,54.410458
"2014-06-11",56.400002,56.419998,55.98,56.34,625600,54.036407
"2014-06-12",56.18,56.560001,55.889999,56.119999,1780200,53.901943
"2014-06-13",56.259998,56.259998,55.900002,56.09,545100,53.873112
"2014-06-16",55.93,57.360001,55.84,57.130001,634300,54.872025
"2014-06-17",56.880001,57.66,56.099998,57.25,1436700,54.987282
"2014-06-18",57.23,57.5,57.049999,57.34,1901900,55.073723
"2014-06-19",57.330002,57.740002,56.040001,57.27,875800,55.006493
"2014-06-20",57.139999,57.779999,56.880001,57.619999,1265000,55.342651
"2014-06-23",57.720001,58.290001,57.43,57.560001,384500,55.285027
"2014-06-24",57.299999,57.57,56.490002,56.68,580300,54.439796
"2014-06-25",56.619999,56.830002,56.040001,56.689999,503900,54.449409
"2014-06-26",56.720001,56.779999,56.169998,56.32,336500,54.094032
"2014-06-27",56.450001,56.450001,55.52,55.580002,1105000,53.383274
"2014-06-30",55.52,56.75,55.419998,56.68,609900,54.439796
"2014-07-01",56.77,57.459999,56.77,57.060001,424500,54.804787
"2014-07-02",57,57.869999,57,57.369999,484600,55.102535
"2014-07-03",57.459999,57.740002,57.02,57.16,138700,54.900833
"2014-07-07",57.040001,57.040001,55.939999,56.040001,274700,53.825104
"2014-07-08",56.040001,56.040001,54.990002,55.509998,424300,53.316044
"2014-07-09",55.5,56.029999,55.360001,55.610001,342800,53.412102
"2014-07-10",54.849998,55.880001,54.619999,55.599998,496000,53.402489
"2014-07-11",55.669998,56.450001,55.439999,56.029999,269000,53.815495
"2014-07-14",56.099998,56.57,55.619999,55.98,426400,53.767467
"2014-07-15",55.849998,56.189999,55.279999,55.610001,306800,53.412102
"2014-07-16",55.790001,56.110001,55.139999,55.43,417400,53.239212
"2014-07-17",55.049999,55.169998,54.18,54.27,408600,52.125065
"2014-07-18",54.349998,55.009998,54.110001,54.889999,300700,52.720554
"2014-07-21",54.790001,55.049999,54.560001,54.759998,265900,52.595684
"2014-07-22",55.150002,55.580002,54.709999,54.900002,242000,52.730156
"2014-07-23",54.919998,55.09,54.099998,54.450001,362800,52.297935
"2014-07-24",54.419998,55.459999,54.290001,54.970001,412400,52.797394
"2014-07-25",54.630001,55.25,54.389999,55.099998,473700,52.922256
"2014-07-28",55.099998,55.110001,53.32,53.57,513200,51.452721
"2014-07-29",53.52,53.860001,52.419998,52.450001,582000,50.376991
"2014-07-30",52.549999,53.959999,52.43,53.66,799300,51.539162
"2014-07-31",50.900002,52.73,49.93,51.43,1583400,49.397301
"2014-08-01",51.43,51.48,49.59,50.360001,903900,48.369598
"2014-08-04",50.59,51.77,49.970001,50.119999,956900,48.139069
"2014-08-05",50.139999,50.93,49.799999,50.400002,668400,48.408016
"2014-08-06",49.299999,50.23,48.830002,50.119999,1078300,48.139069
"2014-08-07",50.5,50.630001,49.599998,49.869999,622300,47.898964
"2014-08-08",49.919998,50.720001,49.919998,50.610001,850400,48.609718
"2014-08-11",50.759998,51.029999,50.279999,50.360001,342200,48.369598
"2014-08-12",50.290001,51.119999,50.279999,50.959999,712200,48.945873
"2014-08-13",51.060001,52.279999,51.060001,52.240002,708300,50.175301
"2014-08-14",52.23,52.360001,51.669998,52.02,626600,49.963978
"2014-08-15",52.330002,52.93,51.830002,52.259998,755500,50.194496
"2014-08-18",52.509998,53.200001,52.169998,52.639999,325400,50.559479
"2014-08-19",52.799999,53.41,52.23,52.610001,513600,50.530666
"2014-08-20",52.630001,52.91,52.27,52.52,332400,50.444225
"2014-08-21",52.630001,52.77,52.110001,52.139999,249600,50.079243
"2014-08-22",52.049999,52.119999,51.740002,51.970001,399800,49.915955
"2014-08-25",52.220001,52.560001,51.91,52.470001,276100,50.396198
"2014-08-26",52.470001,52.580002,52.09,52.380001,291400,50.309753
"2014-08-27",52.259998,52.259998,51.650002,52.009998,281200,49.954372
"2014-08-28",51.73,51.790001,51.209999,51.549999,438400,49.512562
"2014-08-29",51.549999,51.75,51.240002,51.43,372000,49.397301
"2014-09-02",51.529999,52.299999,51.459999,52.27,661900,50.204098
"2014-09-03",52.639999,52.880001,51.98,52.189999,393900,50.127266
"2014-09-04",52.279999,52.84,52.07,52.330002,411300,50.26173
"2014-09-05",52.470001,52.650002,51.91,52.48,517700,50.4058
"2014-09-08",52.310001,52.619999,52.060001,52.220001,477300,50.156078
"2014-09-09",52.16,52.490002,51.509998,51.740002,533300,49.695053
"2014-09-10",51.630001,52.16,51.25,51.950001,620400,49.896748
"2014-09-11",51.790001,52.52,51.77,52.060001,472200,50.002407
"2014-09-12",51.830002,51.900002,50.709999,50.869999,811300,48.934639
"2014-09-15",50.73,50.900002,50.080002,50.799999,818700,48.867298
"2014-09-16",50.720001,51.41,50.580002,51.099998,671700,49.155876
"2014-09-17",51.16,52.25,50.91,51.060001,610400,49.117409
"2014-09-18",51.23,51.23,50.52,50.619999,551200,48.694141
"2014-09-19",50.880001,50.880001,47.470001,49.860001,1925100,47.963062
"2014-09-22",49.66,49.82,49.169998,49.200001,829600,47.328167
"2014-09-23",49.049999,49.470001,48.540001,48.919998,760000,47.058823
"2014-09-24",48.900002,49.209999,48.810001,49,470900,47.135784
"2014-09-25",48.77,49,48.060001,48.209999,604800,46.375832
"2014-09-26",48.25,48.529999,48.189999,48.400002,664800,46.558609
"2014-09-29",48.02,48.540001,47.790001,48,900800,46.173828
"2014-09-30",47.900002,48,47.310001,47.639999,1371500,45.827518
"2014-10-01",47.439999,48,46.880001,47.77,1083800,45.952568
"2014-10-02",47.68,48.07,47.369999,47.869999,2127100,46.048767
"2014-10-03",48.830002,49.209999,48.580002,49.139999,968600,47.270451
"2014-10-06",49.200001,49.470001,48.470001,48.59,750300,46.741371
"2014-10-07",48.369999,48.369999,46.580002,46.59,691600,44.817463
"2014-10-08",46.540001,47.279999,45.849998,47.240002,1061700,45.44273
"2014-10-09",47.389999,47.389999,46.540001,46.700001,617300,44.923275
"2014-10-10",46.580002,46.970001,46.200001,46.25,776400,44.490398
"2014-10-13",46.220001,46.48,45.279999,45.32,824500,43.595787
"2014-10-14",45.509998,45.889999,44.82,45.060001,976900,43.345673
"2014-10-15",44.560001,46,43.810001,45.720001,1284600,43.980556
"2014-10-16",44.630001,46.5,44.220001,46.330002,696500,44.567364
"2014-10-17",46.73,47.57,46.32,46.75,756800,44.971382
"2014-10-20",46.580002,47.169998,46.57,46.900002,602400,45.115665
"2014-10-21",47.169998,48.470001,47.169998,48.23,657200,46.395073
"2014-10-22",48.240002,48.509998,47,47.099998,696000,45.30806
"2014-10-23",47.700001,48.779999,47.259998,48.450001,733300,46.606705
"2014-10-24",48.490002,49.169998,48.07,49.119999,414700,47.251209
"2014-10-27",48.869999,49.310001,48.549999,49.150002,584000,47.280079
"2014-10-28",49.419998,50.25,49.080002,50.200001,730600,48.290123
"2014-10-29",50.509998,51.369999,49.66,50.290001,1184500,48.376698
"2014-10-30",50.18,53.049999,49.240002,52.639999,1203500,50.637291
"2014-10-31",53.619999,54.57,52.869999,53.09,2535400,51.070164
"2014-11-03",53.16,53.59,52.91,53.43,811100,51.397236
"2014-11-04",53.389999,53.84,53.09,53.119999,1120800,51.099026
"2014-11-05",53.43,53.580002,52.740002,53.049999,539900,51.031689
"2014-11-06",53.330002,53.509998,52.869999,53.419998,1041500,51.387611
"2014-11-07",53.439999,53.560001,52.900002,52.959999,1249500,50.94511
"2014-11-10",53.110001,53.110001,52.57,52.68,562600,50.67577
"2014-11-11",52.810001,53.389999,52.369999,52.52,582100,50.521862
"2014-11-12",52.310001,52.669998,52.009998,52.5,631100,50.502621
"2014-11-13",52.57,52.68,51.880001,52.119999,375500,50.137077
"2014-11-14",52,52.509998,51.790001,52.27,372900,50.281376
"2014-11-17",52.189999,52.919998,52.110001,52.84,529600,50.829681
"2014-11-18",52.91,54.049999,52.68,53.869999,629300,51.820496
"2014-11-19",53.939999,54.32,53.540001,54,758000,51.945553
"2014-11-20",53.619999,54.360001,53.52,54.09,220800,52.03212
"2014-11-21",54.799999,54.880001,54.02,54.200001,488700,52.137947
"2014-11-24",54.25,54.490002,53.880001,53.950001,482200,51.897449
"2014-11-25",53.939999,53.970001,53.279999,53.57,453300,51.53191
"2014-11-26",53.599998,53.799999,52.900002,53.060001,537700,51.041321
"2014-11-28",53.09,54.16,53.09,53.849998,343200,51.801258
"2014-12-01",53.790001,53.98,53.25,53.700001,467000,51.65696
"2014-12-02",53.790001,54.419998,53.639999,54.360001,316000,52.291851
"2014-12-03",54.560001,55.080002,54.41,54.689999,1397500,52.609299
"2014-12-04",54.720001,54.990002,54.400002,54.59,570900,52.513103
"2014-12-05",54.810001,55.610001,54.59,55.549999,861100,53.436577
"2014-12-08",55.560001,55.91,54.599998,54.91,601500,52.820927
"2014-12-09",54.029999,55.080002,53.860001,55,423800,52.907509
"2014-12-10",54.689999,55.099998,53.970001,54.150002,464300,52.089848
"2014-12-11",54.07,54.970001,53.580002,54.189999,394800,52.128323
"2014-12-12",53.689999,54.139999,53.619999,53.810001,592700,51.839306
"2014-12-15",54,54.41,53.349998,53.700001,452600,51.73333
"2014-12-16",53.599998,54.099998,52.959999,53.43,1016300,51.473225
"2014-12-17",53.540001,54.209999,53,54.110001,418500,52.128326
"2014-12-18",54.810001,54.98,54.279999,54.950001,504700,52.937557
"2014-12-19",55.380001,55.389999,54.650002,54.990002,686900,52.976093
"2014-12-22",54.98,55.610001,54.77,55.610001,277900,53.573391
"2014-12-23",55.610001,55.860001,55.400002,55.68,362700,53.64082
"2014-12-24",55.810001,55.900002,55.400002,55.73,134000,53.688995
"2014-12-26",55.77,56,55.580002,55.650002,193000,53.611931
"2014-12-29",55.540001,56.060001,55.290001,55.91,340600,53.8624
"2014-12-30",55.689999,55.889999,55.41,55.66,448600,53.621555
"2014-12-31",55.869999,56.049999,55.25,55.459999,564100,53.428871
"2015-01-02",55.490002,55.599998,53.970001,55.049999,668800,53.033894
"2015-01-05",54.73,55.240002,54.560001,54.939999,534600,52.927921
"2015-01-06",55,55.16,54.080002,54.849998,1337500,52.841225
"2015-01-07",55.09,56,54.810001,55.599998,718400,53.563755
"2015-01-08",55.709999,56.380001,55.18,56.349998,893900,54.286297
"2015-01-09",56.110001,56.330002,55.790001,55.880001,541000,53.833504
"2015-01-12",55.939999,55.990002,54.849998,54.990002,336600,52.976093
"2015-01-13",55.299999,56.459999,54.450001,55.099998,520200,53.082066
"2015-01-14",54.57,55.389999,54.18,55.330002,544200,53.303646
"2015-01-15",55.549999,55.66,53.349998,53.799999,1114300,51.82967
"2015-01-16",53.84,54.349998,53.169998,53.369999,2678200,51.415417
"2015-01-20",53.439999,53.919998,52.59,52.790001,1137400,50.856663
"2015-01-21",52.580002,53.450001,52.330002,52.919998,1614200,50.981907
"2015-01-22",53.119999,54.43,52.900002,54.360001,894200,52.369164
"2015-01-23",54.310001,55,54.310001,54.48,403700,52.484772
"2015-01-26",54.759998,54.830002,53.77,53.91,702600,51.935646
"2015-01-27",53.200001,54.040001,53.07,53.799999,476800,51.82967
"2015-01-28",54.299999,55.16,53.91,54.349998,695100,52.359524
"2015-01-29",54.150002,54.900002,53.709999,54.790001,456600,52.783421
"2015-01-30",54.52,54.919998,53.880001,54.009998,591800,52.031986
"2015-02-02",54.299999,54.529999,53.43,54.490002,1213600,52.494408
"2015-02-03",54.939999,55.43,54.700001,55.049999,429400,53.033894
"2015-02-04",55.029999,55.970001,54.970001,55.630001,578300,53.592655
"2015-02-05",55.75,57.060001,55.75,57,627800,54.912479
"2015-02-06",57.220001,57.799999,57.009998,57.549999,977400,55.442341
"2015-02-09",57.540001,58.099998,56.880001,56.91,730300,54.825779
"2015-02-10",57.220001,57.349998,56.259998,56.880001,527400,54.796871
"2015-02-11",56.939999,57.209999,56.389999,56.720001,860000,54.642742
"2015-02-12",57.139999,57.889999,56.849998,57.759998,723800,55.644653
"2015-02-13",57.720001,58.82,57.189999,58.66,746300,56.511684
"2015-02-17",58.790001,59.5,58.389999,58.560001,1336700,56.415356
"2015-02-18",56.880001,57.43,55.130001,56,1721100,53.949108
"2015-02-19",55.939999,57.860001,55.790001,57.619999,1670200,55.509773
"2015-02-20",57.439999,58.720001,56.98,58.599998,980200,56.453884
"2015-02-23",58.360001,58.720001,57.93,58.34,769700,56.203403
"2015-02-24",58.110001,58.790001,57.900002,58.400002,526600,56.261211
"2015-02-25",58.48,59.07,58.16,58.549999,626000,56.405708
"2015-02-26",58.740002,58.77,58.029999,58.290001,507200,56.155235
"2015-02-27",58.209999,58.540001,57.689999,57.73,342900,55.615757
"2015-03-02",57.77,58.91,57.639999,58.82,694300,56.665829
"2015-03-03",58.439999,58.82,58.049999,58.5,612000,56.357544
"2015-03-04",58.650002,58.84,57.98,58.450001,940000,56.309368
"2015-03-05",58.48,58.48,57.799999,58.110001,480000,55.981831
"2015-03-06",57.689999,57.98,57.360001,57.450001,413900,55.346001
"2015-03-09",57.41,58.139999,57.400002,57.990002,342800,55.866215
"2015-03-10",57.689999,58.009998,57.110001,57.610001,491100,55.500134
"2015-03-11",57.700001,58.259998,57.580002,57.91,559900,55.78915
"2015-03-12",57.93,58.52,57.93,58.400002,420900,56.261211
"2015-03-13",58.09,58.669998,57.799999,58.16,562300,56.12611
"2015-03-16",58.509998,58.77,58.009998,58.740002,494300,56.685814
"2015-03-17",58.209999,58.740002,58.040001,58.34,446100,56.299809
"2015-03-18",58.290001,60.099998,58.060001,59.84,634800,57.747353
"2015-03-19",59.860001,60.040001,59.290001,60.009998,599900,57.911407
"2015-03-20",60.41,61.220001,60.23,61.139999,923000,59.001892
"2015-03-23",61.240002,61.700001,60.810001,60.900002,685900,58.770287
"2015-03-24",60.740002,61.400002,60.380001,60.900002,529500,58.770287
"2015-03-25",60.84,61.23,60.139999,60.310001,652900,58.200924
"2015-03-26",60.299999,60.669998,59.98,60.509998,554100,58.393925
"2015-03-27",60.490002,61.299999,60.16,61.23,912800,59.088741
"2015-03-30",61.400002,61.970001,61.400002,61.91,457400,59.744972
"2015-03-31",61.5,61.93,61.049999,61.169998,428200,59.030846
"2015-04-01",60.98,61.330002,60.790001,61.080002,443500,58.944
"2015-04-02",61.150002,61.709999,60.939999,61.450001,275700,59.301052
"2015-04-06",61.18,62.16,61.029999,61.650002,653400,59.494064
"2015-04-07",61.400002,61.709999,61.279999,61.57,398800,59.416851
"2015-04-08",61.529999,61.73,61.18,61.689999,512100,59.532661
"2015-04-09",61.700001,61.799999,61.139999,61.439999,425500,59.291397
"2015-04-10",61.52,61.720001,60.869999,61.240002,559800,59.098392
"2015-04-13",61.169998,61.580002,60.25,60.279999,438800,58.171959
"2015-04-14",60.32,60.68,59.599998,59.970001,681000,57.87281
"2015-04-15",60.02,60.610001,60.02,60.490002,443500,58.374626
"2015-04-16",60.380001,60.470001,59.700001,60.16,350400,58.056168
"2015-04-17",59.720001,59.720001,58.779999,59.099998,462000,57.033234
"2015-04-20",59.200001,59.68,59.080002,59.310001,403300,57.235893
"2015-04-21",59.689999,59.93,59.330002,59.810001,326600,57.718399
"2015-04-22",59.869999,60.48,59.720001,60.360001,485400,58.249168
"2015-04-23",60.07,60.18,59.529999,59.740002,1013000,57.650848
"2015-04-24",59.689999,61.080002,59.630001,60.959999,873500,58.828186
"2015-04-27",60.970001,61.450001,60.5,60.59,793100,58.471127
"2015-04-28",60.400002,61.099998,60.240002,60.810001,950300,58.683434
"2015-04-29",60.650002,60.700001,60.060001,60.549999,560600,58.432518
"2015-04-30",61.049999,62.540001,60.900002,61.150002,2075800,59.011539
"2015-05-01",60.619999,61.810001,60.18,61.450001,1464200,59.301052
"2015-05-04",61.099998,62.360001,61.099998,62.25,672200,60.073074
"2015-05-05",61.919998,62.360001,61.349998,61.5,577100,59.349304
"2015-05-06",61.639999,61.849998,60.93,61.279999,531600,59.137001
"2015-05-07",61.07,62,60.82,61.490002,1243500,59.339649
"2015-05-08",62,62.529999,61.66,62.380001,874400,60.198524
"2015-05-11",62.369999,63.419998,62.369999,63.18,1367300,60.970551
"2015-05-12",62.869999,63.080002,61.549999,61.779999,565200,59.619514
"2015-05-13",61.75,62.290001,61.599998,61.740002,621200,59.580906
"2015-05-14",62.200001,62.200001,61.759998,61.869999,587900,59.706364
"2015-05-15",61.830002,62.040001,61.419998,61.790001,890700,59.629162
"2015-05-18",61.82,62.119999,61.57,61.889999,691200,59.725658
"2015-05-19",62.099998,62.990002,61.790001,61.830002,546400,59.667763
"2015-05-20",62.02,62.02,61.400002,61.540001,480700,59.387905
"2015-05-21",61.709999,61.77,61.189999,61.400002,579900,59.252804
"2015-05-22",61.400002,61.779999,60.990002,61.259998,252700,59.117691
"2015-05-26",61.220001,61.369999,60.66,60.889999,375400,58.760628
"2015-05-27",61.32,61.919998,60.93,61.82,286200,59.658112
"2015-05-28",61.610001,61.970001,61.360001,61.939999,376200,59.773914
"2015-05-29",62.009998,62.970001,61.869999,62.439999,675900,60.256432
"2015-06-01",62.470001,62.470001,61.889999,62.040001,357600,59.870419
"2015-06-02",62,62.700001,61.689999,62.389999,271400,60.208183
"2015-06-03",62.369999,63.040001,61.799999,62.810001,458300,60.613495
"2015-06-04",62.25,62.66,61.740002,61.830002,223800,59.667763
"2015-06-05",61.650002,62.040001,61.110001,61.900002,314300,59.735321
"2015-06-08",61.73,62.09,61.389999,61.400002,235000,59.252804
"2015-06-09",61.34,61.34,60.73,60.950001,415300,58.818531
"2015-06-10",61.02,61.939999,61.02,61.619999,336000,59.465103
"2015-06-11",61.82,62.25,61.529999,61.650002,344900,59.494064
"2015-06-12",61.529999,61.970001,60.970001,61.099998,276600,59.05909
"2015-06-15",60.849998,61.099998,60.330002,60.860001,431300,58.827106
"2015-06-16",60.630001,60.98,60.290001,60.610001,320500,58.585457
"2015-06-17",60.82,61.240002,60.209999,61.169998,352200,59.126755
"2015-06-18",61.27,61.919998,61.119999,61.41,335800,59.358734
"2015-06-19",61.369999,62.009998,61.040001,61.669998,647000,59.61005
"2015-06-22",62,62.459999,61.709999,62.080002,275300,60.006355
"2015-06-23",62.02,62.580002,61.77,62.080002,425800,60.006355
"2015-06-24",62.279999,62.799999,61.77,62.049999,508700,59.97736
"2015-06-25",62.049999,62.630001,61.639999,61.73,229700,59.668037
"2015-06-26",61.82,62.040001,61.529999,61.630001,256900,59.571384
"2015-06-29",61.509998,61.639999,59.799999,59.900002,525600,57.899174
"2015-06-30",60.490002,61.02,60.009998,60.139999,617900,58.131161
"2015-07-01",60.73,60.810001,60.080002,60.209999,612300,58.198826
"2015-07-02",60.5,60.59,59.639999,59.77,308500,57.773518
"2015-07-06",59.48,60.130001,59.09,59.560001,340900,57.570526
"2015-07-07",59.73,59.73,58.68,59.650002,876400,57.65752
"2015-07-08",59.290001,59.439999,58.43,58.48,477200,56.526608
"2015-07-09",59.25,59.650002,59.09,59.189999,593100,57.212883
"2015-07-10",59.830002,60.439999,59.650002,60.27,753800,58.256813
"2015-07-13",60.75,61.060001,60.389999,60.990002,615200,58.952766
"2015-07-14",61.02,61.630001,60.75,61.52,361700,59.465069
"2015-07-15",61.380001,61.849998,60.599998,60.889999,453100,58.856102
"2015-07-16",61.189999,61.419998,60.970001,61.27,339400,59.223408
"2015-07-17",61.09,61.939999,61.09,61.389999,787000,59.339401
"2015-07-20",61.41,61.790001,61.150002,61.669998,309300,59.61005
"2015-07-21",61.59,61.73,60.669998,60.82,355500,58.788448
"2015-07-22",60.759998,61.48,60.68,61.07,376400,59.03009
"2015-07-23",61.360001,61.799999,60.939999,61.080002,572900,59.039764
"2015-07-24",61.310001,61.860001,61.049999,61.43,728400,59.378075
"2015-07-27",61.130001,61.560001,60.610001,61.200001,1057600,59.15575
"2015-07-28",61.32,62.849998,61.209999,62.389999,966300,60.305996
"2015-07-29",62.560001,63.860001,62.560001,63.75,805300,61.620567
"2015-07-30",63.900002,66.050003,61.560001,63.200001,1392300,61.088943
"2015-07-31",63.68,63.939999,63.060001,63.220001,646600,61.108273
"2015-08-03",63.220001,63.310001,62.380001,62.689999,543400,60.595982
"2015-08-04",62.799999,63.060001,62.439999,62.630001,429500,60.537979
"2015-08-05",63.310001,63.669998,62.580002,62.880001,551100,60.77964
"2015-08-06",62.889999,62.93,61.91,62.290001,428500,60.209335
"2015-08-07",62.240002,62.700001,61.849998,62.669998,398200,60.576645
"2015-08-10",63.049999,63.529999,62.889999,63.380001,304900,61.262932
"2015-08-11",62.880001,63.189999,62.720001,63.16,320100,61.050285
"2015-08-12",62.799999,63.080002,61.900002,63.07,392400,60.963284
"2015-08-13",62.950001,63.470001,62.580002,63.290001,325200,61.175934
"2015-08-14",63.25,63.630001,63.040001,63.599998,157800,61.475578
"2015-08-17",63.560001,64.699997,62.98,64.68,445200,62.519501
"2015-08-18",64.669998,64.860001,63.240002,64.57,634000,62.413181
"2015-08-19",64.050003,64.419998,63.66,64.230003,458800,62.084541
"2015-08-20",63.549999,63.650002,62.560001,62.599998,667200,60.50898
"2015-08-21",62.150002,62.150002,60.369999,60.380001,469200,58.363148
"2015-08-24",56.880001,59.419998,54.34,58.560001,1387800,56.603935
"2015-08-25",59.75,59.91,56.880001,56.950001,932100,55.047707
"2015-08-26",58.290001,59.09,57.119999,59.02,986000,57.048565
"2015-08-27",59.490002,60.779999,59.169998,60.509998,680100,58.488789
"2015-08-28",60.48,60.799999,59.740002,60.27,619300,58.256813
"2015-08-31",59.959999,60.220001,59.34,59.610001,400300,57.618866
"2015-09-01",57.169998,58.779999,57.169998,58.560001,755700,56.603935
"2015-09-02",59.220001,59.32,58.34,59.32,346100,57.338543
"2015-09-03",59.41,60.450001,58.529999,59.790001,569200,57.79285
"2015-09-04",59.049999,59.25,58.27,58.720001,421400,56.758591
"2015-09-08",59.689999,60.389999,59.110001,60.360001,301200,58.343811
"2015-09-09",60.830002,61.189999,60.080002,60.200001,613500,58.18914
"2015-09-10",60.080002,60.77,59.59,60.299999,426200,58.285812
"2015-09-11",59.919998,60.669998,59.580002,60.630001,271500,58.60479
"2015-09-14",60.439999,60.759998,60.16,60.720001,385100,58.78875
"2015-09-15",60.93,61.810001,60.540001,61.639999,397600,59.679485
"2015-09-16",61.490002,62.080002,61.080002,61.810001,422600,59.844074
"2015-09-17",61.709999,62.82,61.470001,62.040001,550700,60.066765
"2015-09-18",61.400002,61.98,61,61.119999,761800,59.176025
"2015-09-21",61.450001,61.93,61.130001,61.720001,396900,59.756943
"2015-09-22",61.07,61.259998,60.139999,60.369999,394300,58.449871
"2015-09-23",60.599998,60.669998,60.060001,60.59,474600,58.66288
"2015-09-24",60.099998,60.299999,59.450001,60.18,304800,58.265926
"2015-09-25",60.529999,60.599998,59.52,59.639999,570300,57.743095
"2015-09-28",59.380001,59.380001,56.75,57.259998,695400,55.438797
"2015-09-29",57.23,57.41,55.619999,56.07,639400,54.286636
"2015-09-30",56.52,57.740002,56.310001,57.66,575300,55.826073
"2015-10-01",57.950001,58.59,57.07,58.560001,704800,56.697441
"2015-10-02",57.98,58.099998,57.049999,58.080002,692600,56.232712
"2015-10-05",58.450001,59.650002,58.41,59.009998,514900,57.133125
"2015-10-06",59.150002,59.68,58.360001,58.650002,600700,56.784584
"2015-10-07",58.869999,59.689999,58.779999,59.639999,617300,57.743095
"2015-10-08",59.389999,59.880001,58.889999,59.740002,518600,57.839916
"2015-10-09",59.810001,60.43,59.389999,59.669998,500600,57.772133
"2015-10-12",59.689999,59.889999,58.990002,59.139999,421300,57.258995
"2015-10-13",58.900002,59.52,58.330002,58.860001,531400,56.987896
"2015-10-14",58.810001,59.299999,58.259998,58.830002,630000,56.958855
"2015-10-15",59.220001,60.610001,58.73,60.34,745700,58.42083
"2015-10-16",60.59,60.950001,60.110001,60.32,697000,58.40147
"2015-10-19",60.029999,60.310001,59.439999,59.98,513500,58.072277
"2015-10-20",59.939999,62.900002,59.939999,61.990002,924500,60.018349
"2015-10-21",62.34,62.490002,61.09,61.27,384300,59.321251
"2015-10-22",61.52,64.379997,61.400002,64,1248300,61.96442
"2015-10-23",64.379997,64.43,63.599998,63.73,1077000,61.703011
"2015-10-26",63.77,64.120003,63.150002,64.07,436500,62.032188
"2015-10-27",63.810001,64.5,63.740002,64.5,1020500,62.448517
"2015-10-28",64.580002,65.339996,63.610001,65.199997,1158000,63.126251
"2015-10-29",67.5,67.5,62.639999,64.510002,1801600,62.458195
"2015-10-30",64.589996,65.660004,63.959999,65.169998,1029100,63.097198
"2015-11-02",65.18,66.839996,64.900002,66.75,936900,64.626945
"2015-11-03",66.5,66.5,65.150002,65.330002,877300,63.252117
"2015-11-04",64.459999,65.360001,64.459999,64.699997,1181900,62.642155
"2015-11-05",63.98,64.5,63.669998,64.160004,1010500,62.119335
"2015-11-06",64.080002,64.540001,63.27,64.269997,855900,62.225826
"2015-11-09",64.220001,64.239998,63.02,63.68,782700,61.654602
"2015-11-10",63.619999,63.790001,62.77,63.330002,839500,61.315727
"2015-11-11",63.580002,65.07,63.34,65.010002,747400,62.942307
"2015-11-12",64.5,65.099998,64.25,64.68,1038300,62.622791
"2015-11-13",64.629997,65.019997,63.66,63.689999,650300,61.664272
"2015-11-16",63.990002,64.879997,63.59,64.720001,778000,62.661526
"2015-11-17",65,65.139999,64.339996,64.589996,846200,62.535656
"2015-11-18",65.169998,65.900002,64.669998,65.849998,1059700,63.755581
"2015-11-19",65.900002,66.760002,65.43,66.68,1700800,64.559181
"2015-11-20",66.82,67,66.239998,66.510002,2377900,64.3946
"2015-11-23",66.639999,66.830002,65.449997,65.690002,777600,63.600677
"2015-11-24",65.470001,65.470001,64.540001,65.18,988900,63.106888
"2015-11-25",65.5,66.669998,65.18,66.400002,634300,64.288094
"2015-11-27",66.489998,67.279999,66.400002,67.129997,274600,64.994858
"2015-11-30",67.269997,67.989998,67.010002,67.209999,1311700,65.072327
"2015-12-01",67.339996,68.080002,67.25,68.029999,899000,65.866234
"2015-12-02",67.900002,68.080002,67.029999,67.309998,643400,65.169136
"2015-12-03",67.400002,67.400002,65.410004,66.099998,578200,63.997639
"2015-12-04",66.349998,67.480003,65.879997,67.120003,660700,64.985184
"2015-12-07",66.970001,67.150002,66.360001,66.389999,534400,64.278389
"2015-12-08",65.639999,66.5,65.419998,65.849998,464800,63.755581
"2015-12-09",65.139999,66.370003,64.970001,65.18,577500,63.106888
"2015-12-10",65.18,65.919998,64.989998,65.389999,571200,63.310211
"2015-12-11",64.739998,65.440002,64.43,64.589996,518200,62.535656
"2015-12-14",64.529999,64.970001,63.639999,64.910004,813000,62.942924
"2015-12-15",65.209999,65.730003,64.940002,65.43,582000,63.447178
"2015-12-16",65.970001,66.660004,65.419998,66.459999,611200,64.445946
"2015-12-17",66.480003,66.480003,65.599998,65.620003,586400,63.631416
"2015-12-18",65.389999,65.540001,63.959999,64.650002,1609900,62.690807
"2015-12-21",65,65.489998,64.379997,64.760002,459400,62.79747
"2015-12-22",65.07,65.199997,64.419998,65.169998,443500,63.195057
"2015-12-23",65.550003,65.940002,65.239998,65.82,313400,63.82534
"2015-12-24",65.839996,65.919998,65.440002,65.610001,114200,63.621712
"2015-12-28",65.449997,66.389999,65.120003,66.309998,303800,64.300507
"2015-12-29",67.040001,67.540001,66.57,66.959999,475300,64.930794
"2015-12-30",66.699997,67.089996,66.449997,66.610001,309900,64.591415
"2015-12-31",66.260002,66.919998,65.309998,65.919998,310900,63.922314
"2016-01-04",64.879997,64.879997,63.389999,64.529999,845000,62.574448
"2016-01-05",64.57,65.400002,64.110001,64.459999,525600,62.50655
"2016-01-06",63.619999,63.830002,62.389999,62.77,505500,60.867779
"2016-01-07",61.630001,62.290001,60.75,60.959999,613600,59.112633
"2016-01-08",61.299999,61.709999,59.619999,59.77,675700,57.958691
"2016-01-11",60.02,60.450001,58.98,59.490002,562700,57.687176
"2016-01-12",59.959999,60.439999,59.330002,60.110001,521100,58.288387
"2016-01-13",60.529999,60.689999,58.66,58.810001,513400,57.027779
"2016-01-14",59.799999,60.939999,59.040001,60.23,929400,58.404751
"2016-01-15",60.419998,60.419998,56.66,58.68,1231500,56.901722
"2016-01-19",60.049999,60.209999,57.279999,58.009998,1e+06,56.252029
"2016-01-20",57.549999,58.040001,55.529999,57.41,1355200,55.670219
"2016-01-21",57.439999,57.77,55.759998,57.209999,1152600,55.476276
"2016-01-22",58.150002,60.130001,58.130001,59.959999,1086900,58.142933
"2016-01-25",59.689999,60.349998,58.830002,59.189999,1114700,57.396271
"2016-01-26",59.040001,60.119999,58.779999,59.939999,638000,58.123539
"2016-01-27",59.68,60.57,59.369999,59.73,711800,57.919899
"2016-01-28",60.060001,60.169998,58.759998,59.220001,668100,57.425358
"2016-01-29",59.529999,60.650002,59.169998,60.560001,677700,58.724751
"2016-02-01",60,60.740002,59.529999,60.450001,982600,58.618088
"2016-02-02",59.950001,59.950001,58.310001,58.73,1217300,56.950207
"2016-02-03",59.389999,59.490002,57.700001,59.380001,897500,57.580509
"2016-02-04",59.32,60.970001,59.220001,59.799999,542800,57.987789
"2016-02-05",59.830002,60.349998,56.009998,56.27,1627200,54.564758
"2016-02-08",55.380001,55.880001,52.950001,53.77,2161000,52.140518
"2016-02-09",53.330002,54.950001,53.189999,54.279999,1425700,52.635067
"2016-02-10",54.810001,56.52,54.41,54.849998,1245900,53.18779
"2016-02-11",56.189999,58.77,54.450001,56.740002,2540800,55.020515
"2016-02-12",58.09,58.869999,57.169998,57.5,1869100,55.757484
"2016-02-16",58.380001,58.810001,56.880001,58.5,1177600,56.72718
"2016-02-17",58.900002,59.549999,58.43,58.810001,1186300,57.027779
"2016-02-18",59.09,59.400002,58.380001,58.59,987300,56.814457
"2016-02-19",58.5,58.799999,57.970001,58.759998,2485200,56.979298
"2016-02-22",58.759998,61.43,58.759998,61.07,988400,59.219299
"2016-02-23",60.799999,62,60.529999,61.110001,742900,59.258087
"2016-02-24",60.450001,62.77,60.009998,62.630001,1014800,60.732018
"2016-02-25",62.720001,63.869999,60.599998,63.799999,912100,61.866562
"2016-02-26",64,64.5,63.130001,63.880001,748800,61.944138
"2016-02-29",63.919998,64.239998,62.939999,63,1127900,61.090801
"2016-03-01",63.580002,64.910004,63.32,64.830002,1140800,62.865356
"2016-03-02",64.589996,64.980003,64.050003,64.639999,674000,62.681107
"2016-03-03",64.57,64.980003,64.220001,64.839996,695300,62.875046
"2016-03-04",64.830002,65,63.84,63.939999,836800,62.002323
"2016-03-07",63.59,63.959999,62.98,63.490002,913100,61.56596
"2016-03-08",63.080002,63.360001,62.43,62.950001,972300,61.04232
"2016-03-09",63.43,63.68,62.869999,63.32,479000,61.401108
"2016-03-10",63.549999,64.110001,62.630001,63.099998,579400,61.187771
"2016-03-11",63.779999,63.959999,63.349998,63.75,440100,61.818073
"2016-03-14",63.23,64.470001,63.23,64.169998,569500,62.342697
"2016-03-15",63.66,64.150002,63.41,63.639999,463000,61.827797
"2016-03-16",63.34,64.099998,63.029999,63.759998,486900,61.944374
"2016-03-17",63.630001,64.519997,63.150002,64.370003,596200,62.537014
"2016-03-18",64.68,65.360001,64.489998,64.559998,865700,62.721592
"2016-03-21",64.260002,64.739998,63.970001,64.489998,701500,62.653599
"2016-03-22",64.160004,64.459999,63.950001,64.220001,536600,62.391281
"2016-03-23",64.07,64.07,63.220001,63.360001,454600,61.555771
"2016-03-24",63.23,63.380001,62.689999,63.139999,448100,61.342033
"2016-03-28",63.330002,63.529999,62.93,63.369999,313000,61.565479
"2016-03-29",63.41,63.810001,62.959999,63.639999,589800,61.827797
"2016-03-30",63.82,63.939999,63.040001,63.84,471100,62.022099
"2016-03-31",63.799999,64.290001,63.459999,63.709999,521100,61.895805
"2016-04-01",63.470001,65.5,63.080002,65.379997,933700,63.518246
"2016-04-04",65.370003,65.839996,64.669998,64.860001,453800,63.013054
"2016-04-05",64.550003,65.220001,64.07,64.699997,979000,62.857605
"2016-04-06",64.860001,66.279999,64.68,66.209999,1143800,64.324593
"2016-04-07",65.989998,65.989998,63.77,63.970001,1018900,62.148399
"2016-04-08",64.529999,64.760002,63.91,64.059998,429400,62.23584
"2016-04-11",64.550003,64.720001,63.290001,63.41,577400,61.604355
"2016-04-12",63.439999,63.990002,63.130001,63.41,574200,61.604355
"2016-04-13",63.639999,64.330002,63.349998,64.279999,746400,62.44957
"2016-04-14",64.220001,64.269997,63.509998,63.700001,463400,61.886097
"2016-04-15",63.580002,63.830002,63.32,63.77,340100,61.954098
"2016-04-18",63.509998,64.559998,63.5,64.25,315900,62.420429
"2016-04-19",64.349998,64.589996,63.75,63.880001,457700,62.060963
"2016-04-20",63.990002,64.220001,63.580002,63.91,350900,62.090107
"2016-04-21",63.950001,64.379997,63.139999,63.240002,359500,61.43919
"2016-04-22",63.330002,64.290001,63.259998,64.239998,557300,62.410709
"2016-04-25",64.309998,64.739998,63.93,64.699997,534200,62.857605
"2016-04-26",65,65.760002,64.879997,65.669998,778800,63.799992
"2016-04-27",65.849998,66.910004,65.470001,66.830002,994100,64.926964
"2016-04-28",63.950001,66.199997,63.66,65.239998,1756700,63.382233
"2016-04-29",65.230003,65.540001,64.57,65.449997,958100,63.586266
"2016-05-02",65.489998,67.120003,65.339996,66.5,993300,64.606354
"2016-05-03",66.300003,66.440002,65.400002,65.690002,822800,63.819424
"2016-05-04",65.370003,65.610001,64.830002,65.459999,539000,63.595978
"2016-05-05",65.489998,65.779999,64.900002,65.370003,769500,63.508541
"2016-05-06",65.370003,66.050003,64.800003,66.010002,372400,64.13031
"2016-05-09",65.980003,66.529999,65.690002,66.169998,441700,64.285744
"2016-05-10",66.580002,67.019997,66.269997,66.940002,327500,65.033829
"2016-05-11",66.940002,67.239998,65.889999,65.940002,283900,64.062302
"2016-05-12",66.290001,66.43,65.550003,66.129997,306900,64.246895
"2016-05-13",66.010002,66.940002,65.559998,66.010002,542600,64.13031
"2016-05-16",66.080002,66.669998,65.68,66.339996,476100,64.450905
"2016-05-17",66.43,67.110001,65.970001,66.830002,1042100,64.926964
"2016-05-18",66.730003,67.449997,66.220001,67.18,720400,65.266991
"2016-05-19",66.68,67.410004,66.470001,67.209999,1227900,65.296143
"2016-05-20",67.690002,68.610001,67.269997,67.360001,583100,65.441872
"2016-05-23",67.389999,67.400002,66.839996,67.220001,447400,65.305855
"2016-05-24",67.699997,68.449997,67.07,68.120003,504500,66.180206
"2016-05-25",68.449997,68.459999,67.440002,67.949997,824900,66.01506
"2016-05-26",67.949997,68.330002,67.690002,67.730003,332000,65.801331
"2016-05-27",67.760002,68.489998,67.720001,67.989998,425500,66.053925
"2016-05-31",68.07,68.349998,67.349998,67.639999,563700,65.71389
"2016-06-01",67.480003,68.260002,67.029999,68.190002,638100,66.24823
"2016-06-02",68.029999,68.18,67.510002,68.129997,575400,66.189941
"2016-06-03",67.860001,68.110001,67.339996,67.889999,333500,65.956757
"2016-06-06",68.139999,68.18,67.470001,67.900002,447700,65.966484
"2016-06-07",67.93,68.169998,67.419998,67.75,596600,65.820763
"2016-06-08",67.690002,69.099998,67.5,69.010002,715400,67.044884
"2016-06-09",68.669998,69.099998,68.309998,68.980003,441900,67.015732
"2016-06-10",68.959999,69.050003,67.589996,67.910004,589100,65.976196
"2016-06-13",67.519997,68.160004,67.230003,67.489998,664700,65.684227
"2016-06-14",67.440002,67.690002,66.900002,67.629997,557100,65.820473
"2016-06-15",68,68.419998,67.860001,68.160004,701500,66.336311
"2016-06-16",67.699997,68.360001,67.440002,68.199997,703900,66.375229
"2016-06-17",68.339996,68.519997,67.660004,67.690002,511300,65.878876
"2016-06-20",68.169998,69.139999,68.169998,68.949997,351200,67.105179
"2016-06-21",68.940002,69.25,68.550003,69.019997,587500,67.173286
"2016-06-22",68.900002,69.690002,68.82,68.839996,484800,66.998116
"2016-06-23",69.25,69.440002,68.910004,69.25,419700,67.397148
"2016-06-24",66.860001,67.93,65.660004,65.720001,1093700,63.961597
"2016-06-27",65.059998,65.209999,63.450001,64.019997,1188000,62.307076
"2016-06-28",64.43,66.510002,64.199997,66.410004,857600,64.633133
"2016-06-29",66.839996,68.449997,66.769997,68.010002,961500,66.190323
"2016-06-30",68.07,69.459999,68.050003,69.43,578300,67.572319
"2016-07-01",69.300003,69.57,68.279999,68.800003,775000,66.959183
"2016-07-05",68.360001,68.540001,67.519997,68.010002,455800,66.190323
"2016-07-06",67.93,68.620003,67.459999,68.260002,980800,66.433624
"2016-07-07",68.489998,68.989998,68.07,68.639999,333100,66.803459
"2016-07-08",69.139999,69.949997,69.019997,69.739998,386400,67.874008
"2016-07-11",70,70.629997,69.839996,69.93,501800,68.058937
"2016-07-12",70.230003,70.769997,70.099998,70.529999,427700,68.642906
"2016-07-13",71.010002,71.010002,70.209999,70.440002,331600,68.555313
"2016-07-14",71.07,71.419998,70.849998,71.010002,462500,69.110046
"2016-07-15",71.209999,71.559998,70.879997,71.349998,363000,69.440948
"2016-07-18",71.349998,71.5,70.75,70.940002,291400,69.041916
"2016-07-19",70.839996,71.919998,70.75,71.839996,802400,69.917839
"2016-07-20",71.919998,72.199997,71.470001,71.93,317900,70.005424
"2016-07-21",71.93,71.949997,71.379997,71.559998,255000,69.645325
"2016-07-22",71.470001,72.440002,71.230003,72.339996,471000,70.404472
"2016-07-25",71.690002,71.980003,71.459999,71.870003,389800,69.947044
"2016-07-26",71.949997,72.660004,71.879997,72.459999,579300,70.521248
"2016-07-27",72.550003,72.589996,71.459999,71.879997,758600,69.956779
"2016-07-28",72.75,73.419998,72.150002,72.779999,841100,70.832687
"2016-07-29",72.82,73.489998,72.190002,72.389999,961500,70.45314
"2016-08-01",71.739998,72.629997,71.610001,72.400002,632700,70.462868
"2016-08-02",70.989998,72.07,70.75,71.690002,618300,69.771858
"2016-08-03",71.699997,71.699997,70.760002,71.050003,720700,69.148994
"2016-08-04",71.230003,71.790001,70.919998,71,658500,69.100311
"2016-08-05",71.559998,71.650002,71.190002,71.410004,650800,69.499344
"2016-08-08",71.360001,71.559998,70.669998,70.980003,672500,69.080849
"2016-08-09",71.110001,71.309998,70.739998,71.309998,716100,69.402016
"2016-08-10",71.5,71.5,70.910004,71.349998,485200,69.440948
"2016-08-11",71.489998,72.07,71.410004,71.809998,490000,69.888649
"2016-08-12",71.809998,72.540001,71.68,72.349998,598100,70.414192
"2016-08-15",72.629997,73.220001,72.400002,72.82,602800,70.87162
"2016-08-16",72.580002,73.110001,72.160004,72.230003,402000,70.297409
"2016-08-17",72.230003,72.300003,71.290001,71.660004,597800,69.742653
"2016-08-18",71.580002,72.099998,71.389999,71.889999,283400,69.966499
"2016-08-19",71.620003,71.669998,71.089996,71.279999,546800,69.372818
"2016-08-22",71.220001,72.059998,71.080002,71.910004,624900,69.985977
"2016-08-23",72.080002,72.610001,72.080002,72.18,390100,70.248749
"2016-08-24",72.010002,72.25,71.660004,71.800003,483800,69.878906
"2016-08-25",71.690002,72.190002,71.489998,72.089996,309800,70.161148
"2016-08-26",72.25,72.489998,71.18,71.580002,308500,69.664795
"2016-08-29",71.690002,72.169998,71.43,72.099998,354700,70.170883
"2016-08-30",71.93,72.129997,71.07,71.260002,450500,69.353348
"2016-08-31",71.080002,71.489998,70.690002,71.220001,573900,69.314438
"2016-09-01",71.32,71.879997,70.720001,71.839996,534400,69.917839
"2016-09-02",72.050003,72.550003,71.919998,72.389999,420400,70.45314
"2016-09-06",72.360001,72.75,71.68,72.07,329300,70.141701
"2016-09-07",71.900002,71.940002,70.599998,70.889999,757300,68.993256
"2016-09-08",70.68,70.910004,69.720001,69.879997,515800,68.010292
"2016-09-09",69.360001,69.639999,66.830002,66.830002,951400,65.041885
"2016-09-12",66.730003,67.639999,66.709999,67.379997,1185200,65.577171
"2016-09-13",66.57,67.040001,66.190002,66.580002,620800,64.914177
"2016-09-14",66.650002,66.980003,65.830002,66.089996,749300,64.436455
"2016-09-15",66.050003,67.129997,65.989998,66.849998,1714800,65.177437
"2016-09-16",66.43,66.519997,66.099998,66.25,989800,64.592445
"2016-09-19",66.25,67.730003,66.099998,67.370003,1088100,65.684433
"2016-09-20",67.739998,67.849998,67.059998,67.360001,494300,65.67466
"2016-09-21",67.709999,68.029999,66.769997,67.879997,508900,66.181656
"2016-09-22",68.559998,69.379997,68.559998,69.050003,725900,67.322388
"2016-09-23",69.050003,69.050003,68.419998,68.669998,340600,66.951904
"2016-09-26",68.419998,68.610001,67.739998,68.25,204100,66.542389
"2016-09-27",68.190002,68.959999,68.139999,68.940002,279700,67.215141
"2016-09-28",69.050003,69.419998,68.489998,69.410004,366000,67.673386
"2016-09-29",69.190002,69.470001,67.769997,68.260002,671200,66.552147
"2016-09-30",68.440002,69.400002,67.970001,68.910004,1014700,67.185905
"2016-10-03",68.660004,69.099998,68.160004,68.169998,646800,66.464401
"2016-10-04",68.209999,68.449997,67.199997,67.379997,601700,65.694168
"2016-10-05",67.769997,67.860001,66.849998,67.550003,854600,65.859924
"2016-10-06",67.599998,68.110001,67.230003,67.949997,488900,66.249908
"2016-10-07",68.160004,68.160004,66.620003,66.879997,642000,65.20668
"2016-10-10",67.110001,67.639999,66.980003,67.279999,591400,65.596664
"2016-10-11",67,67.230003,65.620003,66.230003,686100,64.572952
"2016-10-12",66.279999,67.260002,66.129997,67.029999,510100,65.352921
"2016-10-13",66.43,66.75,65.849998,66.540001,296100,64.875191
"2016-10-14",67.019997,68.239998,66.93,67.690002,839700,65.996422
"2016-10-17",68.330002,69.5,68.080002,68.339996,690500,66.63015
"2016-10-18",68.989998,68.989998,67.809998,67.900002,632600,66.201164
"2016-10-19",67.93,68,67.169998,67.199997,613900,65.518677
"2016-10-20",67.190002,67.620003,66.470001,67.279999,551600,65.596664
"2016-10-21",66.660004,67.260002,65.830002,67.18,759300,65.499176
"2016-10-24",67.690002,68.190002,67.529999,67.760002,619000,66.064667
"2016-10-25",67.559998,67.559998,65.43,65.519997,822000,63.880711
"2016-10-26",65.43,65.739998,65.089996,65.589996,1537000,63.94894
"2016-10-27",64.160004,64.510002,61.470001,62.84,2817500,61.267761
"2016-10-28",62.650002,64.75,62.650002,63.59,1198500,61.999001
"2016-10-31",63.560001,64.290001,63.560001,63.84,1601000,62.242737
"2016-11-01",63.91,64.5,62.919998,63.459999,2094600,61.872242
"2016-11-02",63.32,63.810001,62.970001,63.349998,1169800,61.765007
"2016-11-03",63.400002,63.880001,63.07,63.290001,835200,61.706501
"2016-11-04",63.48,64.690002,63.310001,63.639999,1692900,62.047745
"2016-11-07",64.760002,65.480003,64.529999,65.419998,713500,63.783195
"2016-11-08",65.309998,65.970001,64.900002,65.709999,429900,64.065941
"2016-11-09",64.32,67.260002,64.309998,66.75,1052600,65.079933
"2016-11-10",67.279999,69.949997,67.07,69.110001,1358700,67.38089
"2016-11-11",68.949997,69.900002,68.949997,69.309998,1187900,67.57589
"2016-11-14",69.379997,69.440002,68.389999,68.589996,1245600,66.873901
"2016-11-15",68.599998,68.940002,68.110001,68.769997,887500,67.0494
"2016-11-16",68.790001,68.790001,67.519997,67.57,575400,65.879417
"2016-11-17",67.660004,68.610001,67.629997,68.279999,600200,66.571655
"2016-11-18",68.040001,68.599998,67.080002,67.32,637800,65.635666
"2016-11-21",67.68,68.32,67.040001,67.93,595800,66.230408
"2016-11-22",67.93,68.199997,67.540001,68,545500,66.298653
"2016-11-23",67.93,68.309998,67.209999,67.699997,648100,66.006165
"2016-11-25",67.989998,68.010002,67.18,67.910004,220900,66.210915
"2016-11-28",67.57,67.800003,67.199997,67.400002,547800,65.713669
"2016-11-29",67.550003,67.839996,67.169998,67.480003,403100,65.791664
"2016-11-30",67.669998,67.93,66.510002,66.910004,733100,65.235947
"2016-12-01",66.970001,67.32,65.25,65.459999,1391300,63.822212
"2016-12-02",65.43,65.68,64.790001,64.870003,621300,63.246975
"2016-12-05",65.190002,65.239998,64.459999,64.610001,789200,62.993481
"2016-12-06",64.690002,65.110001,64.330002,65,854600,63.373718
"2016-12-07",65.129997,65.949997,64.830002,65.779999,1093800,64.134209
"2016-12-08",65.629997,66.059998,65.300003,65.379997,722300,63.744209
"2016-12-09",65.470001,65.790001,65.169998,65.68,411300,64.036697
"2016-12-12",65.68,65.790001,64.57,65.120003,658600,63.490723
"2016-12-13",65.139999,65.919998,65.029999,65.650002,776100,64.125618
"2016-12-14",65.669998,66.18,65.349998,65.440002,770100,63.920494
"2016-12-15",65.470001,65.849998,64.779999,64.900002,774200,63.39304
"2016-12-16",65.110001,65.43,64.110001,64.220001,1269000,62.728825
"2016-12-19",64.480003,65.620003,64.300003,64.910004,512300,63.402817
"2016-12-20",65.059998,65.360001,64.940002,65.330002,467800,63.813068
"2016-12-21",65.410004,65.709999,64.959999,65.550003,559200,64.027946
"2016-12-22",65.449997,65.790001,65.099998,65.25,551100,63.734917
"2016-12-23",65.349998,65.650002,65.220001,65.389999,266100,63.871658
"2016-12-27",65.449997,65.650002,65.160004,65.540001,173600,64.018166
"2016-12-28",65.559998,65.910004,64.760002,64.800003,361600,63.295364
"2016-12-29",64.870003,65.160004,64.43,64.769997,332200,63.266045
"2016-12-30",65.040001,65.199997,63.709999,64,501800,62.513931
"2017-01-03",64.639999,65.110001,63.91,64.699997,689800,63.197678
"2017-01-04",64.68,66.220001,64.68,65.93,958800,64.399124
"2017-01-05",65.580002,66.360001,65.330002,66.290001,808900,64.750763
"2017-01-06",66.389999,66.650002,65.800003,65.889999,1238300,64.360046
"2017-01-09",65.639999,65.889999,65.199997,65.419998,850600,63.900955
"2017-01-10",65.110001,65.269997,63.810001,64.5,1806100,63.002327
"2017-01-11",64.760002,65.730003,64.389999,65.699997,893200,64.174461
"2017-01-12",65.330002,66.209999,65.129997,66.120003,737700,64.584702
"2017-01-13",66.209999,66.760002,65.480003,65.5,509000,63.979103
"2017-01-17",65.129997,66.099998,64.93,65.870003,653400,64.340508
"2017-01-18",65.940002,66.639999,65.82,66.480003,601500,64.936356
"2017-01-19",66.639999,67.32,66.449997,66.580002,720000,65.034035
"2017-01-20",66.540001,66.540001,64.620003,65.160004,1013000,63.646996
"2017-01-23",64.830002,65.779999,64.75,65.07,829500,63.559086
"2017-01-24",65.309998,66.870003,65.309998,66.419998,759600,64.877739
"2017-01-25",67,68.540001,66.059998,66.599998,836000,65.053566
"2017-01-26",66.599998,66.949997,65.650002,65.949997,808400,64.418648
"2017-01-27",66.160004,66.610001,65.970001,66.519997,450700,64.975403
"2017-01-30",66.019997,66.059998,64.82,65.839996,709300,64.311218
"2017-01-31",65.68,65.739998,64.739998,65.669998,594400,64.145157
"2017-02-01",65.940002,67.099998,65.370003,65.940002,685400,64.408897
"2017-02-02",65.589996,65.75,65.059998,65.620003,992100,64.096321
"2017-02-03",66.620003,67.389999,66.199997,67.330002,950400,65.766617
"2017-02-06",67.120003,67.339996,66.550003,67.339996,626600,65.776367
"2017-02-07",67.389999,67.75,66.809998,67.019997,872400,65.463799
"2017-02-08",67.019997,67.800003,66.720001,67.599998,922700,66.030357
"2017-02-09",67.690002,72,67.019997,71.730003,2487100,70.064445
"2017-02-10",71.800003,72.360001,71.5,71.919998,1099200,70.250038
"2017-02-13",72.199997,72.480003,71.190002,71.449997,562100,69.790947
"2017-02-14",71.349998,71.540001,70.849998,71.080002,695500,69.429543
"2017-02-15",70.839996,71.989998,70.839996,71.830002,1138200,70.162125
"2017-02-16",71.900002,73.110001,71.900002,72.93,1067300,71.236572
"2017-02-17",72.839996,73.68,72.480003,73.269997,865000,71.568687
"2017-02-21",73.199997,74.669998,73.18,74.510002,1120400,72.7799
"2017-02-22",74.32,75,73.910004,74.059998,631200,72.34034
"2017-02-23",74.440002,74.5,73.57,73.949997,541700,72.232887
"2017-02-24",73.550003,73.970001,73.269997,73.949997,505200,72.232887
"2017-02-27",73.910004,74.209999,73.529999,73.599998,568200,71.891022
"2017-02-28",73.760002,73.93,72.550003,72.589996,769200,70.904472
"2017-03-01",73.669998,74.309998,73.269997,73.690002,567800,71.978928
"2017-03-02",73.849998,74.290001,73.190002,73.959999,557200,72.242668
"2017-03-03",74.050003,74.370003,73.349998,73.82,962000,72.105919
"2017-03-06",73,73.629997,72.800003,73.209999,1106600,71.510086
"2017-03-07",73.230003,73.400002,72.620003,72.860001,675100,71.168221
"2017-03-08",73.040001,73.480003,72.449997,73.110001,1073900,71.412399
"2017-03-09",73.309998,73.970001,73.120003,73.459999,676300,71.75428
"2017-03-10",73.919998,74.580002,73.870003,74.470001,692300,72.740829
"2017-03-13",74.120003,74.830002,73.769997,74.760002,668400,73.18132
"2017-03-14",74.269997,74.779999,74,74.370003,506600,72.799561
"2017-03-15",74.639999,75.290001,73.980003,74.919998,521200,73.337944
"2017-03-16",74.980003,75.389999,74.709999,75.150002,459300,73.563072
"2017-03-17",75.050003,75.620003,74.82,75.480003,829500,73.886124
"2017-03-20",75.480003,75.68,75.010002,75.230003,530400,73.641388
"2017-03-21",75.519997,75.660004,74.190002,74.269997,709400,72.701653
"2017-03-22",74.279999,74.860001,74.050003,74.769997,472300,73.191093
"2017-03-23",74.68,75.360001,74.290001,74.860001,410300,73.279205
"2017-03-24",75.010002,75.629997,74.650002,75.050003,422700,73.465202
"2017-03-27",74.059998,75.279999,74,74.889999,696300,73.308586
"2017-03-28",74.650002,75.410004,74.650002,75.120003,271200,73.533714
"2017-03-29",74.889999,75.410004,74.709999,75.410004,394400,73.817596
"2017-03-30",75.32,75.919998,75.260002,75.860001,450900,74.258095
"2017-03-31",75.699997,76.290001,75.470001,75.699997,592300,74.101479
"2017-04-03",75.879997,76.5,75.309998,75.720001,654800,74.12104
"2017-04-04",75.540001,75.739998,74.830002,74.900002,513200,73.318382
"2017-04-05",75,75.440002,73.93,74.129997,1267500,72.564629
"2017-04-06",74.419998,75.300003,74.110001,74.699997,556400,73.122581
"2017-04-07",74.610001,75.139999,74.580002,74.690002,384400,73.112801
"2017-04-10",74.639999,75.220001,74.529999,74.620003,451000,73.044281
"2017-04-11",74.720001,75.349998,74.480003,75.290001,760800,73.700134
"2017-04-12",75.269997,75.449997,74.400002,75.239998,824400,73.651169
"2017-04-13",75.139999,75.550003,74.830002,75.110001,925500,73.523926
"2017-04-17",75.279999,76.230003,75.190002,76.230003,414300,74.620285
"2017-04-18",75.980003,76.139999,75.610001,75.940002,418400,74.336403
"2017-04-19",76.279999,77.339996,76.279999,76.830002,666100,75.207603
"2017-04-20",77.120003,78.050003,76.879997,77.720001,417100,76.078804
"2017-04-21",77.690002,78.220001,77.589996,77.910004,750500,76.264801
"2017-04-24",78.870003,79.190002,77.739998,78.239998,711800,76.587822
"2017-04-25",78.650002,79.089996,78.32,78.75,400100,77.087059
"2017-04-26",78.849998,79.970001,78.110001,79.720001,1521200,78.036583
"2017-04-27",82,82,79.800003,80.620003,1601800,78.917572
"2017-04-28",80.059998,80.339996,78.410004,78.639999,1349300,76.979378
"2017-05-01",78.699997,78.699997,77.620003,77.699997,716500,76.059227
"2017-05-02",77.980003,78.230003,77.300003,77.620003,698100,75.980942
"2017-05-03",77.239998,77.620003,76.68,77.279999,828800,75.648109
"2017-05-04",77.589996,77.919998,76.980003,77.349998,919700,75.716621
"2017-05-05",77.559998,77.940002,77,77.5,809500,75.863457
"2017-05-08",77.279999,77.57,76.400002,76.800003,573300,75.178246
"2017-05-09",77.110001,77.199997,76.75,76.980003,438000,75.354462
"2017-05-10",76.760002,76.940002,75.849998,76.830002,613200,75.207603
"2017-05-11",76.449997,77.309998,75.940002,77.290001,9e+05,75.65789
"2017-05-12",77.160004,77.309998,76.639999,76.730003,415800,75.109726
"2017-05-15",76.699997,77.57,76.699997,77.239998,582400,75.608948
"2017-05-16",77.599998,78.699997,77.580002,78.480003,1238600,76.822762
"2017-05-17",78.480003,78.480003,76.860001,77.010002,1009000,75.383812
"2017-05-18",76.830002,77.760002,76.260002,77.32,656400,75.687248
"2017-05-19",77.830002,79.449997,77.459999,79.059998,1065000,77.390526
"2017-05-22",79.199997,79.989998,79.199997,79.459999,798800,77.782066
"2017-05-23",79.5,79.709999,78.760002,78.900002,823800,77.233917
"2017-05-24",79,79.239998,78.650002,79.050003,702000,77.380722
"2017-05-25",79.290001,79.690002,79.050003,79.459999,645500,77.782066
"2017-05-26",79.360001,79.68,79.110001,79.379997,655700,77.703766
"2017-05-30",79.349998,79.349998,78.25,78.459999,855300,76.803185
"2017-05-31",78.620003,79.169998,77.760002,78.629997,3922200,76.969597
"2017-06-01",79.019997,79.550003,78.800003,79.139999,907200,77.468826
"2017-06-02",79.050003,80.169998,78.870003,80.059998,703700,78.3694
"2017-06-05",80,80.370003,79.639999,80,498600,78.310661
"2017-06-06",79.760002,80.400002,78.470001,78.540001,510900,76.881493
"2017-06-07",78.610001,79.040001,78.120003,78.330002,511500,76.675934
"2017-06-08",78.330002,78.57,77.370003,77.650002,724500,76.010292
"2017-06-09",77.830002,78.220001,76.900002,77.230003,756900,75.599167
"2017-06-12",77.360001,78.489998,76.470001,78.449997,1033300,76.793404
"2017-06-13",78.190002,79.400002,77.809998,79.279999,611400,77.764473
"2017-06-14",79.690002,80.120003,79.43,79.75,563100,78.225494
"2017-06-15",79.32,80.830002,79.040001,80.75,600700,79.206383
"2017-06-16",81.019997,81.93,80.760002,81.580002,822400,80.020493
"2017-06-19",82.040001,82.379997,81.660004,82.169998,403100,80.599228
"2017-06-20",81.68,82.769997,81.5,81.910004,520500,80.3442
"2017-06-21",82.099998,82.099998,81.339996,81.510002,437800,79.951851
"2017-06-22",81.489998,81.900002,81.169998,81.190002,298800,79.637962
"2017-06-23",81.209999,82.18,80.989998,81.449997,590600,79.892998
"2017-06-26",81.669998,81.959999,81.269997,81.410004,236800,79.85376
"2017-06-27",81.25,81.620003,80.489998,80.589996,456000,79.049431
"2017-06-28",81.120003,81.830002,80.879997,81.239998,264600,79.687012
"2017-06-29",81.260002,81.260002,78.910004,79.82,542700,78.294144
"2017-06-30",80.089996,81.5,80.089996,81.120003,457200,79.569298
"2017-07-03",81.57,81.830002,81.349998,81.370003,217200,79.814522
"2017-07-05",81.550003,82.900002,81.360001,82.139999,416600,80.569786
"2017-07-06",81.919998,81.919998,80.5,80.660004,424000,79.118103
"2017-07-07",80.849998,81.639999,80.220001,81.220001,414000,79.667389
"2017-07-10",81.349998,81.849998,81.089996,81.529999,472600,79.971458
"2017-07-11",81.379997,81.839996,81.029999,81.470001,354500,79.912605
"2017-07-12",82.040001,82.529999,81.589996,81.989998,374700,80.422676
"2017-07-13",81.980003,82.690002,80.610001,80.790001,541500,79.245598
"2017-07-14",80.809998,81.290001,80.449997,80.769997,438700,79.225975
"2017-07-17",80.779999,80.849998,80.459999,80.830002,295800,79.284851
"2017-07-18",80.599998,80.889999,80.150002,80.599998,374300,79.059242
"2017-07-19",80.709999,81,80.5,80.699997,303000,79.157326
"2017-07-20",80.870003,81.139999,80.120003,81.089996,528900,79.539864
"2017-07-21",80.809998,81.279999,80.120003,80.410004,401400,78.872871
"2017-07-24",80.339996,80.690002,79.690002,80.309998,286000,78.774788
"2017-07-25",80.82,81.07,78.75,79.099998,681700,77.587914
"2017-07-26",79.029999,79.400002,78.480003,78.489998,853400,76.989563
"2017-07-27",78.989998,81.260002,77.620003,81.199997,1371800,79.647751
"2017-07-28",81.309998,82,80.230003,81.400002,736100,79.843956
"2017-07-31",81.559998,81.889999,80.739998,81.239998,615800,79.687012
"2017-08-01",81.629997,82.620003,80.940002,81.470001,878500,79.912605
"2017-08-02",81.18,81.379997,79.860001,80.849998,521700,79.304459
"2017-08-03",80.989998,81.110001,80.139999,80.760002,372200,79.216179
"2017-08-04",80.860001,81.32,80.459999,81.32,343900,79.76548
"2017-08-07",81.330002,82.059998,80.82,81.989998,321400,80.422676
"2017-08-08",81.910004,82.25,81.309998,81.370003,468600,79.814522
"2017-08-09",81.309998,81.519997,80.459999,80.589996,354000,79.049431
"2017-08-10",80.190002,80.480003,78.860001,78.919998,459900,77.411354
"2017-08-11",78.93,79.769997,78.629997,79.279999,354100,77.764473
"2017-08-14",79.839996,80.029999,79.080002,79.470001,420400,77.950844
"2017-08-15",79.5,79.5,78.739998,78.949997,271400,77.440788
"2017-08-16",79.040001,79.629997,78.889999,79.290001,404100,77.774292
"2017-08-17",79.18,79.959999,78.760002,78.830002,500500,77.32309
"2017-08-18",78.580002,78.870003,78.059998,78.169998,327900,76.67569
"2017-08-21",78.199997,78.32,77.419998,77.480003,384900,75.998871
"2017-08-22",77.68,78.32,77.279999,78.080002,507600,76.587402
"2017-08-23",77.809998,77.849998,76.790001,77.089996,611600,75.616333
"2017-08-24",77.239998,77.540001,76.82,77.150002,360200,75.675194
"2017-08-25",77.580002,77.809998,77.43,77.620003,376800,76.136215
"2017-08-28",77.970001,78.25,77.82,78.050003,425100,76.557983
"2017-08-29",77.720001,78.339996,77.699997,77.769997,271900,76.28334
"2017-08-30",77.739998,78.339996,77.449997,78.300003,292300,76.803207
"2017-08-31",78.709999,79,78.449997,78.709999,487600,77.205368
"2017-09-01",79.029999,79.400002,78.849998,79.150002,517800,77.636971
"2017-09-05",79.160004,80,79.160004,79.400002,639400,77.882172
"2017-09-06",79.860001,80.529999,79.580002,80.260002,604900,78.725746
"2017-09-07",80.379997,80.629997,79.699997,80.220001,395900,78.686501
"2017-09-08",80.209999,81.400002,79.900002,80.809998,512300,79.265221
"2017-09-11",81.230003,81.639999,80.480003,81.07,759300,79.520271
"2017-09-12",81.330002,81.620003,80.949997,81,660500,79.451584
"2017-09-13",81.089996,81.870003,80.43,81.809998,589500,80.246109
"2017-09-14",81.660004,82.650002,81.419998,82.620003,784200,81.040634
"2017-09-15",82.629997,82.970001,82.120003,82.769997,978400,81.345284
"2017-09-18",82.980003,83.120003,82.190002,82.650002,508100,81.227348
"2017-09-19",82.760002,83.139999,82.059998,82.849998,677100,81.423912
"2017-09-20",83.010002,84.040001,82.57,83.57,1023200,82.131523
"2017-09-21",83.25,83.82,83.25,83.470001,465000,82.033241
"2017-09-22",83.620003,84.639999,83.339996,84.550003,890500,83.09465
"2017-09-25",84.410004,84.800003,84.290001,84.5,437300,83.045509
"2017-09-26",84.75,85.620003,84.5,85.349998,518900,83.880882
"2017-09-27",85.610001,86.449997,85.290001,85.330002,751400,83.861229
"2017-09-28",85.290001,85.82,84.82,85.760002,585300,84.283821
"2017-09-29",85.68,86.889999,85.68,86.470001,493100,84.981606
"2017-10-02",86.559998,86.949997,86.279999,86.529999,518600,85.040558
"2017-10-03",86.660004,87.690002,86.480003,87.470001,529300,85.964394
"2017-10-04",87.419998,87.760002,86.550003,86.730003,828500,85.237122
"2017-10-05",86.830002,87.25,86.029999,87.07,694000,85.571266
"2017-10-06",87.040001,87.330002,86.599998,87.190002,716800,85.689209
"2017-10-09",87.370003,87.690002,86.650002,87.620003,297900,86.111809
"2017-10-10",87.82,87.980003,87.190002,87.809998,415900,86.298531
"2017-10-11",88.110001,88.32,87.599998,88.150002,743800,86.63269
"2017-10-12",87.879997,89.75,87.620003,89.559998,913500,88.01841
"2017-10-13",89.809998,89.809998,88.190002,88.300003,380500,86.780098
"2017-10-16",88.519997,88.949997,88.010002,88.139999,349700,86.622856
"2017-10-17",88.110001,88.349998,86.82,87,768100,85.50248
"2017-10-18",87.25,87.93,87.25,87.599998,569100,86.09214
"2017-10-19",87.459999,87.82,87.230003,87.739998,422800,86.229752
"2017-10-20",87.5,88.290001,87.410004,88.019997,546200,86.504913
"2017-10-23",87.989998,88.160004,87.220001,87.309998,379500,85.807137
"2017-10-24",87.599998,88.75,87.559998,88.480003,619200,86.956993
"2017-10-25",88.18,88.459999,85.550003,86.489998,894300,85.001259
"2017-10-26",80.720001,82.239998,79.260002,80.699997,3297200,79.310913
"2017-10-27",80.129997,81.040001,78.629997,80.290001,1919700,78.907982
"2017-10-30",81.019997,82.849998,80.720001,81.970001,1281300,80.559059
"2017-10-31",82.699997,83.550003,82.230003,83.389999,1406900,81.954613
"2017-11-01",83.580002,84.110001,82.290001,82.730003,700600,81.305984
"2017-11-02",82.879997,82.989998,81.699997,82.230003,852600,80.814583
"2017-11-03",82.580002,82.589996,81.599998,82.019997,896100,80.6082
"2017-11-06",82.019997,83.470001,81.82,83.089996,718300,81.659775
"2017-11-07",83.269997,84.629997,82.669998,83.529999,851300,82.092201
"2017-11-08",83.440002,83.510002,81.959999,83.43,388700,81.993935
"2017-11-09",83.059998,83.349998,81.459999,82.080002,429500,80.667168
"2017-11-10",81.57,83.269997,81.220001,83.129997,565200,81.699097
"2017-11-13",82.93,84.290001,82.720001,83.940002,847000,82.495155
"2017-11-14",83.639999,84,82.720001,82.900002,842400,81.473053
"2017-11-15",82.620003,82.660004,81.650002,82.029999,473100,80.618027
"2017-11-16",82.25,83.059998,81.949997,82.410004,334700,80.991486
"2017-11-17",82.519997,82.889999,82.019997,82.650002,517700,81.227348
"2017-11-20",82.599998,83.660004,82.599998,83.239998,338100,81.80719
"2017-11-21",83.599998,83.800003,82.870003,83.400002,456300,81.964455
"2017-11-22",83.32,83.800003,82.769997,83.160004,402800,81.728592
"2017-11-24",83.160004,83.57,82.889999,82.919998,196500,81.492699
"2017-11-27",83.110001,84.160004,82.589996,83.099998,720600,81.669601
"2017-11-28",83.209999,84.019997,82.82,83.330002,651800,81.895645
"2017-11-29",83.540001,83.779999,82.470001,82.940002,745900,81.512367
"2017-11-30",83.010002,84.230003,82.550003,84.139999,970400,82.691704
"2017-12-01",84.230003,84.830002,82.480003,84.580002,862700,83.12413
"2017-12-04",85.389999,85.760002,83.379997,83.43,766300,81.993935
"2017-12-05",83.290001,83.709999,82,82,542200,80.588547
"2017-12-06",82,82.389999,81.389999,81.790001,533200,80.382156
"2017-12-07",82.07,83.160004,82.010002,83.110001,643500,81.679443
"2017-12-08",83.779999,83.779999,82.300003,82.459999,562200,81.040627
"2017-12-11",82.150002,82.419998,81.440002,82.169998,732300,80.755615
"2017-12-12",82.199997,82.410004,81.68,82.150002,427000,80.735962
"2017-12-13",82.519997,83.209999,81.849998,82.639999,732400,81.217522
"2017-12-14",82.68,83.150002,81.589996,81.68,586000,80.274048
"2017-12-15",82.150002,82.75,81.790001,82.279999,1256800,81.02243
"2017-12-18",82.879997,83.440002,82.43,82.559998,856000,81.298149
"2017-12-19",82.470001,82.470001,80.040001,80.07,1188200,78.846222
"2017-12-20",80.389999,81.459999,80.040001,81,981300,79.761993
"2017-12-21",81.470001,81.75,80.910004,81,613800,79.761993
"2017-12-22",81.099998,82.059998,80.25,80.339996,347900,79.112091
"2017-12-26",80.290001,80.769997,80.010002,80.389999,251400,79.161316
"2017-12-27",80.660004,80.769997,79.989998,80,479300,78.777275
"2017-12-28",80.25,80.709999,78.669998,79.559998,1124100,78.344002
"2017-12-29",80,80.290001,78.82,79.559998,662900,78.344002
"2018-01-02",80.07,80.07,79.190002,79.910004,645400,78.68866
"2018-01-03",80.220001,80.910004,79.660004,80.25,1117400,79.02346
"2018-01-04",80.620003,81.489998,80.349998,81.370003,1211700,80.126335
"2018-01-05",81.779999,82.449997,81.099998,81.57,851100,80.323273
"2018-01-08",81.349998,81.699997,80.919998,81.239998,539100,79.998337
"2018-01-09",81.550003,83.900002,81.160004,82.93,925500,81.662491
"2018-01-10",82.760002,83.349998,82.129997,82.599998,851500,81.33754
"2018-01-11",82.599998,84.550003,82.599998,84.379997,987900,83.09034
"2018-01-12",84.32,85.269997,83.760002,85.040001,904200,83.740242
"2018-01-16",85.309998,86,83.639999,84.07,652800,82.78508
"2018-01-17",84.639999,84.639999,83.550003,84.209999,740900,82.922935
"2018-01-18",84.300003,84.730003,83.75,84.050003,554500,82.765373
"2018-01-19",84.389999,86.279999,83.980003,86.230003,890200,84.912064
"2018-01-22",85.860001,86.089996,84.559998,85.800003,477500,84.488632
"2018-01-23",85.660004,85.660004,84.709999,85.349998,675700,84.045509
"2018-01-24",85.720001,86.580002,84.919998,85.580002,487000,84.271996
"2018-01-25",86.050003,86.300003,85,85.349998,345400,84.045509
"2018-01-26",85.849998,86.410004,85.349998,86.370003,594900,85.049919
"2018-01-29",86.300003,87.07,86.160004,86.68,590700,85.355186
"2018-01-30",86.18,86.639999,85.440002,85.440002,527300,84.134148
"2018-01-31",85.629997,86.82,85.510002,86.110001,902500,84.793892
"2018-02-01",85.839996,86.989998,84.790001,85.169998,528500,83.868256
"2018-02-02",84.470001,84.599998,81.419998,81.849998,895700,80.598999
"2018-02-05",81.489998,82.349998,79.010002,79.110001,962300,77.900894
"2018-02-06",77.650002,80.93,76.760002,80.110001,1131400,78.885605
"2018-02-07",79.739998,81.199997,79.739998,79.959999,578300,78.737885
"2018-02-08",79.919998,80.239998,77.239998,77.32,894000,76.138237
"2018-02-09",78.209999,79.019997,76.150002,78.489998,1267400,77.290352
"2018-02-12",79.150002,80.400002,78.980003,79.75,1009900,78.531105
"2018-02-13",79.470001,80.400002,78.940002,79.650002,623100,78.432625
"2018-02-14",78.93,80.5,78.75,79.970001,1074400,78.747734
