"","Open","High","Low","Close","Volume"
"2011-11-17",19.325193,19.995193,19.325193,19.405193,17557500
"2011-11-18",19.454969,19.63497,18.854969,19.104969,2718500
"2011-11-21",19.168139,19.398139,18.188139,18.468138,2366400
"2011-11-22",18.50423,18.91423,17.854231,18.104231,2988700
"2011-11-23",17.928595,17.978594,17.448593,17.858593,1061400
"2011-11-25",17.776796,18.046797,17.726797,17.876797,279600
"2011-11-28",18.0516,18.511599,17.861599,18.2316,700300
"2011-11-29",18.196108,18.196108,17.896109,18.186108,534000
"2011-11-30",18.269406,19.579405,18.239407,18.959406,569700
"2011-12-01",19.072121,19.172119,18.47212,18.932119,479900
"2011-12-02",19.02158,19.52158,18.971579,19.44158,584500
"2011-12-05",19.48549,19.945489,19.435489,19.805489,2067800
"2011-12-06",19.642998,20.252999,19.613,20.132998,524100
"2011-12-07",19.944725,20.114725,19.834725,20.014725,157600
"2011-12-08",19.7627,19.982702,19.662702,19.732702,377900
"2011-12-09",19.65729,20.017289,19.287289,19.787289,492700
"2011-12-12",19.458953,19.648953,19.308953,19.568953,431500
"2011-12-13",19.726996,19.896996,19.286995,19.386995,558700
"2011-12-14",19.217457,19.327458,18.687456,18.777456,1052600
"2011-12-15",19.08858,19.988579,18.898581,19.068579,712900
"2011-12-16",19.067673,19.607674,18.847674,19.077673,210300
"2011-12-19",19.175871,19.275871,18.865871,19.095871,149000
"2011-12-20",19.489851,19.749852,19.229851,19.559851,320200
"2011-12-21",19.438873,19.748872,19.358873,19.468872,268600
"2011-12-22",19.463678,19.883678,19.463678,19.823679,374500
"2011-12-23",19.840145,20.470146,19.650144,19.960146,542500
"2011-12-27",20.936313,20.936313,19.426313,19.696314,443100
"2011-12-28",19.857823,19.907823,19.177823,19.277824,144800
"2011-12-29",19.287063,19.497064,19.087064,19.487064,289100
"2011-12-30",19.516237,19.696237,19.146238,19.596239,128000
"2012-01-03",20.103075,20.923074,19.753074,20.233074,980300
"2012-01-04",21.195996,21.195996,19.815996,20.505997,393700
"2012-01-05",20.442096,20.442096,19.762095,20.142094,672500
"2012-01-06",20.105102,20.795103,19.965103,20.515102,578900
"2012-01-09",20.56066,20.660658,20.430659,20.660658,418800
"2012-01-10",20.76959,21.84959,20.76959,21.67959,948800
"2012-01-11",21.638761,21.858762,21.428762,21.788763,227400
"2012-01-12",21.871986,22.771986,21.621986,22.461987,1013400
"2012-01-13",22.292056,23.082055,22.042056,22.562054,540900
"2012-01-17",22.751764,22.931762,22.071763,22.161764,887800
"2012-01-18",21.99913,22.789131,21.99913,22.289131,569700
"2012-01-19",22.417697,22.907697,22.327697,22.807697,956500
"2012-01-20",22.754988,22.934989,22.674989,22.834988,532000
"2012-01-23",22.880698,23.530698,22.780698,23.180698,489600
"2012-01-24",22.970921,23.540923,22.850922,23.480921,408100
"2012-01-25",23.48543,23.56543,23.14543,23.435431,603700
"2012-01-26",23.508287,24.298286,22.828287,23.608288,801600
"2012-01-27",24.509092,24.949093,23.719093,24.709093,2554800
"2012-01-30",24.706311,25.10631,24.126311,24.636311,675200
"2012-01-31",24.848875,25.068875,24.148875,24.408875,553600
"2012-02-01",24.550051,26.110053,24.410052,26.010052,713000
"2012-02-02",25.515759,26.425761,25.255761,26.355759,571700
"2012-02-03",26.465132,28.255133,26.445131,27.975132,2728300
"2012-02-06",27.865893,28.025893,27.145892,27.765892,1650400
"2012-02-07",27.785601,27.785601,26.965601,27.365601,791900
"2012-02-08",27.481839,27.551839,26.391839,27.201839,1511100
"2012-02-09",27.300864,27.330864,26.730864,27.110863,1509800
"2012-02-10",26.779204,27.459204,26.649205,27.329205,1489800
"2012-02-13",27.301908,27.541908,27.221908,27.301908,1477600
"2012-02-14",26.567639,26.867638,26.127638,26.437637,8621700
"2012-02-15",26.588761,27.15876,26.47876,26.72876,4789300
"2012-02-16",26.763939,28.05394,26.62394,27.583939,4869500
"2012-02-17",27.7364,28.676401,27.346401,28.466402,4487500
"2012-02-21",30.118891,30.188891,27.548891,28.138891,3841400
"2012-02-22",28.250769,28.55077,27.510769,28.22077,1451700
"2012-02-23",28.372568,28.602568,27.762567,28.202568,1172000
"2012-02-24",28.117383,28.917382,27.967381,28.557381,1117000
"2012-02-27",28.5664,28.8064,28.206402,28.466402,2161700
"2012-02-28",28.593164,29.303165,28.523165,29.003164,1289800
"2012-02-29",29.292335,29.562336,28.722336,29.112335,2462100
"2012-03-01",29.242336,29.602337,28.482336,29.112335,2565300
"2012-03-02",28.812559,29.572561,28.812559,29.412561,1627300
"2012-03-05",29.444815,29.774817,28.494816,28.784815,1848400
"2012-03-06",28.664617,28.944616,27.084617,27.274616,1050600
"2012-03-07",27.091907,28.161909,27.091907,27.301908,681500
"2012-03-08",27.599407,29.049408,27.389408,28.839409,3596200
"2012-03-09",28.677671,29.027672,28.577673,28.957672,640500
"2012-03-12",29.029557,29.419556,28.659558,29.039557,3487700
"2012-03-13",29.156847,29.176847,28.786846,29.066847,1291600
"2012-03-14",28.992188,29.422188,28.182186,28.912188,1888600
"2012-03-15",29.0376,29.267601,28.747601,28.857599,1337300
"2012-03-16",28.862335,29.212333,28.752334,29.112335,1708000
"2012-03-19",29.082943,29.212944,28.632943,28.702942,2131200
"2012-03-20",28.339942,28.679942,27.829941,28.329941,1751200
"2012-03-21",28.569107,28.919108,28.319107,28.439108,879700
"2012-03-22",28.375279,28.375279,27.98528,28.175278,384400
"2012-03-23",28.135279,28.285279,27.595278,28.175278,722200
"2012-03-26",28.465948,29.085947,28.185948,29.075947,1234300
"2012-03-27",29.350457,29.730458,28.830456,29.030457,1401600
"2012-03-28",28.952038,29.21204,27.732039,28.712038,1451600
"2012-03-29",29.533092,29.533092,28.53309,28.90309,1822300
"2012-03-30",29.22843,29.318426,28.578428,28.748428,10099000
"2012-04-02",28.852944,28.912943,28.622942,28.702942,2317300
"2012-04-03",28.758206,28.928206,28.178206,28.448206,1203700
"2012-04-04",28.205719,28.81572,27.89572,28.775719,2185400
"2012-04-05",28.63399,29.13399,28.63399,28.89399,813000
"2012-04-09",28.418206,28.748206,28.328206,28.448206,1284700
"2012-04-10",28.357008,28.867009,27.797009,28.057009,2021400
"2012-04-11",28.328363,28.838363,28.088363,28.648363,2265800
"2012-04-12",28.98309,29.483088,28.39309,28.90309,2220700
"2012-04-13",28.685867,29.095867,28.565869,28.975868,973300
"2012-04-16",29.433231,29.433231,28.75323,29.103231,4461700
"2012-04-17",29.442407,29.942407,29.012407,29.212408,5030200
"2012-04-18",29.104284,29.604284,29.044287,29.294287,1154300
"2012-04-19",29.384967,29.894969,28.624969,28.98497,1213800
"2012-04-20",29.184068,29.264066,28.724067,28.994068,605000
"2012-04-23",28.567454,29.057454,28.507454,28.657454,1111200
"2012-04-24",28.492958,28.612959,27.422959,27.492958,5682100
"2012-04-25",27.716107,28.166108,27.716107,28.066107,2687800
"2012-04-26",28.176863,28.236862,27.726862,27.856863,1832700
"2012-04-27",27.942649,28.322648,27.712649,28.30265,3058000
"2012-04-30",28.320546,28.320546,27.690545,27.920547,2173400
"2012-05-01",28.005212,28.475211,27.745212,28.075212,1970100
"2012-05-02",27.776033,28.046034,27.466034,27.966034,2937200
"2012-05-03",28.052204,28.152205,27.592205,27.702206,2788200
"2012-05-04",27.729664,27.729664,26.639666,26.719666,1582900
"2012-05-07",26.694397,27.214395,26.344396,26.974396,699000
"2012-05-08",26.798174,26.828173,25.788174,25.928173,3359100
"2012-05-09",25.665466,26.455467,25.315465,25.955467,2503800
"2012-05-10",26.102003,26.402002,25.982002,26.192003,946700
"2012-05-11",25.828322,26.648322,25.678322,26.128321,1129800
"2012-05-14",25.792386,26.012387,25.402386,25.482386,2025500
"2012-05-15",25.238483,25.498483,24.878484,25.118484,6405700
"2012-05-16",25.5951,26.185098,25.405099,25.455099,5832900
"2012-05-17",25.639315,25.639315,24.699314,25.009314,7158000
"2012-05-18",25.030072,25.350071,24.480073,24.800072,4491900
"2012-05-21",24.853288,25.67329,24.853288,25.473289,3584100
"2012-05-22",25.586145,25.846145,25.396147,25.646147,3756900
"2012-05-23",25.470581,26.870581,24.990581,25.500582,3818100
"2012-05-24",25.750366,25.750366,24.900366,25.200367,2519600
"2012-05-25",26.442686,26.442686,25.142685,25.882687,7544700
"2012-05-29",26.037257,27.147257,25.897257,27.147257,3305000
"2012-05-30",26.876588,26.876588,26.226588,26.246588,4069100
"2012-05-31",26.470342,26.690341,25.900342,26.410343,8916100
"2012-06-01",25.851635,26.041635,25.421634,25.691635,2827100
"2012-06-04",25.727659,25.907659,24.817659,25.227659,3362700
"2012-06-05",25.168924,26.008924,25.128925,25.718925,2073900
"2012-06-06",25.953051,26.873051,25.94305,26.383051,3327400
"2012-06-07",26.045467,26.575466,25.865467,25.955467,2945800
"2012-06-08",25.705612,26.235613,25.425613,26.155613,752100
"2012-06-11",26.528173,26.528173,25.908173,25.928173,2569200
"2012-06-12",25.824783,26.324783,25.624783,26.264784,4193800
"2012-06-13",26.229149,26.299149,25.89915,26.01915,2113600
"2012-06-14",25.763589,26.323588,25.603589,25.87359,2794400
"2012-06-15",25.824564,26.164564,25.654564,25.964565,1800500
"2012-06-18",25.701171,26.551172,25.701171,26.301172,1748300
"2012-06-19",26.414032,27.384031,26.304031,26.474031,4313000
"2012-06-20",26.670948,26.770948,25.910948,26.000948,3309700
"2012-06-21",26.072097,26.102098,24.932098,25.082098,3292100
"2012-06-22",25.351731,25.38173,24.22173,24.58173,15518600
"2012-06-25",25.276332,25.276332,23.196332,23.426332,2914400
"2012-06-26",23.411896,23.681896,23.101897,23.571896,2665900
"2012-06-27",23.427231,23.697231,23.257231,23.417231,2367300
"2012-06-28",23.235207,23.275206,22.565207,23.135206,3287900
"2012-06-29",23.50889,23.978892,22.898892,23.198891,2426800
"2012-07-02",23.317844,23.367844,22.617844,23.007845,1528900
"2012-07-03",23.035794,24.035794,22.885794,23.935793,1457800
"2012-07-05",23.750681,24.580681,23.650681,24.39068,2324800
"2012-07-06",24.137679,24.177678,23.73768,24.017679,1269500
"2012-07-09",23.874216,24.304214,23.804214,24.254215,2179300
"2012-07-10",24.265941,24.475942,23.82594,24.135942,3261800
"2012-07-11",24.082043,24.192041,23.512043,23.772041,1456500
"2012-07-12",23.670309,24.130308,22.930307,23.890308,2239800
"2012-07-13",23.805266,24.585266,23.775267,24.445267,1740400
"2012-07-16",24.316917,24.416918,24.006918,24.226917,673000
"2012-07-17",24.263533,24.573532,23.883532,24.563532,869500
"2012-07-18",24.604583,25.174583,24.514583,24.754583,1060000
"2012-07-19",24.885482,24.985483,24.665483,24.745483,2396600
"2012-07-20",24.565334,24.655334,24.325334,24.545334,2620100
"2012-07-23",23.943455,24.503454,23.713453,24.463453,1387500
"2012-07-24",24.597754,24.597754,23.857754,24.117754,1539200
"2012-07-25",24.289702,24.419701,24.179701,24.2997,1085600
"2012-07-26",24.618043,24.618043,24.188045,24.518045,1834200
"2012-07-27",24.493147,25.403147,24.293146,25.273148,2670700
"2012-07-30",25.19419,25.61419,25.074191,25.464191,1511200
"2012-07-31",25.438103,26.478104,25.438103,25.828102,3320400
"2012-08-01",25.885099,26.125099,25.155099,25.455099,1579200
"2012-08-02",25.199314,25.519314,24.959315,25.009314,1398500
"2012-08-03",25.413511,25.923512,25.193512,25.773512,843500
"2012-08-06",25.751246,26.581246,25.711245,26.401245,910600
"2012-08-07",25.939437,26.879438,25.939437,26.419439,4420800
"2012-08-08",26.301025,26.521027,26.071026,26.101027,561000
"2012-08-09",26.00847,26.438468,25.818469,26.32847,705000
"2012-08-10",26.394563,26.424564,25.724563,25.964565,700200
"2012-08-13",25.979224,26.309224,25.839224,26.119223,790400
"2012-08-14",26.35644,26.35644,25.926439,26.046438,882900
"2012-08-15",26.029977,26.149976,25.779977,25.909977,1613300
"2012-08-16",26.099665,26.859665,25.979664,26.719666,5962100
"2012-08-17",26.987933,27.057932,26.797932,26.837933,3216300
"2012-08-20",26.857861,26.887862,26.577861,26.73786,5325300
"2012-08-21",26.855978,26.855978,26.355978,26.655977,2468800
"2012-08-22",26.521397,26.751396,26.411396,26.601397,2077500
"2012-08-23",26.501322,26.641323,26.351323,26.501322,1428000
"2012-08-24",26.416815,26.606816,26.356816,26.546816,2105500
"2012-08-27",26.492522,27.002522,26.392521,26.892521,1807000
"2012-08-28",26.684984,27.774984,26.614984,27.774984,3772900
"2012-08-29",27.724771,27.79477,27.164769,27.474771,2728700
"2012-08-30",27.561764,27.591765,26.861763,27.101765,1658900
"2012-08-31",27.386644,27.706644,26.946643,27.556644,13909400
"2012-09-04",27.752813,27.772814,27.162815,27.292814,2390700
"2012-09-05",27.362814,27.532814,27.222814,27.292814,1791900
"2012-09-06",27.505212,28.085212,27.445211,28.075212,5503900
"2012-09-07",28.009037,28.399036,27.979038,28.339037,2177400
"2012-09-10",28.154305,28.344303,28.004305,28.084305,1709600
"2012-09-11",28.063551,28.34355,28.04355,28.29355,1728500
"2012-09-12",28.364383,28.664382,28.104383,28.184383,2092000
"2012-09-13",28.124232,28.234232,27.444231,27.984232,2517600
"2012-09-14",28.708582,29.288582,28.538582,28.948582,5899200
"2012-09-17",28.856624,28.916625,28.536624,28.766626,1536200
"2012-09-18",28.635797,28.955797,28.385797,28.875797,2338100
"2012-09-19",28.740526,29.270527,28.710527,29.130527,2417800
"2012-09-20",28.790527,29.270527,28.610527,29.130527,2355200
"2012-09-21",29.272186,30.472187,28.772186,28.912188,2999400
"2012-09-24",28.593016,28.823015,28.423016,28.803015,965900
"2012-09-25",28.879184,28.989185,28.539186,28.539186,2197200
"2012-09-26",28.441892,28.751892,27.781893,28.511892,1301200
"2012-09-27",28.699108,28.759108,28.309107,28.439108,1380300
"2012-09-28",28.462568,28.532568,28.032568,28.202568,1470900
"2012-10-01",28.425499,28.725498,27.805498,28.475498,3072800
"2012-10-02",28.703844,28.743845,28.363844,28.693846,2013800
"2012-10-03",28.93204,29.472039,28.462038,28.712038,1561900
"2012-10-04",28.894285,29.484285,28.854286,29.294287,2042500
"2012-10-05",29.477213,29.617212,29.177214,29.567213,1500000
"2012-10-08",29.387964,29.547964,29.147966,29.357965,844600
"2012-10-09",29.443165,29.483166,28.783165,29.003164,1151000
"2012-10-10",29.118362,29.268364,28.498363,28.648363,1179300
"2012-10-11",28.909627,29.409627,28.779628,29.139627,1284800
"2012-10-12",29.095116,29.335116,28.835116,29.185118,1459600
"2012-10-15",29.209018,29.569019,29.01902,29.549019,1162000
"2012-10-16",29.523751,29.82375,29.213749,29.803749,1075700
"2012-10-17",29.807215,29.817213,29.467215,29.567213,1005700
"2012-10-18",29.570826,29.870825,29.370825,29.530825,920900
"2012-10-19",29.439557,29.579556,28.969557,29.039557,1093100
"2012-10-22",29.06165,29.42165,28.881649,29.42165,1145100
"2012-10-23",28.807381,28.807381,27.937382,28.557381,1820800
"2012-10-24",28.631891,29.101892,28.481891,28.511892,1152600
"2012-10-25",28.883772,28.953774,28.493773,28.593773,1075500
"2012-10-26",28.817694,28.927694,27.747694,27.747694,1813800
"2012-10-31",27.382869,28.942871,27.16287,28.602871,2002200
"2012-11-01",28.8218,29.841799,27.3218,29.621801,5248500
"2012-11-02",30.054729,30.98473,29.794727,29.89473,4647500
"2012-11-05",29.324286,29.984285,29.214285,29.294287,1600600
"2012-11-06",29.544727,30.014729,29.064728,29.89473,1591800
"2012-11-07",29.545115,29.675116,29.055117,29.185118,962100
"2012-11-08",29.280309,29.600309,28.64031,28.830311,1826000
"2012-11-09",28.629776,29.629776,28.549774,29.339775,2772500
"2012-11-12",29.530825,29.740824,29.220828,29.530825,1797600
"2012-11-13",29.325186,29.595186,29.125185,29.285185,4479600
"2012-11-14",29.468647,29.608651,28.938649,29.048649,1772400
"2012-11-15",28.931212,29.641211,28.52121,28.821211,1763100
"2012-11-16",28.969704,29.319704,28.669703,29.239702,4471100
"2012-11-19",29.458702,30.738701,29.278702,30.3587,2102100
"2012-11-20",30.335996,30.435999,29.865999,30.386,2112000
"2012-11-21",30.517956,30.677956,30.397957,30.567955,1011300
"2012-11-23",30.807343,31.02734,30.587342,30.977341,807500
"2012-11-26",30.889612,31.289609,30.279611,30.349611,2272900
"2012-11-27",30.353289,30.763289,30.273291,30.41329,2183700
"2012-11-28",30.237957,30.717957,30.167958,30.567955,1682700
"2012-11-29",30.754561,31.044562,30.71456,30.904562,2977300
"2012-11-30",30.962755,31.212755,30.552755,30.922758,2679400
"2012-12-03",31.216973,31.236969,30.406971,30.476971,1688700
"2012-12-04",30.730882,30.940881,30.450879,30.840883,1832100
"2012-12-05",31.01359,31.083589,30.563589,30.813589,1651600
"2012-12-06",31.008168,31.008168,30.76817,30.868168,1642000
"2012-12-07",30.944559,31.034559,30.654562,30.904562,2145900
"2012-12-10",32.427342,34.827344,30.757344,30.977341,2150400
"2012-12-11",31.121099,31.221101,30.881101,31.1411,1670300
"2012-12-12",31.206669,31.656666,31.106667,31.286667,5104200
"2012-12-13",31.222067,31.622068,31.022066,31.232069,2634300
"2012-12-14",31.138402,31.268403,30.958401,31.1684,9622500
"2012-12-17",31.218464,31.628464,31.138466,31.268463,2990900
"2012-12-18",31.251251,31.48125,31.031249,31.341251,2403900
"2012-12-19",32.562958,32.692959,31.922958,32.432961,14334200
"2012-12-20",32.117764,32.837765,31.977765,32.787766,6629100
"2012-12-21",32.458744,33.018742,32.358742,32.878742,73242400
"2012-12-24",32.936104,33.156105,32.646103,33.006104,1599200
"2012-12-26",32.901287,33.921288,32.831288,33.86129,3178500
"2012-12-27",33.719166,34.799168,33.679165,34.689167,4566800
"2012-12-28",34.526176,34.696174,34.286175,34.316177,3667500
"2012-12-31",34.198334,34.828331,34.088333,34.798332,4785400
"2013-01-02",35.531479,35.73148,35.161476,35.371479,3903900
"2013-01-03",34.779321,34.91932,34.339318,34.889317,4535900
"2013-01-04",35.014882,35.20488,34.734879,35.034878,2725900
"2013-01-07",34.803749,34.86375,34.36375,34.743748,2021000
"2013-01-08",34.724655,35.134659,34.604656,34.734657,2485700
"2013-01-09",34.788479,35.16848,34.768483,34.998482,3827400
"2013-01-10",35.327805,35.557804,34.897805,35.307804,3135000
"2013-01-11",35.192783,35.422783,34.512783,34.652782,1878700
"2013-01-14",34.675186,34.765186,33.945186,34.225185,3360700
"2013-01-15",33.784725,34.914722,33.784725,34.834724,3746700
"2013-01-16",34.742016,34.932014,34.232014,34.862015,2151400
"2013-01-17",34.950653,35.750652,34.950653,35.480652,2818100
"2013-01-18",35.426906,35.596904,34.786907,35.316906,2273600
"2013-01-22",35.184194,35.384194,34.914193,35.344193,1667700
"2013-01-23",35.212242,35.502243,34.992241,35.162243,1956700
"2013-01-24",35.17239,35.58239,35.17239,35.362389,1536700
"2013-01-25",35.396302,35.756302,35.356305,35.726303,2532500
"2013-01-28",35.778462,36.388463,35.668461,36.208462,3034900
"2013-01-29",36.027416,36.187416,35.237419,36.017418,2772200
"2013-01-30",36.031479,36.031479,35.341476,35.371479,2070500
"2013-01-31",35.261337,35.391338,34.801338,35.171337,2404700
"2013-02-01",35.280812,35.710812,35.270813,35.680813,2565100
"2013-02-04",35.527802,35.857804,35.247803,35.307804,2482200
"2013-02-05",35.429978,36.289978,35.359978,35.789978,5064500
"2013-02-06",35.596764,35.696762,34.996762,35.11676,2419500
"2013-02-07",35.222923,35.452923,34.532925,34.852924,2269700
"2013-02-08",34.823971,35.053971,34.603974,35.043972,2216900
"2013-02-11",34.983516,35.703518,34.843517,35.653515,1678500
"2013-02-12",35.587559,36.26756,35.51756,36.21756,2940900
"2013-02-13",36.204936,36.444934,36.134937,36.344936,2281400
"2013-02-14",36.133118,36.403114,36.103115,36.363117,2137300
"2013-02-15",36.712215,36.712215,36.312213,36.372215,2256700
"2013-02-19",36.492081,36.492081,35.982079,36.172077,1957800
"2013-02-20",36.169601,36.249603,35.269603,35.289604,2145200
"2013-02-21",35.229019,35.309017,34.039016,34.489017,1939700
"2013-02-22",34.53751,34.907509,34.347511,34.907509,2102600
"2013-02-25",35.059166,35.119167,34.629166,34.689167,2291800
"2013-02-26",34.944774,36.524776,34.694774,36.144775,3741600
"2013-02-27",35.987984,38.247986,35.827984,38.027985,7984900
"2013-02-28",38.053487,38.283486,37.833486,38.073483,3388700
"2013-03-01",37.76189,38.451888,37.501891,38.391891,2907300
"2013-03-04",38.385567,38.585568,38.155567,38.455566,2425300
"2013-03-05",38.724815,38.744816,38.324814,38.664814,2371300
"2013-03-06",38.907456,38.907456,38.017456,38.537457,3212700
"2013-03-07",38.653156,38.963158,38.463158,38.88316,3382800
"2013-03-08",39.159702,39.299701,38.909702,39.119701,2493100
"2013-03-11",39.03165,39.33165,39.01165,39.301651,2516700
"2013-03-12",39.376987,39.386989,39.076988,39.146988,2523700
"2013-03-13",39.227531,39.517528,39.127529,39.457531,2850300
"2013-03-14",39.553196,39.553196,39.303196,39.503197,2235300
"2013-03-15",39.330616,39.810615,39.270614,39.530613,6132800
"2013-03-18",39.093059,39.593059,38.713058,39.083061,1835600
"2013-03-19",39.295334,39.395336,38.845337,39.375336,1727300
"2013-03-20",39.675407,39.735409,39.265407,39.585407,1963300
"2013-03-21",39.331932,39.711933,39.291931,39.621933,1375000
"2013-03-22",39.726677,39.846676,39.266674,39.466675,997000
"2013-03-25",39.641797,39.841797,39.071797,39.201794,1630100
"2013-03-26",39.489246,40.609245,39.269245,40.599247,2104400
"2013-03-27",40.28318,40.793183,40.223183,40.663181,1698700
"2013-03-28",40.673583,40.673583,40.173583,40.553585,1978600
"2013-04-01",40.56823,40.63823,40.108227,40.188229,878600
"2013-04-02",40.458702,40.678703,40.108703,40.288704,1404400
"2013-04-03",40.303672,40.573673,39.38367,39.603672,1760200
"2013-04-04",39.532338,39.762337,39.032338,39.512337,1419900
"2013-04-05",38.897391,39.127395,38.367393,39.037395,1285200
"2013-04-08",38.899044,39.409042,38.619041,38.809044,994200
"2013-04-09",38.90818,39.24818,38.358181,38.81818,1645700
"2013-04-10",38.949422,39.859421,38.709424,39.859421,1749000
"2013-04-11",39.906575,40.706574,39.796574,40.416573,1828100
"2013-04-12",40.161133,41.011136,40.161133,41.001133,1186800
"2013-04-15",40.863769,40.893771,38.65377,38.65377,2057300
"2013-04-16",38.947216,39.837216,38.687214,39.777214,4587500
"2013-04-17",39.582752,39.612755,37.712753,38.242752,1510800
"2013-04-18",38.343333,38.623332,37.233333,37.393333,1728700
"2013-04-19",37.615357,38.305355,37.365357,38.215355,1011600
"2013-04-22",38.343296,38.803295,37.743298,38.553295,560000
"2013-04-23",38.791794,39.271798,38.701794,39.201794,1365100
"2013-04-24",39.246429,40.076427,39.236427,39.996429,2626600
"2013-04-25",40.209317,40.909314,40.209317,40.809315,2351400
"2013-04-26",40.867592,41.207592,40.417591,40.827591,2444200
"2013-04-29",40.943001,41.583,40.763001,41.403004,2498100
"2013-04-30",41.46677,42.206768,41.156769,42.206768,2285000
"2013-05-01",42.070881,42.770882,40.670884,41.530884,3172800
"2013-05-02",41.708294,42.40829,41.438293,41.558292,1915900
"2013-05-03",42.147503,42.537502,41.717502,41.777504,3135800
"2013-05-06",41.761578,42.371579,41.761578,42.261578,3356300
"2013-05-07",42.488118,42.528119,41.968118,42.298119,2179100
"2013-05-08",42.406308,42.556305,42.006306,42.106304,2099800
"2013-05-09",42.240803,42.380802,41.070805,41.320805,2299800
"2013-05-10",41.456954,42.156955,41.306957,41.466957,1833300
"2013-05-13",41.449494,42.049492,41.369492,41.769493,1828600
"2013-05-14",41.745437,42.50544,41.52544,42.475441,2345200
"2013-05-15",42.398795,42.758796,42.348796,42.658794,3662900
"2013-05-16",42.529679,43.489682,42.489682,43.08968,2372800
"2013-05-17",43.043229,44.533227,43.033227,44.483227,4484900
"2013-05-20",44.450759,44.83076,44.340763,44.730762,2524700
"2013-05-21",44.719131,45.169132,44.67913,44.969131,2110600
"2013-05-22",45.092423,45.572422,44.40242,44.712421,2164300
"2013-05-23",44.197373,44.547372,43.877374,44.32737,1531300
"2013-05-24",43.952328,44.172325,43.712326,44.052326,1069300
"2013-05-28",44.425064,45.905063,44.425064,45.675064,2743000
"2013-05-29",45.187523,45.737523,45.027524,45.427521,2072200
"2013-05-30",45.439998,45.859996,45.119998,45.179996,2527400
"2013-05-31",45.149098,45.529099,44.699097,44.7491,2482100
"2013-06-03",44.691608,45.631611,43.831612,44.831612,2251700
"2013-06-04",44.763253,45.193253,44.303254,44.703251,1761000
"2013-06-05",44.566509,44.726509,43.866508,44.116508,2216700
"2013-06-06",44.090844,45.280842,43.760842,45.280842,2008300
"2013-06-07",45.686817,46.226814,45.146816,46.206818,1953800
"2013-06-10",46.625179,46.64518,46.045177,46.445179,1950200
"2013-06-11",45.958408,45.958408,45.348407,45.748409,2337900
"2013-06-12",46.190094,46.320096,45.730095,45.840096,1824200
"2013-06-13",45.771908,46.861909,45.591908,46.811909,1740300
"2013-06-14",46.788589,47.018589,46.568592,46.958591,1576200
"2013-06-17",47.639424,47.639424,46.459423,46.949421,1861600
"2013-06-18",47.579522,47.67952,47.01952,47.60952,2240900
"2013-06-19",47.726215,48.126213,47.576214,47.756214,2443900
"2013-06-20",47.199303,47.279301,45.869301,46.069302,2340100
"2013-06-21",46.695892,46.695892,44.905891,45.555889,2965600
"2013-06-24",45.15234,45.15234,43.392342,44.162338,2112400
"2013-06-25",44.612462,45.052464,44.532464,44.932461,1508700
"2013-06-26",45.310169,46.530171,44.890167,46.390167,1647800
"2013-06-27",46.616902,47.266899,46.456902,46.756901,1397000
"2013-06-28",46.782684,47.032684,46.452682,46.472683,3094800
"2013-07-01",46.797028,48.017029,46.797028,47.637028,1416800
"2013-07-02",47.829522,47.959519,47.26952,47.60952,1200300
"2013-07-03",47.235317,47.35532,47.055316,47.325317,619400
"2013-07-05",47.838746,48.228745,47.468747,48.058743,1246800
"2013-07-08",48.618092,49.388088,48.618092,49.168091,2049500
"2013-07-09",49.655601,49.7756,48.925602,49.305599,2289600
"2013-07-10",49.285598,49.4556,49.0056,49.305599,1742900
"2013-07-11",49.823239,50.253239,49.483239,50.213238,5653900
"2013-07-12",49.939934,50.389935,49.939934,50.359936,1185800
"2013-07-15",50.494095,50.794094,50.294094,50.424095,1513900
"2013-07-16",49.697297,50.017296,49.1573,49.507298,2273400
"2013-07-17",49.800689,50.150687,49.720687,49.910686,1337400
"2013-07-18",50.166615,50.636616,49.926613,50.506615,1759900
"2013-07-19",50.578266,50.658264,50.058265,50.378265,1169400
"2013-07-22",50.585781,50.815785,50.215782,50.515781,1504200
"2013-07-23",50.814885,51.114884,50.054882,50.084885,1241200
"2013-07-24",50.44334,50.963341,50.33334,50.873341,2259400
"2013-07-25",50.600021,51.030022,50.320019,50.910019,1200300
"2013-07-26",50.654206,51.164204,50.644204,51.084206,1498600
"2013-07-29",50.847458,51.19746,50.487461,50.60746,757400
"2013-07-30",50.957473,51.147472,50.307472,50.717472,1482900
"2013-07-31",50.160595,50.510594,48.790592,49.250595,4051200
"2013-08-01",49.758328,51.288331,49.598328,50.818329,4126400
"2013-08-02",50.603383,51.303384,50.443383,51.203381,1623100
"2013-08-05",51.098392,51.378391,50.94839,51.258392,1033900
"2013-08-06",51.231694,51.551693,50.861695,51.001694,1394900
"2013-08-07",50.881596,50.941593,50.021595,50.341595,1049600
"2013-08-08",50.568345,51.188347,50.548344,50.928345,1526100
"2013-08-09",51.267509,51.78751,50.737511,50.937511,1394800
"2013-08-12",50.717521,51.257522,50.477524,51.047523,1208000
"2013-08-13",51.154354,52.084354,50.724354,52.074352,1412000
"2013-08-14",52.461227,52.461227,51.051227,51.081226,1748200
"2013-08-15",50.559822,50.649822,49.359825,49.839825,1570500
"2013-08-16",49.438698,51.088695,49.418697,50.538696,1658600
"2013-08-19",50.548809,50.768806,50.188808,50.308807,936500
"2013-08-20",50.327194,50.557193,49.937194,50.327194,1428300
"2013-08-21",50.191331,50.771333,50.01133,50.051331,904400
"2013-08-22",50.097996,50.777996,50.077996,50.317997,998200
"2013-08-23",50.360432,51.480431,50.330429,51.090431,1539200
"2013-08-26",51.093991,51.723992,50.953991,51.16399,1359000
"2013-08-27",50.701546,50.701546,49.591545,49.591545,2090800
"2013-08-28",49.340531,51.220528,48.62053,50.860531,2943800
"2013-08-29",50.584446,51.324448,50.434449,51.044445,1706900
"2013-08-30",51.093872,51.463871,50.233872,50.593872,1558800
"2013-09-03",51.246635,51.736637,51.056636,51.476635,1499400
"2013-09-04",51.450329,52.270333,50.74033,52.120331,1588100
"2013-09-05",52.21677,53.636768,52.086769,52.846771,2214500
"2013-09-06",52.954807,53.294807,51.854809,51.954807,1742900
"2013-09-09",52.011592,52.451591,51.961589,51.991592,2397800
"2013-09-10",52.382411,53.102412,52.382411,52.782413,1305900
"2013-09-11",52.752292,53.212291,52.502292,53.012295,1800600
"2013-09-12",53.009983,53.039982,51.409981,52.009983,1674200
"2013-09-13",52.012622,52.332622,51.43262,52.322624,1285800
"2013-09-16",53.212971,53.212971,52.382973,52.432972,897500
"2013-09-17",52.50814,52.778141,51.878143,52.488144,1576400
"2013-09-18",52.445621,53.255619,51.735618,52.745621,2037700
"2013-09-19",53.045287,53.705287,52.955287,53.435287,1557200
"2013-09-20",53.694138,53.934135,53.214138,53.334137,2802800
"2013-09-23",53.099636,53.359638,52.009636,52.699638,1021400
"2013-09-24",52.535751,53.805751,52.445751,53.31575,1429900
"2013-09-25",53.500683,53.550683,52.780682,53.030682,1147200
"2013-09-26",53.164376,53.804375,53.034375,53.674374,809800
"2013-09-27",53.408752,53.798751,53.268752,53.73875,1335600
"2013-09-30",53.250348,53.800347,52.610348,53.720345,2093000
"2013-10-01",53.967354,54.807354,53.247353,54.097355,5519200
"2013-10-02",53.857254,53.857254,52.917251,53.527252,1535300
"2013-10-03",53.221137,53.621139,52.281139,52.91114,2087000
"2013-10-04",52.913331,53.793328,52.913331,53.343327,3688300
"2013-10-07",52.822644,53.542642,52.472642,53.122643,1139400
"2013-10-08",53.254673,53.504673,51.364674,51.384674,2301600
"2013-10-09",51.462269,51.82227,50.132271,51.41227,2713600
"2013-10-10",51.586652,53.236653,51.266652,53.076653,2036100
"2013-10-11",53.019638,53.239635,52.349636,52.699638,2197300
"2013-10-14",52.194011,53.164009,51.754009,52.764011,2292400
"2013-10-15",52.542621,53.002624,52.052623,52.322624,989100
"2013-10-16",52.878876,54.308876,52.708874,54.308876,2105300
"2013-10-17",54.110031,55.220031,54.010032,55.210033,1905000
"2013-10-18",55.473247,55.473247,54.793247,55.173248,3907100
"2013-10-21",55.444275,55.514274,54.364277,54.704277,1048900
"2013-10-22",55.040711,55.27071,54.100712,54.630711,1402200
"2013-10-23",54.652179,54.712177,52.872177,53.24218,2026900
"2013-10-24",53.414832,53.774833,52.984832,53.554836,1082300
"2013-10-25",54.151718,54.271717,53.001716,53.361717,1987100
"2013-10-28",53.322972,53.492974,52.33297,52.432972,1725900
"2013-10-29",52.437565,52.447563,51.797561,52.037563,3470700
"2013-10-30",52.289169,52.879169,51.549167,52.019169,2873800
"2013-10-31",51.808487,52.968487,51.748485,52.598488,1162800
"2013-11-01",52.573559,52.95356,51.983559,52.883556,1426700
"2013-11-04",52.904137,53.374138,52.584137,53.334137,1873900
"2013-11-05",50.004669,51.324669,48.974671,50.584667,4038700
"2013-11-06",51.48629,52.176288,50.50629,51.366291,2578100
"2013-11-07",51.574307,51.724309,49.484311,49.674309,3031000
"2013-11-08",49.561683,51.021683,49.561683,50.961681,1864400
"2013-11-11",50.711567,50.931568,50.011566,50.391567,1457200
"2013-11-12",50.3018,50.791798,50.131798,50.731796,2116000
"2013-11-13",50.364285,51.534283,50.334282,51.534283,1454900
"2013-11-14",51.410477,52.660477,51.390476,52.530476,1487100
"2013-11-15",52.832771,53.592769,52.552772,53.572773,2391600
"2013-11-18",53.654602,53.854603,52.924603,53.194599,1639900
"2013-11-19",53.429451,54.129452,51.649448,51.829449,3574200
"2013-11-20",52.244354,52.884353,51.874355,52.484356,2874900
"2013-11-21",52.56985,53.70985,52.509849,53.36985,1246000
"2013-11-22",53.4683,53.548302,52.928299,53.388302,1083800
"2013-11-25",53.775375,53.945373,53.075374,53.185375,1168600
"2013-11-26",53.422268,53.582267,52.892265,53.222267,1658700
"2013-11-27",53.556644,53.826645,53.306644,53.526642,695900
"2013-11-29",53.906308,54.416306,53.496308,54.006306,691300
"2013-12-02",53.905292,54.375294,53.125294,53.305294,950700
"2013-12-03",52.889519,53.239517,52.309517,52.779518,1677200
"2013-12-04",52.390114,53.290116,52.230115,53.010117,1846600
"2013-12-05",52.799331,53.809333,52.799331,53.019333,1813900
"2013-12-06",53.834839,54.21484,53.324841,53.904839,1794900
"2013-12-09",54.140365,54.810367,53.600364,53.720367,1579700
"2013-12-10",53.392079,54.592079,53.04208,54.532078,2132300
"2013-12-11",54.256145,54.556144,52.956145,53.176147,1511300
"2013-12-12",53.009075,53.649074,52.999077,53.379074,700200
"2013-12-13",53.642419,54.38242,53.502419,54.052418,1475900
"2013-12-16",54.232499,55.082497,54.232499,55.002499,1266700
"2013-12-17",54.898526,55.628525,54.698525,55.168526,1897000
"2013-12-18",55.133697,55.543697,54.063698,55.463699,2433100
"2013-12-19",55.523704,55.633705,54.303707,54.393707,1348900
"2013-12-20",54.58183,54.67183,53.771828,53.821827,2980400
"2013-12-23",54.327232,54.987231,54.107234,54.827232,1373400
"2013-12-24",55.014549,55.53455,54.954552,55.334553,623500
"2013-12-26",55.549904,55.759903,55.259903,55.389904,946300
"2013-12-27",55.566974,55.676975,54.976974,55.186977,527800
"2013-12-30",55.056191,55.51619,54.936192,55.19619,667200
"2013-12-31",55.253696,55.543697,54.993698,55.463699,702000
"2014-01-02",55.028789,55.38879,54.338791,54.808788,747000
"2014-01-03",54.940426,55.280426,54.470425,54.670425,891800
"2014-01-06",55.209659,55.259659,54.249656,54.679657,1311500
"2014-01-07",55.057389,55.877388,54.737385,55.657387,3080200
"2014-01-08",55.734791,56.37479,55.494789,56.044788,2916000
"2014-01-09",56.115662,56.475662,55.335663,55.915661,1812500
"2014-01-10",56.209698,56.819698,56.139698,56.699699,1848900
"2014-01-13",56.468257,57.128257,55.308258,55.528259,1335100
"2014-01-14",56.070121,57.230121,55.130119,57.17012,2336800
"2014-01-15",57.36676,58.136761,56.636761,57.566761,3033800
"2014-01-16",57.391506,57.711506,56.941505,57.391506,1130600
"2014-01-17",57.434249,57.964252,57.324249,57.834251,2714400
"2014-01-21",58.190972,58.45097,57.760972,58.11097,3250100
"2014-01-22",58.221569,58.511566,57.74157,58.341568,2152400
"2014-01-23",57.915291,58.095291,57.025292,57.46529,1831900
"2014-01-24",57.419987,57.659988,55.149986,55.269985,1765000
"2014-01-27",55.565598,55.725597,54.525601,54.965599,1558800
"2014-01-28",55.280682,55.610683,54.830685,55.380684,1909000
"2014-01-29",55.046974,55.526973,54.926975,55.186977,2195700
"2014-01-30",55.627724,56.607723,55.407722,56.247723,2709800
"2014-01-31",55.184704,56.454704,55.054703,56.164703,1788400
"2014-02-03",56.481293,56.541294,54.371292,54.541294,3055300
"2014-02-04",54.592999,55.633,53.563,55.352997,2310300
"2014-02-05",54.828518,56.298516,54.808518,56.238518,3628100
"2014-02-06",56.413479,57.04348,56.06348,56.773479,2394900
"2014-02-07",56.93676,57.586761,56.746761,57.566761,1339900
"2014-02-10",57.403564,57.823566,57.163566,57.723568,972400
"2014-02-11",57.8233,58.283299,57.593301,58.083302,1917800
"2014-02-12",58.486374,59.326378,58.356377,59.116371,2231500
"2014-02-13",58.791966,59.641964,58.561966,59.421963,2074000
"2014-02-14",59.245667,59.575665,59.005665,59.375668,1482100
"2014-02-18",59.622036,60.442036,59.112034,60.172039,1958700
"2014-02-19",60.059448,60.799454,59.949448,60.329453,2454100
"2014-02-20",60.278011,61.068012,60.148014,60.848011,2514800
"2014-02-21",61.143204,61.293205,60.833206,61.033211,2002800
"2014-02-24",61.058834,61.85883,60.96883,61.588833,1937700
"2014-02-25",61.443997,62.063999,61.233998,61.523998,4130300
"2014-02-26",61.715881,62.215881,61.405875,61.875877,1438300
"2014-02-27",61.791416,61.821415,61.111416,61.681416,2191000
"2014-02-28",61.754386,62.154388,61.154388,61.644386,2079800
"2014-03-03",60.946582,61.636585,60.456585,61.366581,2014000
"2014-03-04",62.255874,62.405875,61.845878,61.875877,1795600
"2014-03-05",62.050613,62.440613,60.610618,60.940613,2670700
"2014-03-06",61.185524,62.115525,61.175522,62.005524,2476900
"2014-03-07",62.179948,62.409943,61.539948,61.699944,1342400
"2014-03-10",61.612923,62.112923,61.602928,61.912926,2463900
"2014-03-11",61.985595,62.905593,61.855598,62.755592,3295200
"2014-03-12",62.510002,62.849999,61.709999,62.199997,2709300
"2014-03-13",62.494324,62.544327,60.65432,60.894325,2172600
"2014-03-14",60.912777,61.212773,60.122776,60.162777,1915500
"2014-03-17",60.648079,61.638077,60.648079,61.598076,2055800
"2014-03-18",61.794827,62.614827,61.734829,62.514828,1384200
"2014-03-19",62.751472,62.851471,61.641472,62.181473,1459000
"2014-03-20",61.984829,62.684826,61.774823,62.514828,1429500
"2014-03-21",63.209202,63.209202,61.479207,61.709202,2027000
"2014-03-24",62.088059,62.298058,60.698059,61.348061,1349400
"2014-03-25",62.018738,62.078735,60.508735,60.588737,2126800
"2014-03-26",60.912438,61.67244,60.272439,60.542435,1495400
"2014-03-27",60.500966,60.960965,60.030964,60.810963,1590700
"2014-03-28",60.861816,61.961815,60.721817,61.801811,1515700
"2014-03-31",62.308937,62.988937,62.178932,62.838936,1879000
"2014-04-01",62.987587,64.647591,62.807587,64.35759,4313800
"2014-04-02",64.542472,65.302467,64.492469,64.92247,3631700
"2014-04-03",64.460564,64.990563,64.340561,64.570564,2476900
"2014-04-04",65.082637,65.122638,62.572635,62.792637,1663900
"2014-04-07",62.782483,62.792477,60.672482,61.042477,2268100
"2014-04-08",60.838424,61.368423,59.868423,61.218422,2745200
"2014-04-09",61.367115,63.297115,61.307118,63.237118,2096800
"2014-04-10",63.149949,63.589944,61.569947,61.699944,2416900
"2014-04-11",61.577949,61.677955,60.057953,60.097954,2992100
"2014-04-14",60.81467,60.864673,59.904674,60.764675,1652700
"2014-04-15",61.081706,61.571704,59.471706,60.801708,2610800
"2014-04-16",61.643947,61.893947,60.823947,61.023952,3506300
"2014-04-17",60.897766,62.717765,60.777763,62.22776,1800800
"2014-04-21",63.160412,63.160412,61.770413,62.820408,891900
"2014-04-22",62.977165,63.917167,62.637168,63.737167,1395000
"2014-04-23",63.713085,64.043079,63.283085,63.663082,1582900
"2014-04-24",64.553433,65.43343,62.243435,63.283428,2023500
"2014-04-25",62.991044,63.08104,61.111039,61.561043,1975000
"2014-04-28",61.799884,62.019885,59.889888,60.949886,1974400
"2014-04-29",61.329548,61.619542,60.719548,61.329548,1416400
"2014-04-30",61.174409,61.954408,60.664407,61.894402,1269200
"2014-05-01",61.795182,62.875176,61.725182,62.135178,1277100
"2014-05-02",62.17746,63.347466,62.157463,62.85746,1308600
"2014-05-05",62.523766,62.953766,61.873765,62.903763,1076800
"2014-05-06",62.842583,62.952583,62.142586,62.29258,647300
"2014-05-07",62.444083,62.904083,61.734084,62.524078,1158200
"2014-05-08",62.628456,63.138458,61.418456,61.71846,1367300
"2014-05-09",61.664407,61.924409,60.814408,61.894402,1061400
"2014-05-12",62.167996,62.697995,61.997998,62.637997,1194500
"2014-05-13",62.873058,63.043064,62.493061,62.70306,779500
"2014-05-14",62.717628,62.867622,62.147629,62.247627,887900
"2014-05-15",62.258835,62.298828,60.578834,61.30883,1182500
"2014-05-16",60.884598,61.554596,60.524597,61.364594,1075000
"2014-05-19",61.705254,62.645248,61.645248,62.015251,2431300
"2014-05-20",61.793961,62.773957,61.57396,62.163956,1681600
"2014-05-21",62.308109,63.128108,62.308109,62.768108,1106800
"2014-05-22",62.844146,63.284149,62.644149,63.084152,1020000
"2014-05-23",63.143967,65.173966,63.043968,65.063965,2053900
"2014-05-27",65.515746,65.815742,65.175742,65.435745,1609800
"2014-05-28",65.494133,65.544136,64.514138,64.534134,1982800
"2014-05-29",64.71965,65.099655,64.119652,64.329651,1418100
"2014-05-30",64.190247,64.720245,63.92025,64.190247,1783400
"2014-06-02",64.285747,64.485744,63.445751,63.985744,1186900
"2014-06-03",63.405816,65.195817,63.405816,64.775818,1273500
"2014-06-04",64.412536,65.402534,64.00254,65.082535,1703900
"2014-06-05",65.167976,65.957977,64.717979,65.537979,1845900
"2014-06-06",66.06176,66.281754,65.56176,65.751755,1596100
"2014-06-09",65.617027,66.02703,65.157028,65.287025,1170100
"2014-06-10",65.157478,65.637482,64.817482,65.017479,1710700
"2014-06-11",64.637528,64.82753,63.927529,64.357529,1434800
"2014-06-12",64.290829,64.540829,62.490826,62.600826,1569200
"2014-06-13",62.715687,63.575688,62.645687,63.195683,2011900
"2014-06-16",62.905433,63.395431,62.515434,62.935432,1756900
"2014-06-17",63.022495,63.132496,62.522495,62.842495,1534300
"2014-06-18",62.7785,63.2085,62.098499,63.158497,1308500
"2014-06-19",63.658696,63.66869,62.468693,62.628689,1694300
"2014-06-20",62.788693,62.998692,62.538693,62.628689,2575800
"2014-06-23",62.846768,62.846768,61.996769,62.126766,2625700
"2014-06-24",62.116699,63.196701,62.056702,62.786705,3412800
"2014-06-25",62.514965,63.604969,62.424968,63.204967,2591200
"2014-06-26",63.1637,63.603703,62.213696,63.353703,2945300
"2014-06-27",62.969727,64.059723,62.719727,63.669724,17437700
"2014-06-30",63.532791,64.302796,63.172791,63.892792,4004200
"2014-07-01",64.146645,65.036644,64.146645,64.896645,3304100
"2014-07-02",64.733131,65.153129,64.673125,64.94313,2732400
"2014-07-03",65.328438,65.688438,65.08844,65.26844,1194700
"2014-07-07",65.182152,65.182152,64.442154,64.692154,1793700
"2014-07-08",64.476968,64.616967,63.716966,64.496964,2345000
"2014-07-09",64.521575,65.081573,64.221572,64.831573,1730000
"2014-07-10",63.851326,65.01133,63.841324,64.571327,2710500
"2014-07-11",64.434959,65.004967,64.434959,64.654961,1109500
"2014-07-14",65.081573,65.261573,64.701576,64.831573,1566800
"2014-07-15",64.735672,65.205674,64.065674,64.645676,1320900
"2014-07-16",64.999535,64.999535,64.11953,64.199532,1637200
"2014-07-17",63.835808,64.595811,63.175812,63.325806,1846700
"2014-07-18",63.471962,63.881965,63.131965,63.771965,1701100
"2014-07-21",63.692413,64.012413,63.362411,63.502411,1559200
"2014-07-22",63.877991,64.437996,63.787995,64.08799,1710100
"2014-07-23",64.252094,64.462094,63.732098,63.902096,934800
"2014-07-24",64.011264,64.531269,63.621265,63.781269,969300
"2014-07-25",63.61927,64.059273,63.469269,63.93927,1170300
"2014-07-28",64.067291,64.227287,63.52729,64.09729,1451000
"2014-07-29",64.2785,64.618504,63.108502,63.158497,1697500
"2014-07-30",63.334594,63.474594,62.464599,62.814598,2312500
"2014-07-31",61.399601,63.129596,60.699604,62.089603,2731300
"2014-08-01",62.123955,63.14396,61.833962,62.163956,2391700
"2014-08-04",62.347682,63.247684,62.227687,63.037685,1147900
"2014-08-05",63.413937,64.653942,63.21394,63.613941,2134200
"2014-08-06",63.05426,63.644264,62.69426,63.214264,1369700
"2014-08-07",63.553634,63.703628,62.413635,62.563629,1526900
"2014-08-08",62.471844,63.70184,62.371838,63.641842,2330400
"2014-08-11",64.055271,64.165271,63.33527,63.455265,1009900
"2014-08-12",63.349361,63.80936,62.979358,63.259357,774200
"2014-08-13",63.703847,63.873845,63.173848,63.61385,1077300
"2014-08-14",63.868828,64.418831,63.638825,64.37883,944700
"2014-08-15",64.582984,64.652984,63.502983,64.042984,1388200
"2014-08-18",64.517341,64.817344,64.417343,64.677345,1305700
"2014-08-19",64.796463,65.356461,64.786461,65.106461,1099200
"2014-08-20",64.722809,65.992813,64.722809,65.852806,1074900
"2014-08-21",65.998771,66.188773,65.488776,65.908775,1212500
"2014-08-22",65.750107,66.180107,65.310112,65.890106,1259300
"2014-08-25",65.932716,66.582718,65.932716,65.992714,1044300
"2014-08-26",66.281708,66.451707,65.191704,65.311707,1814200
"2014-08-27",65.82592,65.885925,64.68592,64.835922,1799500
"2014-08-28",64.807342,64.817344,64.357345,64.677345,1586600
"2014-08-29",64.74057,64.980568,64.260566,64.910568,871700
"2014-09-02",64.981567,65.71157,64.981567,65.591568,1025900
"2014-09-03",65.331704,66.041703,65.141701,65.311707,882200
"2014-09-04",65.285606,65.825607,65.285606,65.535606,1082900
"2014-09-05",65.330163,65.860161,64.770165,65.750168,1073100
"2014-09-08",65.787758,67.167755,65.697754,66.61776,1908200
"2014-09-09",66.319152,67.159156,66.169151,66.459152,2067600
"2014-09-10",66.384673,66.654678,65.594672,66.104675,1514900
"2014-09-11",65.770844,66.210846,65.500847,65.740845,1506800
"2014-09-12",65.660996,65.760994,65.080994,65.460991,1647100
"2014-09-15",65.454116,65.664123,64.084121,64.444122,1950400
"2014-09-16",64.447605,64.447605,62.677608,62.727604,2764500
"2014-09-17",62.96257,63.162567,61.932572,62.10257,3500700
"2014-09-18",62.278199,62.608201,61.4282,61.468201,3884000
"2014-09-19",61.608403,61.838406,60.918401,61.048405,5563600
"2014-09-22",61.387253,61.387253,60.347252,60.647255,2303900
"2014-09-23",60.524219,60.844227,59.784221,59.994221,2357700
"2014-09-24",60.21746,60.757453,59.677459,60.227455,4509900
"2014-09-25",60.178249,60.348255,59.62825,59.938251,2085200
"2014-09-26",59.996319,60.186314,59.486317,59.826313,2403100
"2014-09-29",59.365574,59.925571,58.565571,58.585571,2377700
"2014-09-30",58.67355,58.773548,57.093548,57.223549,5989600
"2014-10-01",57.194283,57.944283,56.794286,57.074284,3349400
"2014-10-02",56.814358,58.454362,56.744359,58.32436,2764200
"2014-10-03",58.765373,59.425373,58.705376,59.005375,2085500
"2014-10-06",59.200604,59.630604,58.960606,59.210606,1873200
"2014-10-07",58.861599,59.431598,58.501598,58.501598,2589700
"2014-10-08",58.455426,59.015427,57.765427,58.865425,3539100
"2014-10-09",59.695362,59.695362,57.425362,57.61536,2258100
"2014-10-10",57.62999,57.649991,56.21999,56.299988,2960200
"2014-10-13",56.38755,56.63755,54.317551,54.38755,2824600
"2014-10-14",55.644829,57.714829,55.354829,57.34483,4257500
"2014-10-15",56.277439,57.757438,55.127437,57.447441,4771300
"2014-10-16",56.336429,58.346428,55.886429,58.156429,3087900
"2014-10-17",58.926106,60.086106,58.536106,58.856106,2546900
"2014-10-20",58.887917,59.517914,58.737915,59.247913,1640000
"2014-10-21",59.60128,60.591278,59.381283,60.591278,2006900
"2014-10-22",60.506859,61.666855,60.066856,60.096855,2501200
"2014-10-23",60.840946,61.590946,60.200947,61.290943,2461800
"2014-10-24",61.29847,62.418473,60.65847,62.29847,2708800
"2014-10-27",62.411767,62.911767,61.481766,62.391762,1869400
"2014-10-28",62.57888,64.238884,62.278885,64.238884,2785000
"2014-10-29",64.655388,64.66539,62.615395,63.175392,1955900
"2014-10-30",62.814034,63.65403,62.664032,63.194031,2174500
"2014-10-31",64.050827,64.730828,63.840828,64.35083,2236300
"2014-11-03",64.183442,64.873444,64.10344,64.453438,1290900
"2014-11-04",64.177049,64.457055,63.227052,63.847054,2285700
"2014-11-05",64.396408,65.536415,63.936409,65.246414,2427400
"2014-11-06",65.113518,65.723519,64.803521,65.703522,1050100
"2014-11-07",65.63115,65.971154,64.911148,65.151146,1246000
"2014-11-10",64.943314,65.553314,64.833313,65.413315,1012300
"2014-11-11",65.479706,66.56971,65.129708,65.759705,1283000
"2014-11-12",65.446311,66.276306,65.376312,65.956306,1469600
"2014-11-13",66.00972,66.289726,65.919723,66.199722,773400
"2014-11-14",66.191643,66.451645,65.811646,66.171646,926300
"2014-11-17",66.080788,66.590791,65.880792,66.330788,854900
"2014-11-18",66.434036,67.294037,66.294037,67.164032,1721700
"2014-11-19",66.854866,67.254868,66.534867,66.564865,1929900
"2014-11-20",66.172303,66.962304,66.062302,66.602303,1845400
"2014-11-21",67.415741,67.495743,66.885742,67.285744,1729200
"2014-11-24",67.585769,68.225769,67.575767,68.165764,1425200
"2014-11-25",68.555084,68.745087,67.245087,67.295082,2948300
"2014-11-26",67.461471,67.501472,66.951469,67.201469,1138700
"2014-11-28",67.596847,68.816848,67.186843,68.296844,847400
"2014-12-01",68.170036,68.450034,67.460037,68.250038,1580200
"2014-12-02",68.350243,68.630249,67.760246,68.540245,1720600
"2014-12-03",68.730919,69.810921,68.680924,69.410919,1675500
"2014-12-04",69.61879,69.768784,68.508789,68.708786,1389200
"2014-12-05",68.828789,69.068787,68.398789,68.708786,1285700
"2014-12-08",68.390221,68.940224,67.660225,68.10022,1411200
"2014-12-09",67.253861,68.223862,67.083862,68.193855,1447800
"2014-12-10",68.21759,68.247589,66.357589,66.377594,1495700
"2014-12-11",66.861038,67.491035,66.501037,66.62104,1260800
"2014-12-12",66.059692,66.539688,65.319687,65.319687,1573900
"2014-12-15",66.128632,66.998635,65.138635,65.628632,2038900
"2014-12-16",65.528176,66.418175,64.988175,65.04818,1939500
"2014-12-17",64.951233,66.991227,64.921227,66.47123,1362300
"2014-12-18",67.303626,67.933624,66.603629,67.903625,1564500
"2014-12-19",68.211129,69.251129,68.071129,68.821129,2342900
"2014-12-22",68.708367,69.208367,68.628365,69.008362,1003100
"2014-12-23",69.398171,70.168167,69.03817,69.158173,862000
"2014-12-24",69.254959,69.334954,68.714959,68.764954,428900
"2014-12-26",68.674103,69.324097,68.4841,68.924103,772500
"2014-12-29",69.003258,69.733261,68.743256,69.08326,1481200
"2014-12-30",69.143234,69.263236,68.593231,68.643234,845400
"2014-12-31",68.941513,69.191513,68.081512,68.081512,1025900
"2015-01-02",68.78981,69.269814,67.139809,67.959808,1259100
"2015-01-05",67.392006,67.472008,64.932007,64.992004,2574900
"2015-01-06",65.110069,65.310066,63.980064,64.58007,2006400
"2015-01-07",64.914977,65.524978,64.544982,65.094978,1924500
"2015-01-08",65.655907,66.785912,65.505913,66.695908,2409300
"2015-01-09",66.794815,66.96482,65.564819,65.684822,2254800
"2015-01-12",65.77581,65.935814,64.255814,64.495811,2187900
"2015-01-13",65.034892,66.184894,62.464893,63.334896,4097800
"2015-01-14",62.517441,63.097435,62.267441,62.857437,3992800
"2015-01-15",62.857437,63.72744,62.487435,62.857437,2455800
"2015-01-16",62.762535,62.88253,61.852531,62.342529,3601500
"2015-01-20",63.096398,63.3564,62.256394,63.166397,3059900
"2015-01-21",63.112397,64.552399,62.622399,64.252396,2891300
"2015-01-22",64.742844,65.112839,63.922836,64.83284,1829300
"2015-01-23",64.706055,65.356056,64.50605,65.226051,1932500
"2015-01-26",65.042434,65.372429,64.622429,65.132431,1613100
"2015-01-27",64.397766,65.617768,64.027771,65.347771,2180300
"2015-01-28",65.581737,65.821735,63.671734,63.821735,2454000
"2015-01-29",63.917969,64.977966,63.237969,64.757965,1824600
"2015-01-30",64.266015,65.156014,64.13601,64.346016,1803300
"2015-02-02",64.723343,66.343346,64.353348,66.293343,2296000
"2015-02-03",66.800224,68.330223,66.790222,68.10022,3415800
"2015-02-04",67.789589,68.559586,67.789589,68.109589,2531900
"2015-02-05",68.889954,71.089951,68.779954,71.039948,2743100
"2015-02-06",71.3983,72.988304,71.268302,72.238304,3118200
"2015-02-09",71.445122,72.445122,71.43512,72.285118,2161900
"2015-02-10",73.077095,73.757096,72.407097,73.577095,2265600
"2015-02-11",73.730461,73.970466,72.660461,72.940468,1908400
"2015-02-12",73.260902,73.450904,72.8609,73.080902,2486900
"2015-02-13",73.116814,73.966812,72.926811,73.916809,1592200
"2015-02-17",74.008965,74.248963,73.228966,73.728966,1557700
"2015-02-18",73.732621,73.892625,73.232621,73.672623,1451000
"2015-02-19",73.703651,74.973655,73.59365,74.583656,1722900
"2015-02-20",74.282149,74.502151,73.022147,74.452148,2017100
"2015-02-23",74.106407,74.576408,74.026405,74.386406,1312100
"2015-02-24",74.368294,74.658287,74.018288,74.048286,1008500
"2015-02-25",74.06691,75.296914,74.06691,74.99691,1705700
"2015-02-26",74.774933,75.004929,74.134933,74.254929,879100
"2015-02-27",74.248291,74.548286,73.788292,74.048286,935200
"2015-03-02",73.969276,75.669281,73.969276,75.269279,1546000
"2015-03-03",75.116592,75.35659,74.396591,75.156586,1633000
"2015-03-04",76.620392,77.330391,74.830391,75.870392,3238400
"2015-03-05",75.749909,75.919907,74.839905,75.259903,1287600
"2015-03-06",74.773102,75.1231,74.113098,74.283096,1515200
"2015-03-09",73.619805,74.439805,73.489808,74.17981,1865000
"2015-03-10",73.371239,73.531243,72.341241,72.921242,1874100
"2015-03-11",72.93744,73.707436,72.077439,72.207436,2615600
"2015-03-12",72.583016,73.453018,72.573014,73.203018,1449900
"2015-03-13",73.002289,73.072289,71.79229,72.132294,2290000
"2015-03-16",72.602333,73.712333,72.542335,73.522331,1697500
"2015-03-17",72.91658,73.706581,72.706581,73.456581,1064300
"2015-03-18",72.938248,74.508248,72.718247,74.358246,1812800
"2015-03-19",74.067627,74.407631,73.577629,74.36763,1423900
"2015-03-20",74.630226,75.22023,74.350227,75.100227,2969700
"2015-03-23",75.207528,75.46753,74.947533,74.987526,1289800
"2015-03-24",74.815201,75.095208,74.115204,74.405205,1146400
"2015-03-25",74.482177,74.702179,72.732177,72.752174,1301400
"2015-03-26",72.196839,72.406838,71.556839,72.216835,2381800
"2015-03-27",72.140334,72.890334,71.930335,72.780334,1318500
"2015-03-30",73.175812,74.445816,73.175812,74.395813,1114500
"2015-03-31",74.153587,75.403587,73.983589,74.893585,2110600
"2015-04-01",75.437698,75.437698,73.377693,74.057693,2298600
"2015-04-02",74.146073,76.446068,73.766068,76.246071,3362100
"2015-04-06",76.546837,79.98684,75.956841,78.706841,3946700
"2015-04-07",78.312759,78.792763,77.802757,77.842758,1699200
"2015-04-08",77.802689,78.362686,77.372688,78.152687,1784100
"2015-04-09",78.12072,79.160721,78.080719,79.110725,2086600
"2015-04-10",79.711548,80.061546,79.211548,79.561546,2145900
"2015-04-13",79.816505,79.866508,78.636505,78.866508,1121400
"2015-04-14",78.797386,79.227378,78.227378,79.007385,1464600
"2015-04-15",79.409889,79.44989,78.579887,78.659889,1619000
"2015-04-16",78.77346,79.463463,78.643463,78.91346,1837300
"2015-04-17",78.399047,78.659049,77.689048,78.209045,1669600
"2015-04-20",78.865394,79.085396,78.02539,78.265396,1548900
"2015-04-21",78.333633,78.483635,77.373634,77.983635,1944500
"2015-04-22",78.192764,78.832764,77.472763,77.842758,1521600
"2015-04-23",77.6139,78.5439,77.063905,78.133904,1593600
"2015-04-24",78.434486,78.874481,78.214485,78.434486,1209500
"2015-04-27",78.292489,78.952492,77.562485,77.69249,1555200
"2015-04-28",77.514908,77.994904,76.864906,77.654907,1575500
"2015-04-29",77.590508,77.870506,76.630509,76.950508,1488600
"2015-04-30",76.035462,78.395462,76.035462,77.95546,3270400
"2015-05-01",78.764023,79.314026,78.324021,79.21402,2395600
"2015-05-04",79.190689,81.110687,79.190689,80.810692,2168600
"2015-05-05",81.186783,81.406777,78.996781,79.016777,2327500
"2015-05-06",79.194298,79.394295,78.444298,79.364296,1991500
"2015-05-07",79.313805,79.593803,78.513802,78.753799,1222800
"2015-05-08",79.553856,80.71386,79.363861,80.14386,1064200
"2015-05-11",80.277779,80.957779,79.917778,79.917778,1598800
"2015-05-12",79.542526,80.942528,78.982521,80.652527,1460200
"2015-05-13",80.737601,81.547599,80.297599,80.4076,1092900
"2015-05-14",80.898567,81.558571,80.418571,81.528572,1319900
"2015-05-15",81.467957,82.19796,81.19796,82.187958,1590800
"2015-05-18",82.190849,82.430847,81.690849,82.140846,1098700
"2015-05-19",82.241425,82.991425,82.00142,82.131424,1515600
"2015-05-20",82.011155,82.461152,81.491151,81.81115,1590100
"2015-05-21",82.025619,82.975624,81.645622,82.225624,1614400
"2015-05-22",82.071312,83.031311,81.611313,81.971306,1496600
"2015-05-26",81.310021,81.980026,80.890022,81.180023,1465500
"2015-05-27",81.622604,82.352608,81.212601,82.112602,1459800
"2015-05-28",81.907639,82.677643,81.657639,82.517639,1550200
"2015-05-29",82.98362,82.98362,81.883621,81.933624,1628700
"2015-06-01",82.252312,82.252312,81.112313,81.792313,1671400
"2015-06-02",81.303444,82.863449,81.183449,82.423447,1474400
"2015-06-03",82.824135,83.614136,82.304138,83.224136,1319000
"2015-06-04",82.920135,83.020134,81.760132,81.990135,1587500
"2015-06-05",82.2239,82.573898,81.853897,82.253899,2101900
"2015-06-08",82.041733,82.691734,81.751732,81.801727,1445800
"2015-06-09",82.137413,82.557411,81.227409,81.547409,1405500
"2015-06-10",81.737046,83.327042,81.537049,83.177048,1303300
"2015-06-11",83.568352,83.578346,82.528351,82.66835,1418100
"2015-06-12",82.619385,82.919388,82.139389,82.489388,1296700
"2015-06-15",82.294464,82.88446,81.754463,82.244461,1707100
"2015-06-16",82.483582,82.923584,81.733582,82.58358,1533200
"2015-06-17",82.70572,83.95572,82.675721,83.685715,1922200
"2015-06-18",83.823509,84.553512,82.893509,83.883514,1690100
"2015-06-19",83.597145,84.707145,83.297149,83.987152,6052300
"2015-06-22",85.416283,85.416283,83.556282,83.676285,1991600
"2015-06-23",84.183113,84.183113,83.023117,83.403114,3199300
"2015-06-24",83.359078,83.679078,82.11908,82.819077,2715700
"2015-06-25",83.591515,84.481514,83.051514,83.591515,1924700
"2015-06-26",83.589042,83.709037,82.759041,83.46904,12230000
"2015-06-29",82.305755,82.925758,79.235755,79.625755,3760600
"2015-06-30",80.083276,80.583276,79.333276,80.153275,3097900
"2015-07-01",80.490471,81.070466,80.27047,81.010468,1835900
"2015-07-02",81.081055,81.321053,80.191055,81.001053,2010500
"2015-07-06",80.229515,81.189514,79.339515,79.889511,2497100
"2015-07-07",80.034188,80.034188,77.444184,79.164185,3283500
"2015-07-08",77.771264,77.891266,73.541268,73.691269,6163000
"2015-07-09",77.158096,77.158096,73.278099,73.418098,4182600
"2015-07-10",74.654983,74.964981,74.204986,74.60498,4100400
"2015-07-13",75.389153,75.989151,74.719155,75.349152,2762900
"2015-07-14",75.185814,75.805817,75.10582,75.565819,1847700
"2015-07-15",75.556801,76.036804,75.236801,76.036804,2044000
"2015-07-16",75.754234,75.804237,72.304237,72.344238,4812600
"2015-07-17",72.328094,73.488098,71.398094,73.418098,3221700
"2015-07-20",73.140548,73.710548,72.440551,73.54055,3706500
"2015-07-21",73.462586,73.932587,73.192582,73.832581,2313900
"2015-07-22",73.653626,73.873627,72.743622,73.003624,1748400
"2015-07-23",73.485061,74.295059,73.055061,73.305061,3058300
"2015-07-24",74.171761,74.661759,72.651756,72.871758,1966500
"2015-07-27",72.197189,72.367187,70.567191,70.997192,2478900
"2015-07-28",70.792329,73.26233,70.782327,72.862328,2650700
"2015-07-29",72.921409,73.96141,72.801406,73.85141,2432200
"2015-07-30",72.083626,73.763626,71.403626,73.003624,3034500
"2015-07-31",74.47998,74.65998,72.589981,73.54998,3300800
"2015-08-03",73.913345,74.073349,72.373344,72.68335,1815500
"2015-08-04",72.675063,73.925063,72.615058,73.305061,2007200
"2015-08-05",73.804214,74.114212,72.734214,72.994209,1903300
"2015-08-06",73.221161,73.651161,72.18116,72.881165,2078700
"2015-08-07",73.105584,75.405587,72.845589,74.595589,2677400
"2015-08-10",76.303391,77.163391,75.353394,76.693398,2486400
"2015-08-11",75.203277,75.343277,73.043274,73.433273,2928800
"2015-08-12",72.619217,72.619217,70.469215,72.129219,2970500
"2015-08-13",71.770698,73.630699,71.650695,72.790695,3033300
"2015-08-14",72.965279,72.995277,71.785278,72.025276,2469100
"2015-08-17",71.812714,73.472718,71.55272,73.442719,1575600
"2015-08-18",73.705559,74.065559,73.24556,73.565559,1707200
"2015-08-19",73.32235,73.582352,72.25235,72.762352,1798900
"2015-08-20",71.893875,72.683876,70.433876,70.503876,1890200
"2015-08-21",69.693649,70.623641,68.003646,68.103645,3124200
"2015-08-24",64.728973,69.088973,62.388969,66.638969,3915500
"2015-08-25",69.254922,69.92492,66.304917,66.364922,2575800
"2015-08-26",68.286621,69.49662,67.096618,69.42662,2515200
"2015-08-27",70.160759,71.840759,69.390755,70.900757,3251200
"2015-08-28",70.643136,71.643136,70.493134,71.203133,1950100
"2015-08-31",71.243805,72.783805,71.053802,71.3638,2032000
"2015-09-01",69.625862,70.395867,67.585869,68.065865,2403700
"2015-09-02",68.894593,69.084587,67.52459,68.77459,1691300
"2015-09-03",69.268189,70.488183,68.798188,69.228188,1427000
"2015-09-04",67.876945,68.546951,67.036949,68.046951,1677800
"2015-09-08",74.182136,74.182136,68.352142,71.392143,2164500
"2015-09-09",72.265541,74.185539,71.325539,71.505539,1846000
"2015-09-10",71.289199,71.519203,69.679199,71.099197,2471000
"2015-09-11",70.935355,72.20536,69.905357,72.195358,2142100
"2015-09-14",72.189216,72.499214,71.789215,72.129219,1392200
"2015-09-15",71.991868,73.281869,71.951867,72.941872,1933400
"2015-09-16",73.117058,75.44706,73.007057,75.257057,2045600
"2015-09-17",75.090729,75.99073,74.500733,74.850731,2262700
"2015-09-18",73.746582,74.236587,72.856582,73.376587,3275400
"2015-09-21",73.92968,73.92968,72.119683,72.979683,1712400
"2015-09-22",72.263238,72.27324,68.973237,70.343239,3516100
"2015-09-23",70.931946,70.931946,69.091942,70.021942,1446700
"2015-09-24",68.509087,69.479088,67.05909,68.869087,2402000
"2015-09-25",69.798188,70.078187,68.898186,69.228188,1852500
"2015-09-28",68.55722,68.617218,66.30722,66.497223,1821300
"2015-09-29",66.545777,69.09578,65.565781,68.925781,3040100
"2015-09-30",70.415168,71.945167,70.205169,71.855171,2568800
"2015-10-01",72.208145,73.298142,70.918144,73.178146,2810100
"2015-10-02",71.738396,73.748398,71.468399,73.6884,1874100
"2015-10-05",74.292656,74.672653,73.382652,74.30265,1806400
"2015-10-06",74.534019,74.68402,73.474014,73.764015,1743200
"2015-10-07",74.231545,75.571541,74.17154,75.35154,1880200
"2015-10-08",75.047691,77.097694,74.907692,76.447693,2410900
"2015-10-09",76.793228,77.913223,76.493225,77.383224,1975700
"2015-10-12",76.769272,77.979278,76.599273,77.279274,1175000
"2015-10-13",77.276055,77.47606,75.316056,75.446053,2158000
"2015-10-14",75.398438,76.26844,74.778442,75.748444,1558200
"2015-10-15",76.372124,76.522125,75.222122,76.372124,1444200
"2015-10-16",76.546707,76.666702,75.096703,76.636703,1993400
"2015-10-19",76.300842,77.110839,75.910843,77.080841,1621700
"2015-10-20",77.092308,78.552307,76.642303,77.742302,1992100
"2015-10-21",78.452125,78.542129,77.15213,77.40213,1367300
"2015-10-22",77.596832,79.996834,77.246834,79.896835,2647200
"2015-10-23",79.338768,80.568771,79.338768,80.378769,2479800
"2015-10-26",80.130417,80.410415,79.480423,80.350418,1920600
"2015-10-27",79.901703,80.371704,79.441704,79.641701,2512500
"2015-10-28",79.978225,81.448226,79.088226,81.418228,2940100
"2015-10-29",80.115021,80.115021,75.565025,75.635025,4875700
"2015-10-30",75.601669,79.061668,75.601669,78.611671,3669400
"2015-11-02",78.943977,80.003983,78.143982,79.773979,1789700
"2015-11-03",79.47902,79.799019,77.779023,78.829018,1870200
"2015-11-04",79.292045,79.292045,78.17205,78.262047,1817400
"2015-11-05",78.166725,78.926727,77.516723,78.696724,1189500
"2015-11-06",78.455628,79.205628,77.775628,78.71563,2306100
"2015-11-09",78.494239,78.754241,77.704238,78.014236,1006600
"2015-11-10",77.856674,78.816674,77.446671,78.696671,1447200
"2015-11-11",79.120735,80.040733,78.320732,79.530739,1421100
"2015-11-12",78.364944,79.624946,78.324943,78.364944,1968500
"2015-11-13",78.299156,78.579155,75.989158,76.109161,2113000
"2015-11-16",76.103737,76.983742,75.72374,76.933739,1650600
"2015-11-17",77.159318,77.559312,76.129311,76.469315,1511900
"2015-11-18",76.996773,77.796776,76.346771,77.786774,2577400
"2015-11-19",77.65918,79.619179,77.369179,79.559181,2237400
"2015-11-20",79.960709,83.060708,79.870713,81.710709,3351600
"2015-11-23",81.583908,82.363915,81.353913,81.833908,1798400
"2015-11-24",81.112611,82.842606,80.852608,82.402611,2493500
"2015-11-25",82.711914,83.681915,82.591911,83.141914,2030200
"2015-11-27",83.068695,83.828698,82.8387,83.018692,618900
"2015-11-30",83.423546,84.033547,82.723542,83.293541,2961300
"2015-12-01",83.654404,84.264404,83.174408,84.004402,1700100
"2015-12-02",83.818268,83.818268,82.048272,82.118271,2329600
"2015-12-03",82.498458,82.808456,80.748458,81.388458,2428600
"2015-12-04",81.36512,83.43512,81.18512,83.265121,1427100
"2015-12-07",83.264,83.753998,81.604004,82.014,1853000
"2015-12-08",81.297745,81.497742,79.717743,81.037743,2167100
"2015-12-09",80.495178,82.695174,79.25518,79.995178,3462800
"2015-12-10",79.954125,81.024124,79.824127,80.014122,1657100
"2015-12-11",78.450424,79.230423,77.450424,77.720421,1435600
"2015-12-14",77.872604,78.0326,76.822601,77.862602,1715400
"2015-12-15",78.463265,80.223259,78.433266,79.303261,2224600
"2015-12-16",79.694191,81.47419,79.624191,81.284195,1195900
"2015-12-17",81.154213,81.444214,79.094208,79.10421,1619000
"2015-12-18",78.971619,79.841614,78.291619,79.151619,2996500
"2015-12-21",80.233429,80.873428,78.723427,79.663429,1493600
"2015-12-22",80.179,81.098999,79.499,80.289001,1189600
"2015-12-23",81.533218,83.283218,81.533218,82.573219,2096500
"2015-12-24",82.607826,82.927826,81.977829,82.307823,803200
"2015-12-28",81.900078,82.650078,81.48008,82.630081,659400
"2015-12-29",83.176605,83.486603,82.956604,83.056602,829300
"2015-12-30",82.923492,83.063492,81.793488,82.023491,1030700
"2015-12-31",81.505753,82.225747,81.065751,81.255753,921600
"2016-01-04",80.066574,80.41658,78.516579,79.606575,2195300
"2016-01-05",80.198188,80.428191,76.938186,77.398193,2391500
"2016-01-06",76.061424,76.221428,74.711426,75.341423,4116700
"2016-01-07",73.593673,74.22367,70.813674,71.123672,4654700
"2016-01-08",71.869865,72.649864,69.629867,69.739868,3174800
"2016-01-11",69.881912,72.171913,69.591919,71.881912,3439400
"2016-01-12",73.29837,73.538368,68.668373,71.038368,5933400
"2016-01-13",71.778876,71.888877,66.368873,66.488876,5131800
"2016-01-14",66.59697,66.966965,62.306969,65.796967,7256200
"2016-01-15",63.568733,64.918739,62.238739,63.948738,4742300
"2016-01-19",64.805539,65.425541,63.005536,63.825535,3350300
"2016-01-20",62.750076,63.410072,60.040077,62.290077,5328300
"2016-01-21",62.702438,63.652443,61.53244,61.702438,3768700
"2016-01-22",63.125565,64.215569,61.225571,61.645569,3454300
"2016-01-25",61.475231,61.835231,60.465229,60.925228,2858400
"2016-01-26",61.906155,63.046154,61.536152,62.906155,2650100
"2016-01-27",62.603467,63.483471,62.023472,62.773472,3587200
"2016-01-28",63.762536,64.632538,60.762536,60.792534,2740500
"2016-01-29",60.800789,61.690789,60.110787,61.550789,3313000
"2016-02-01",61.234581,63.184586,61.104584,62.934586,2855700
"2016-02-02",62.391418,62.651413,60.241417,60.631416,2580900
"2016-02-03",61.585521,61.635525,58.345524,59.285522,3920900
"2016-02-04",57.762218,59.292221,53.75222,58.98222,3581700
"2016-02-05",58.628354,59.988354,55.668354,56.328354,4668000
"2016-02-08",55.504647,56.244648,53.164646,54.034645,4391400
"2016-02-09",53.011776,55.301777,52.581776,54.631775,4860200
"2016-02-10",55.102886,56.302887,55.032887,55.882885,4160100
"2016-02-11",54.530102,57.350102,54.330101,55.570103,3486500
"2016-02-12",56.842411,58.53241,56.042412,58.332413,3505000
"2016-02-16",59.373161,60.533161,58.783161,60.123161,4034000
"2016-02-17",60.405941,63.055942,60.265942,62.875942,3309800
"2016-02-18",63.076335,64.046337,61.886333,62.266338,2560700
"2016-02-19",61.976299,62.286296,60.7863,62.066303,2391000
"2016-02-22",62.971673,64.371674,62.561669,62.96167,2784700
"2016-02-23",62.541915,62.881919,61.131919,61.351921,2700600
"2016-02-24",60.456097,60.996094,59.096096,60.666096,3484600
"2016-02-25",60.644138,63.554138,60.404137,63.514137,2881100
"2016-02-26",64.402237,64.862236,63.282234,63.552238,2481100
"2016-02-29",63.544136,64.494141,63.224136,63.514137,2709100
"2016-03-01",64.500137,65.820136,63.820136,65.600143,2601200
"2016-03-02",65.506837,66.146836,65.136842,65.66684,1793900
"2016-03-03",65.789017,67.589012,65.489013,67.429016,2406000
"2016-03-04",67.243858,69.07386,66.603859,68.133858,3877800
"2016-03-07",67.458512,67.848511,66.598511,67.23851,1927100
"2016-03-08",66.576836,66.656838,65.096841,65.66684,2194600
"2016-03-09",66.278763,66.928764,65.538765,65.828766,1826800
"2016-03-10",65.993896,66.143897,63.913902,65.123901,2747800
"2016-03-11",66.123207,67.383209,65.92321,66.943207,2553700
"2016-03-14",66.24366,67.023658,65.85366,66.733658,1398200
"2016-03-15",66.939988,67.679993,65.969986,67.609993,1375600
"2016-03-16",67.344895,69.054901,67.304901,68.714897,2779800
"2016-03-17",68.939317,69.879311,68.399316,69.629311,2659900
"2016-03-18",69.931168,70.08117,68.76117,69.19117,2945900
"2016-03-21",69.124466,69.304466,68.21447,68.924469,1691100
"2016-03-22",68.141739,70.061737,68.141739,69.781738,2086700
"2016-03-23",69.425919,69.665917,68.845917,69.095917,1854100
"2016-03-24",68.413993,69.153991,67.513992,68.933998,2319700
"2016-03-28",69.049209,69.499206,68.669204,68.829208,1121900
"2016-03-29",68.390389,70.460388,68.240387,70.410385,1554800
"2016-03-30",71.063393,72.303391,70.773392,71.353394,2057700
"2016-03-31",71.348175,72.308174,71.068168,71.458168,2012100
"2016-04-01",70.681313,71.171311,68.721314,70.191315,1810300
"2016-04-04",69.937111,70.117111,67.127106,67.46711,3611100
"2016-04-05",66.418556,68.168556,65.258552,67.638557,2166300
"2016-04-06",67.4477,68.287704,66.647705,68.257706,1952700
"2016-04-07",68.179543,69.489548,67.479546,67.819542,3194900
"2016-04-08",68.651032,69.751031,68.07103,68.191025,1651700
"2016-04-11",68.782119,69.792114,68.382118,69.172119,2299800
"2016-04-12",69.574936,69.744934,68.384934,68.914932,2104000
"2016-04-13",69.811706,72.851707,69.671707,72.791702,4166200
"2016-04-14",72.92514,74.035141,71.905144,73.525146,2706500
"2016-04-15",73.471184,73.82119,72.291192,72.601189,3325800
"2016-04-18",73.337418,73.377419,72.337418,72.877419,1603200
"2016-04-19",73.535072,73.765076,72.585075,73.125069,2457100
"2016-04-20",73.451721,73.731728,72.581726,72.991722,1973200
"2016-04-21",73.231636,73.701638,72.281639,72.39164,1629700
"2016-04-22",72.38446,72.564461,71.304459,72.13446,1955200
"2016-04-25",71.779724,72.509728,71.579727,72.429726,1423100
"2016-04-26",72.652854,74.21286,72.522857,74.172859,1602500
"2016-04-27",74.113213,74.343216,72.913216,73.363213,1770000
"2016-04-28",72.43959,72.629592,70.319587,71.429588,1859700
"2016-04-29",71.674156,71.674156,69.734161,70.134155,2170000
"2016-05-02",70.570366,70.570366,69.820366,70.210365,2083000
"2016-05-03",69.465988,70.425988,68.145989,69.695984,2342800
"2016-05-04",69.272232,70.172234,66.322236,66.76223,5090900
"2016-05-05",67.419258,67.779259,66.009262,66.019257,2968900
"2016-05-06",65.844658,67.324654,65.494652,67.114655,1975400
"2016-05-09",66.881202,67.6212,66.8712,66.971199,1168900
"2016-05-10",67.185455,68.345451,66.945457,68.195457,1320600
"2016-05-11",68.31987,68.589875,67.20987,67.219872,1392500
"2016-05-12",67.90644,68.206436,66.466438,66.636436,1328500
"2016-05-13",66.418687,67.178689,65.308686,65.488686,1627200
"2016-05-16",65.7239,65.993904,64.983902,65.593903,1867200
"2016-05-17",65.210067,65.410072,63.770072,64.140068,2991700
"2016-05-18",63.929199,65.1492,63.499198,64.379196,2714100
"2016-05-19",64.132324,64.562324,62.752327,62.992325,2221200
"2016-05-20",63.293141,64.223141,63.063145,63.853146,1696200
"2016-05-23",63.707527,64.027535,63.217529,63.317528,846200
"2016-05-24",63.666549,65.326553,63.38655,65.09655,2437000
"2016-05-25",65.479156,66.12915,64.979156,65.039154,1869800
"2016-05-26",65.004433,65.434434,63.614434,64.264435,1991700
"2016-05-27",64.098732,64.888725,64.048729,64.828728,1297700
"2016-05-31",65.060891,65.490891,64.650895,65.000893,2581000
"2016-06-01",64.300071,64.470069,62.960067,64.140068,2075800
"2016-06-02",64.04435,65.40435,63.774353,65.364349,2233600
"2016-06-03",65.009643,65.52964,63.229645,64.149643,1757600
"2016-06-06",64.349617,64.799614,63.659614,64.589615,1888000
"2016-06-07",63.854355,65.574356,63.854355,65.364349,1556600
"2016-06-08",65.753868,66.343864,65.423866,66.033867,1663600
"2016-06-09",65.378662,66.048668,64.948662,65.928665,1282200
"2016-06-10",65.228325,65.538322,64.20832,64.398323,1339300
"2016-06-13",63.95971,64.249711,63.049706,63.049706,1436400
"2016-06-14",62.673251,63.253245,61.763247,62.313251,1492000
"2016-06-15",62.562763,63.932766,62.252766,62.982761,1452700
"2016-06-16",62.295787,63.425785,61.305789,63.355785,1658000
"2016-06-17",63.286205,64.416203,63.116207,63.566204,2784200
"2016-06-20",65.32557,66.965569,65.32557,66.655571,3774400
"2016-06-21",66.538216,66.86821,65.478211,66.158211,2569500
"2016-06-22",66.674301,67.074303,65.844299,66.0243,1714000
"2016-06-23",66.911148,67.651153,66.561149,67.631149,1738000
"2016-06-24",63.977355,64.177352,59.207355,59.367355,6218000
"2016-06-27",58.648419,58.768418,55.468419,56.488419,4629900
"2016-06-28",57.53614,59.10614,57.116138,58.076141,3401200
"2016-06-29",58.737747,60.177746,58.397747,60.017746,3528600
"2016-06-30",60.274277,60.884278,59.364277,59.874275,3170400
"2016-07-01",60.719868,62.209869,60.199867,60.849865,3114200
"2016-07-05",60.259216,60.259216,57.269214,57.569214,2114600
"2016-07-06",57.747426,58.477425,56.317425,58.267422,1996700
"2016-07-07",58.37036,60.150363,58.330363,59.960361,3121100
"2016-07-08",60.756322,62.306317,60.736321,62.026318,2435900
"2016-07-11",62.540199,63.780205,62.320206,62.380203,2079500
"2016-07-12",63.187061,64.177067,63.157063,63.767063,2237600
"2016-07-13",63.792686,64.102684,62.622688,64.082687,2766600
"2016-07-14",65.075295,65.205292,64.225297,64.245293,1616900
"2016-07-15",64.329643,64.859642,63.919639,64.149643,1629700
"2016-07-18",63.318764,64.73877,63.318764,64.168762,1332100
"2016-07-19",63.654011,64.124012,63.234012,63.834011,1285000
"2016-07-20",63.807839,65.497841,63.727837,65.287842,1495900
"2016-07-21",65.556069,66.516068,65.426064,65.766068,1898400
"2016-07-22",65.693466,65.71347,64.563469,65.383469,1749600
"2016-07-25",65.47435,65.584351,65.054352,65.364349,1404400
"2016-07-26",65.527755,66.427749,65.357749,66.387756,1609100
"2016-07-27",66.905166,67.365165,65.915168,66.225166,1728800
"2016-07-28",64.083519,64.963524,62.513519,64.723518,3673200
"2016-07-29",64.686996,65.406998,64.366997,64.866997,2612400
"2016-08-01",64.837883,65.257881,64.407883,64.847885,2089200
"2016-08-02",64.415851,64.545848,62.275852,62.475849,3435900
"2016-08-03",60.71114,63.041142,59.581139,61.261143,5011200
"2016-08-04",61.615524,61.78553,60.675526,60.725529,3090400
"2016-08-05",61.114922,63.644921,61.014924,63.374924,2815200
"2016-08-08",63.576329,64.296322,63.056324,63.096325,1520000
"2016-08-09",63.180648,63.740646,62.840644,62.990646,1290900
"2016-08-10",63.125992,63.36599,62.515992,62.61599,1207600
"2016-08-11",63.149311,63.35931,62.769306,62.779308,1316200
"2016-08-12",62.553192,62.553192,61.173191,61.463192,1852800
"2016-08-15",61.571716,62.351715,61.041713,62.231712,2284900
"2016-08-16",62.051559,62.531563,61.561561,61.991562,1466000
"2016-08-17",62.285041,62.495048,61.925048,62.395042,2257600
"2016-08-18",62.460323,62.930324,62.080325,62.510326,1558500
"2016-08-19",62.190879,62.840881,62.140876,62.740875,2439500
"2016-08-22",62.630714,62.690712,62.11071,62.50071,1235100
"2016-08-23",64.830574,65.360573,63.750572,65.190575,3040500
"2016-08-24",65.449493,66.419494,65.419494,65.949493,4486600
"2016-08-25",65.409492,66.239493,64.619491,65.949493,2913300
"2016-08-26",66.011337,67.021339,65.88134,66.88134,3173400
"2016-08-29",66.73333,68.053329,66.303329,68.053329,3248600
"2016-08-30",68.090263,68.710265,67.460265,67.640266,2490100
"2016-08-31",67.41043,69.270431,67.080429,67.880432,2887500
"2016-09-01",68.244591,69.364586,67.074585,67.534592,3334500
"2016-09-02",67.999702,68.099701,67.159698,67.409698,1990900
"2016-09-06",68.127892,68.247887,67.057892,67.697891,2290800
"2016-09-07",67.714981,67.974976,67.094979,67.524979,1634100
"2016-09-08",67.250039,68.020043,67.180039,67.890038,1618600
"2016-09-09",67.254661,67.814659,65.254661,65.334663,4622300
"2016-09-12",64.394936,66.624931,64.044937,66.304932,4150800
"2016-09-13",65.457985,66.137986,64.657982,65.497986,2192900
"2016-09-14",65.097741,66.297738,64.98774,65.747742,3131500
"2016-09-15",66.101395,66.591393,65.401398,66.391396,1642100
"2016-09-16",65.905441,67.235442,65.395438,67.025436,2724500
"2016-09-19",67.673309,68.263305,66.753303,66.833305,1474600
"2016-09-20",67.161629,67.291626,65.751625,66.141624,1705000
"2016-09-21",66.685272,67.065277,65.895271,66.785271,1918600
"2016-09-22",67.63733,68.107331,67.327324,67.467331,1791200
"2016-09-23",67.185661,67.335663,66.675667,66.775665,1088500
"2016-09-26",66.425171,66.625176,65.965172,66.055176,1939700
"2016-09-27",65.799331,66.099334,65.159331,65.709335,2777600
"2016-09-28",65.911606,67.921601,65.761605,67.851601,2609700
"2016-09-29",67.538979,68.278977,66.728981,66.93898,1741000
"2016-09-30",67.244461,69.034454,66.574455,68.514458,2476600
"2016-10-03",68.348397,69.088394,68.248398,68.418396,1548700
"2016-10-04",68.628464,68.878464,67.518463,67.928459,1334800
"2016-10-05",68.15676,69.116759,67.966758,68.946754,1535500
"2016-10-06",68.775871,68.775871,67.48587,68.23587,1257700
"2016-10-07",68.271675,68.341674,66.931678,67.361679,1294200
"2016-10-10",67.817948,68.39795,67.167946,67.207947,848600
"2016-10-11",67.062942,67.222938,64.842941,65.132942,1683400
"2016-10-12",65.328034,65.448037,64.888039,65.008034,1113300
"2016-10-13",64.227272,64.457275,62.207275,63.317276,2511600
"2016-10-14",63.884132,64.744125,63.214127,63.394127,2364100
"2016-10-17",63.317215,64.227211,63.247216,63.807213,2886800
"2016-10-18",64.56808,64.56808,61.478084,61.588085,3404000
"2016-10-19",61.84797,62.977967,61.637963,62.567963,2734000
"2016-10-20",62.595886,62.595886,61.405888,61.885887,1694200
"2016-10-21",61.285553,61.565556,60.565556,61.405552,2668600
"2016-10-24",62.203365,62.403362,61.663364,61.703365,1579600
"2016-10-25",61.542694,61.642692,59.982696,60.742695,2095300
"2016-10-26",60.54179,62.821788,60.15179,61.741787,2975300
"2016-10-27",61.834713,61.974712,60.504711,61.914707,2081600
"2016-10-28",61.944481,62.854485,61.744484,62.164482,1712500
"2016-10-31",62.360324,63.150325,61.860324,62.510326,2113800
"2016-11-01",62.745213,63.615215,62.245213,62.635212,3339700
"2016-11-02",62.635803,65.345802,61.865799,64.0858,3598200
"2016-11-03",64.090359,65.470364,63.620365,63.730358,2111900
"2016-11-04",63.513832,64.813835,62.82383,64.133835,1932700
"2016-11-07",65.25965,66.729652,65.25965,66.71965,2401300
"2016-11-08",66.335914,67.895912,65.635909,67.645912,2666200
"2016-11-09",64.195122,65.61512,61.255123,63.275124,7635500
"2016-11-10",63.413834,65.623833,63.403832,64.133835,4223700
"2016-11-11",63.707425,64.177426,62.777425,62.937428,4682700
"2016-11-14",63.350677,64.980675,63.350677,64.220673,3586200
"2016-11-15",64.283302,65.193306,63.983307,64.423302,2730300
"2016-11-16",64.171371,64.261367,63.031372,64.20137,2626400
"2016-11-17",64.078308,65.748306,63.108307,65.65831,1993600
"2016-11-18",65.803376,66.613381,65.703377,65.793381,2067600
"2016-11-21",66.176514,66.876519,65.84652,66.256516,1816200
"2016-11-22",65.485909,65.52591,61.145913,64.625916,3493800
"2016-11-23",64.373099,65.393096,64.113097,64.703094,1598000
"2016-11-25",65.096939,65.77694,64.946938,65.146935,534700
"2016-11-28",65.169109,65.579113,63.949108,63.989109,1825200
"2016-11-29",60.610336,62.000339,58.270336,61.210335,6130300
"2016-11-30",62.000652,63.710651,61.650654,61.750652,3773600
"2016-12-01",62.32336,63.513363,61.793361,63.32336,2540400
"2016-12-02",63.290493,63.630497,61.370495,61.480495,2332800
"2016-12-05",62.21944,62.659443,61.21944,61.509441,3009800
"2016-12-06",61.384572,63.64457,61.204571,63.564568,2157300
"2016-12-07",63.737121,68.827125,63.277122,67.887123,5349900
"2016-12-08",67.852326,69.442322,67.322327,68.842323,2666000
"2016-12-09",68.606354,69.086349,67.966354,69.006348,1400500
"2016-12-12",69.071564,69.071564,66.851563,66.941559,1802600
"2016-12-13",67.148369,68.288368,66.418365,67.578369,1730600
"2016-12-14",66.331947,68.06195,66.111946,66.38195,2806900
"2016-12-15",66.273155,67.663154,66.073158,66.623161,1353000
"2016-12-16",67.066552,67.406556,65.576554,65.706551,2279500
"2016-12-19",65.431313,65.761314,64.721313,65.301315,2150300
"2016-12-20",65.875366,66.045372,64.745369,64.915367,1913700
"2016-12-21",65.438241,67.138238,65.088235,66.75824,2106400
"2016-12-22",66.206436,66.416435,64.826438,64.886436,1465400
"2016-12-23",64.827103,65.877106,64.767106,65.417107,1286800
"2016-12-27",65.257973,66.13797,65.257973,65.667969,1136400
"2016-12-28",66.344314,66.524314,64.894317,64.944313,1024400
"2016-12-29",64.932556,65.552551,64.702553,64.992554,806800
"2016-12-30",65.44291,65.742913,64.402909,64.98291,1321900
"2017-01-03",65.466232,66.276238,64.246239,65.166237,2064100
"2017-01-04",65.238365,67.748367,65.208366,67.578369,2476500
"2017-01-05",67.493484,67.523483,66.493484,67.163483,1989200
"2017-01-06",67.498947,67.498947,66.68895,66.738945,1424400
"2017-01-09",66.857971,66.99797,65.617973,65.667969,2507400
"2017-01-10",66.093247,68.463249,65.793244,67.993248,2725400
"2017-01-11",67.445656,69.03566,67.305657,69.025658,3085900
"2017-01-12",69.042526,69.242523,67.372528,68.562523,1652500
"2017-01-13",68.482483,69.302483,68.36248,69.11248,1466500
"2017-01-17",68.980378,70.090379,68.950379,69.17038,1960600
"2017-01-18",69.157051,69.68705,68.167053,68.987053,1763000
"2017-01-19",69.469139,70.07914,69.099136,69.479141,1864400
"2017-01-20",69.376587,69.566589,67.806587,68.17659,2079400
"2017-01-23",67.977317,67.997314,67.067314,67.607315,1818600
"2017-01-24",68.218811,69.24881,67.808808,68.938805,2558200
"2017-01-25",69.601333,70.901336,69.321335,70.791336,1970000
"2017-01-26",70.284401,71.364402,69.054405,69.334404,2068300
"2017-01-27",69.524971,70.004974,68.074974,68.494972,2386100
"2017-01-30",68.470314,68.520317,66.900314,67.250313,2316400
"2017-01-31",67.097672,67.657677,66.577675,67.597672,2787700
"2017-02-01",68.074631,68.78463,67.504631,68.504631,2032500
"2017-02-02",71.5373,71.807296,70.267296,71.2173,5061800
"2017-02-03",71.740135,72.220131,70.710136,71.440132,2064000
"2017-02-06",71.380447,71.690445,70.650444,71.43045,1473400
"2017-02-07",71.418586,71.908584,71.248581,71.798584,2314200
"2017-02-08",71.633888,71.763886,71.133888,71.633888,1648900
"2017-02-09",71.639511,72.009507,71.129509,71.459511,1893600
"2017-02-10",71.65203,72.312026,71.162032,72.002029,1674100
"2017-02-13",72.209648,73.709648,72.209648,73.629646,2303200
"2017-02-14",73.310882,74.040886,73.210884,73.590881,1817000
"2017-02-15",72.881843,74.08184,72.841842,73.871841,1320800
"2017-02-16",73.733971,73.963967,72.483971,72.87397,1508100
"2017-02-17",72.256485,73.23648,72.256485,73.106483,1479900
"2017-02-21",73.164635,74.244637,73.054634,73.474632,1423800
"2017-02-22",73.035279,74.125275,72.805275,73.765274,2305400
"2017-02-23",73.680283,74.670281,73.420281,73.610283,2061200
"2017-02-24",73.038117,74.568116,72.258119,74.298119,2683900
"2017-02-27",74.092209,75.052208,73.752213,74.792206,1761100
"2017-02-28",74.70559,74.95559,73.405587,73.755585,1939000
"2017-03-01",74.735626,75.725632,74.285629,74.375626,2419200
"2017-03-02",74.11628,75.426277,73.636284,74.97628,1918500
"2017-03-03",74.862839,75.202843,74.252846,74.772842,1256500
"2017-03-06",74.192132,74.442132,72.97213,73.552132,1555900
"2017-03-07",73.910569,73.910569,72.95057,73.600571,1248500
"2017-03-08",73.729989,74.469987,73.369988,74.239983,1106200
"2017-03-09",74.210586,74.390587,73.580589,73.910591,1023700
"2017-03-10",74.595642,75.345642,74.305641,74.685638,1359300
"2017-03-13",76.358651,77.938652,76.06865,77.698647,4101500
"2017-03-14",77.173691,79.273697,76.833695,78.473694,2752600
"2017-03-15",78.473457,80.193458,78.473457,79.723457,2801500
"2017-03-16",80.654083,80.664085,78.864082,79.704079,2178600
"2017-03-17",79.9272,79.9272,78.207199,79.297195,2181700
"2017-03-20",79.349952,79.469955,78.289955,78.589958,1657700
"2017-03-21",79.062278,79.302276,75.582275,75.722282,2390200
"2017-03-22",75.774506,76.704507,74.684502,76.274506,2964700
"2017-03-23",76.058556,76.588555,75.568551,76.148552,1501100
"2017-03-24",76.339187,77.119186,76.019187,76.439186,1580400
"2017-03-27",75.682038,77.052033,74.922036,76.972031,1548000
"2017-03-28",76.983025,78.61303,76.713028,77.873024,1264400
"2017-03-29",78.069603,78.499603,77.489601,77.979599,780700
"2017-03-30",77.893692,78.523697,77.56369,78.473694,999500
"2017-03-31",78.319603,78.639603,77.819603,77.979599,1737500
"2017-04-03",78.289467,78.379464,74.389466,75.809464,2432900
"2017-04-04",75.390282,75.63028,73.500283,73.610283,3037500
"2017-04-05",74.298019,75.458023,72.72802,72.748016,2510800
"2017-04-06",72.657089,73.327087,72.257087,72.777092,2094300
"2017-04-07",72.726464,72.99646,71.756462,72.796463,1537600
"2017-04-10",72.784309,73.854309,72.754311,73.174309,1099100
"2017-04-11",73.163643,73.513641,71.773644,72.573647,1911800
"2017-04-12",72.593285,72.813278,71.773277,71.96328,2812000
"2017-04-13",71.949814,72.479813,71.439812,71.449814,1150900
"2017-04-17",71.479874,72.379875,71.409874,72.379875,1349200
"2017-04-18",71.881104,72.211106,71.141106,72.031105,1214500
"2017-04-19",72.699295,73.49929,72.409294,73.019295,1440600
"2017-04-20",73.680382,75.680382,73.680382,75.470383,2289200
"2017-04-21",75.210922,75.330925,74.210922,74.210922,1532200
"2017-04-24",75.388283,77.26828,75.308281,76.778282,2619200
"2017-04-25",77.95298,78.262978,76.642983,76.942978,2045700
"2017-04-26",76.76828,77.918281,75.598282,76.778282,2178800
"2017-04-27",77.816124,77.896125,76.756126,77.466125,1718400
"2017-04-28",77.532417,77.982414,76.632415,77.892418,1610100
"2017-05-01",77.914887,78.394882,77.294884,77.504883,1345300
"2017-05-02",77.603233,77.963234,74.793228,76.003227,2939000
"2017-05-03",81.936257,85.636253,81.306252,84.296257,11839700
"2017-05-04",84.153496,86.833496,84.033493,85.313492,4433300
"2017-05-05",85.464737,85.614738,84.344742,84.964737,3122900
"2017-05-08",84.934738,85.794739,84.494743,84.964745,2499500
"2017-05-09",85.160674,86.250678,84.820678,85.800674,1962800
"2017-05-10",85.914933,86.094933,84.844933,85.304932,1662400
"2017-05-11",85.149841,85.459838,84.129837,84.439842,2676900
"2017-05-12",84.374878,84.854874,83.864876,84.264877,2225600
"2017-05-15",84.514602,85.0046,84.054603,84.274597,1919200
"2017-05-16",84.854522,85.184524,84.09452,84.624519,2304400
"2017-05-17",84.676552,84.716552,82.676552,82.816551,2427000
"2017-05-18",82.518525,83.128525,81.148522,82.74852,2462600
"2017-05-19",83.206978,83.926979,82.836975,83.496979,1709500
"2017-05-22",83.963418,85.023415,83.693413,84.663414,1729900
"2017-05-23",84.642975,84.942978,83.872978,83.982979,1150000
"2017-05-24",84.009903,84.149903,83.399903,84.089905,1232300
"2017-05-25",84.326546,85.576546,83.456543,84.206543,1130800
"2017-05-26",84.422203,85.542198,83.942199,85.0522,1007200
"2017-05-30",84.727387,85.057388,84.177383,84.177383,1235500
"2017-05-31",84.199067,85.699067,83.709061,85.509064,2235800
"2017-06-01",86.345207,87.435211,85.53521,86.685211,2556400
"2017-06-02",86.92913,87.239135,86.10913,86.549133,2318800
"2017-06-05",86.484597,86.5346,85.244599,85.664597,1648200
"2017-06-06",85.47445,86.704453,84.854447,86.364449,1817600
"2017-06-07",86.382629,87.582634,85.332634,85.732628,1525100
"2017-06-08",85.793342,85.793342,83.433341,83.623344,3022000
"2017-06-09",83.762849,84.432847,82.952843,83.292847,1980800
"2017-06-12",83.247665,83.567665,82.007667,82.777672,1923000
"2017-06-13",83.386826,84.206825,82.40683,84.196831,1825400
"2017-06-14",84.536133,84.676133,83.356133,83.526131,912800
"2017-06-15",83.546684,84.066688,82.836685,83.506691,1270100
"2017-06-16",83.201874,83.491875,81.821869,82.631874,2363400
"2017-06-19",82.810196,84.200196,82.640191,84.080193,1557400
"2017-06-20",83.581168,83.851165,81.821166,81.961166,1619500
"2017-06-21",83.599502,83.9095,82.9495,83.4095,1227500
"2017-06-22",83.251175,83.691169,82.531173,83.351173,1080200
"2017-06-23",83.383346,84.163345,82.923347,83.623344,1136000
"2017-06-26",83.60907,84.649071,83.569069,84.119072,1141200
"2017-06-27",83.250473,84.350472,83.250473,84.070473,3245600
"2017-06-28",84.595917,85.185921,84.085915,84.57592,1764000
"2017-06-29",84.522156,84.892152,83.112153,84.012154,1486300
"2017-06-30",84.668022,85.638015,84.508018,85.198021,1602700
"2017-07-03",85.823822,86.723823,85.263824,85.343826,676800
"2017-07-05",85.331024,85.681022,84.31102,85.441025,1479500
"2017-07-06",85.083756,85.593751,84.043755,84.303757,1167800
"2017-07-07",84.3069,86.846893,84.076897,86.6269,1646600
"2017-07-10",86.626251,88.606255,86.376251,88.386253,1954900
"2017-07-11",88.352767,89.892768,87.502769,89.202766,2122400
"2017-07-12",89.639549,90.839546,89.639549,90.009544,1911500
"2017-07-13",90.032478,90.652481,89.042481,89.212479,1898400
"2017-07-14",89.292282,89.352288,88.03228,88.872284,1957400
"2017-07-17",89.108292,89.628289,88.498292,89.358292,1441300
"2017-07-18",89.437233,89.547234,88.377235,89.047234,1289200
"2017-07-19",89.191422,90.351418,88.831421,90.29142,1435900
"2017-07-20",90.795564,90.825562,89.845559,90.49556,1411300
"2017-07-21",89.096252,89.186256,87.266251,88.386253,1733400
"2017-07-24",88.358284,88.658287,87.748284,87.968285,2066200
"2017-07-25",88.83625,88.83625,87.966255,88.386253,1709800
"2017-07-26",88.133537,88.893539,87.353538,88.133537,1788300
"2017-07-27",88.488015,88.748017,87.15802,87.97802,1551100
"2017-07-28",87.723671,88.00367,87.18367,87.43367,1317300
"2017-07-31",87.920525,88.590531,87.350525,87.890526,2003100
"2017-08-01",88.21704,88.257034,86.067039,87.317039,2474500
"2017-08-02",84.573746,88.523743,84.40374,88.47374,2681600
"2017-08-03",88.642273,91.022278,88.602272,90.262276,2786100
"2017-08-04",90.593033,90.833038,89.883034,90.583038,1441600
"2017-08-07",90.758827,91.44883,89.998833,91.138832,1640200
"2017-08-08",90.977608,92.287605,90.897606,91.577606,1468400
"2017-08-09",91.10553,91.895531,89.965531,90.485535,1703000
"2017-08-10",89.926666,90.226669,88.456672,88.876671,2325600
"2017-08-11",89.147004,90.24701,88.767007,90.037003,1482900
"2017-08-14",90.978325,91.458328,90.748329,91.158325,989000
"2017-08-15",91.212067,91.572068,90.482064,91.012062,1044900
"2017-08-16",91.593102,92.093102,91.413102,91.753098,1226000
"2017-08-17",91.165001,91.654999,90.114998,90.114998,1921700
"2017-08-18",89.838737,90.368736,89.158737,89.968735,1566500
"2017-08-21",90.212784,90.882782,89.682785,90.592789,895300
"2017-08-22",90.651116,92.261117,90.651116,91.831116,983200
"2017-08-23",91.190865,92.190865,91.040863,91.840866,830600
"2017-08-24",92.172386,92.802391,91.682388,92.172386,1277500
"2017-08-25",93.089119,93.089119,91.819115,91.909119,855900
"2017-08-28",92.163376,92.473381,91.593376,92.133377,972700
"2017-08-29",91.429116,92.12912,91.239113,91.909119,873800
"2017-08-30",91.929428,92.709427,91.649422,92.679428,816800
"2017-08-31",93.165748,94.265746,92.85575,93.99575,1721600
"2017-09-01",94.155319,95.565323,94.095322,95.185326,1054400
"2017-09-05",95.091011,95.861008,93.991013,94.181007,1304200
"2017-09-06",94.797524,95.057526,93.887528,94.317528,1320300
"2017-09-07",94.514022,94.704025,93.714019,94.454025,1301900
"2017-09-08",94.459259,94.759254,93.399254,94.24926,1256800
"2017-09-11",94.89856,95.548561,94.368561,95.058556,1384300
"2017-09-12",95.441078,95.631081,94.95108,95.351082,1459000
"2017-09-13",95.356087,95.866082,94.996086,95.546082,1097200
"2017-09-14",95.628579,96.388581,94.828576,95.448578,1819400
"2017-09-15",95.411225,98.001221,95.411225,97.691223,2184300
"2017-09-18",97.911743,98.321747,97.251747,98.061745,1363000
"2017-09-19",98.323501,98.763504,97.473503,98.383507,1521900
"2017-09-20",98.617271,99.047272,97.757271,98.627274,1150000
"2017-09-21",98.89003,98.89003,98.050026,98.520027,1052900
"2017-09-22",98.466629,100.386627,98.36663,100.216629,1358800
"2017-09-25",100.179924,101.079926,99.819924,100.869919,2165200
"2017-09-26",100.928398,101.518394,100.228401,100.538399,2272000
"2017-09-27",101.276382,101.506385,95.816383,96.316383,4892100
"2017-09-28",96.052315,96.902313,94.102318,95.302315,3977000
"2017-09-29",95.285858,96.855858,95.175857,95.945862,2339200
"2017-10-02",95.93721,97.457207,95.517212,97.457207,1512300
"2017-10-03",98.015434,98.645431,96.915436,97.135437,1646900
"2017-10-04",97.058342,99.758339,97.058342,99.758339,1682000
"2017-10-05",100.098343,100.378341,98.83834,99.758339,1851200
"2017-10-06",99.444725,99.624725,97.854729,97.944725,1375000
"2017-10-09",98.022972,98.492973,97.372978,97.622978,949200
"2017-10-10",96.180374,96.880371,94.910378,96.160378,2015300
"2017-10-11",95.934662,97.484657,95.124656,96.774658,2190400
"2017-10-12",95.343346,95.893341,95.023346,95.653343,1935000
"2017-10-13",96.13881,96.488808,94.948807,95.048813,1257800
"2017-10-16",95.556336,95.566338,94.236336,95.536339,2073800
"2017-10-17",95.574791,95.674789,94.364792,94.814789,1590700
"2017-10-18",95.012566,95.412567,94.482567,95.292572,1417500
"2017-10-19",94.804818,95.334817,93.394822,95.204819,1241200
"2017-10-20",95.824769,96.164773,94.254769,94.424767,1637500
"2017-10-23",95.011566,96.121567,94.661567,95.331566,976800
"2017-10-24",95.709114,96.399108,95.359108,95.819107,1095400
"2017-10-25",95.550811,95.870811,94.40081,94.97081,1141400
"2017-10-26",95.829155,97.029152,95.429154,96.599152,1128200
"2017-10-27",96.587632,96.607629,94.937631,96.267632,1572700
"2017-10-30",95.789604,95.949608,94.989608,95.799606,1155200
"2017-10-31",95.821434,97.021431,95.681435,96.901428,1322300
"2017-11-01",98.021431,98.651428,96.611427,96.901428,1851600
"2017-11-02",96.573158,97.423157,93.763153,96.833153,3081100
"2017-11-03",96.753525,96.803528,94.223526,94.473526,2475800
"2017-11-06",94.864044,95.514045,93.994041,94.84404,1455600
"2017-11-07",95.137879,95.737877,94.727883,95.117882,1178400
"2017-11-08",94.387925,95.127923,93.89792,94.227921,1195800
"2017-11-09",93.614883,94.154884,92.45488,93.474884,1209900
"2017-11-10",93.391274,94.281273,92.981278,93.191277,1910500
"2017-11-13",92.875099,93.845093,92.565094,93.465096,2211300
"2017-11-14",95.801147,98.081146,95.801147,98.081146,3539700
"2017-11-15",97.118057,97.728057,95.388061,95.998062,2265000
"2017-11-16",96.56427,97.584267,96.344269,97.054268,1169900
"2017-11-17",96.74617,97.106171,95.49617,96.526169,1540300
"2017-11-20",99.750405,100.740403,99.060403,99.890404,2981200
"2017-11-21",36.887756,50.887756,36.887756,49.387756,289800
"2017-11-22",48.366916,50.856918,47.856918,50.75692,331900
"2017-11-24",50.855159,52.255161,49.925159,50.835159,60700
"2017-11-27",51.704715,55.604717,47.854717,50.854717,81100
"2017-11-28",52.393478,52.393478,47.913478,49.13348,48900
"2017-11-29",48.994357,49.394359,48.194358,49.09436,31700
"2017-11-30",49.358761,49.358761,48.398762,48.898762,34200
"2017-12-01",48.854934,53.464935,48.854934,50.844936,101900
"2017-12-04",49.400706,50.870708,48.880706,49.700706,109600
"2017-12-05",50.295609,56.005608,48.765606,55.255608,24670300
"2017-12-06",54.637802,55.417801,52.477798,52.937801,6315800
"2017-12-07",52.944672,53.244671,50.88467,51.744671,4023000
"2017-12-08",50.94674,52.206742,49.60674,49.87674,7325200
"2017-12-11",49.593041,49.98304,48.89304,49.153038,4629900
"2017-12-12",48.873791,50.413788,48.473789,49.563789,4548500
"2017-12-13",49.508671,50.328671,48.308675,48.458672,3815000
"2017-12-14",48.150792,48.760792,46.02079,47.920792,4819300
"2017-12-15",47.987843,50.307842,47.882843,49.827843,4276100
"2017-12-18",50.580268,52.340266,50.41027,51.940269,1903000
"2017-12-19",53.942429,54.822426,52.022427,52.732426,2370700
"2017-12-20",52.74723,53.60723,52.42723,53.40723,1166700
"2017-12-21",54.071899,54.071899,51.961898,52.311901,1394600
"2017-12-22",52.063786,52.423786,51.333786,51.783787,1142000
"2017-12-26",51.792294,52.062294,50.932297,50.962296,652900
"2017-12-27",50.832695,52.342693,50.422695,51.832695,881000
"2017-12-28",52.044449,52.074452,51.464451,51.754448,527800
"2017-12-29",51.914361,52.154362,51.314362,51.314362,421100
"2018-01-02",51.788418,53.988419,51.608418,53.798416,1134300
"2018-01-03",53.911323,54.616325,52.541325,52.781326,1471900
"2018-01-04",53.047592,55.677589,52.857589,55.167591,1217800
"2018-01-05",55.256038,56.596038,53.466037,55.236038,2419500
"2018-01-08",55.499921,55.499921,54.31992,54.619919,758600
"2018-01-09",54.936749,58.326748,54.936749,56.536751,2156100
"2018-01-10",56.449703,57.679703,53.859703,54.629704,1477700
"2018-01-11",54.725873,56.625875,54.595872,56.575871,1098800
"2018-01-12",56.750412,58.250412,56.700409,58.15041,2068400
"2018-01-16",58.468731,59.118728,56.158729,56.44873,1669900
"2018-01-17",56.885479,58.69548,55.345482,57.92548,844700
"2018-01-18",58.228871,58.508869,55.768868,55.998867,988200
"2018-01-19",56.434502,56.434502,55.154504,55.304501,1441200
"2018-01-22",55.401466,55.471466,53.831466,54.551464,734700
"2018-01-23",54.445953,55.115951,54.205952,54.795952,813600
"2018-01-24",55.351986,55.831986,54.631985,54.971985,1608300
"2018-01-25",55.158077,55.498077,53.328075,54.258076,921500
"2018-01-26",54.785953,55.105953,54.325954,54.795952,1006900
"2018-01-29",55.010277,56.465279,54.660278,56.38028,1326400
"2018-01-30",55.603618,56.903622,55.283619,55.34362,1117700
"2018-01-31",55.903572,57.453571,53.383571,54.013573,1924200
"2018-02-01",53.791019,55.321018,53.781017,54.571018,1066100
"2018-02-02",54.811172,54.921173,53.371174,53.481174,896700
"2018-02-05",53.280986,54.115985,50.720985,50.880985,784600
"2018-02-06",50.323387,52.876385,49.783386,52.683388,1134900
"2018-02-07",52.65464,53.954639,52.15464,53.254639,636500
"2018-02-08",52.856907,53.20691,50.266907,51.146908,794600
"2018-02-09",51.423294,51.893295,49.473293,51.383293,1096300
"2018-02-12",51.902641,52.222641,50.552643,50.77264,551800
"2018-02-13",50.335002,50.575004,49.505004,49.965004,366600
"2018-02-14",49.326709,50.656711,48.75671,50.50671,879100
