"","NAVI.Open","NAVI.High","NAVI.Low","NAVI.Close","NAVI.Volume","NAVI.Adjusted"
"2014-04-17",15,17.379999,15,16.99,951100,13.419044
"2014-04-21",16.969999,17.370001,16.33,16.82,444300,13.28477
"2014-04-22",16.629999,17,16.629999,16.799999,576700,13.268974
"2014-04-23",16.809999,16.85,16.709999,16.780001,1608900,13.253181
"2014-04-24",16.85,16.860001,16.450001,16.629999,368900,13.134706
"2014-04-25",16.9,16.92,16.32,16.889999,1086500,13.340057
"2014-04-28",16.93,16.93,16.379999,16.67,1187900,13.166298
"2014-04-29",16.620001,16.879999,16.450001,16.68,648500,13.174197
"2014-04-30",16.700001,16.700001,16.360001,16.549999,26746200,13.07152
"2014-05-01",16.120001,17.360001,16.120001,17,3650100,13.426939
"2014-05-02",17.01,17.299999,16.870001,16.950001,2995000,13.387449
"2014-05-05",16.93,17.26,16.530001,16.809999,3978400,13.276872
"2014-05-06",16.690001,16.799999,16.25,16.34,14309200,12.905658
"2014-05-07",16.360001,16.610001,16.26,16.6,5692900,13.111012
"2014-05-08",16.5,16.639999,16.35,16.450001,5668200,12.992537
"2014-05-09",16.299999,16.51,16.030001,16.280001,2797000,12.85827
"2014-05-12",16.280001,16.549999,15.775,15.95,6980100,12.597629
"2014-05-13",15.78,16.129999,15.78,15.85,8292000,12.518646
"2014-05-14",15.77,16.040001,15.5,15.74,4577500,12.431767
"2014-05-15",15.66,16,15.59,15.74,4919000,12.431767
"2014-05-16",15.66,15.95,15.66,15.86,2786900,12.526545
"2014-05-19",15.76,16.040001,15.664,16.02,4532400,12.652915
"2014-05-20",16.1,16.165001,15.82,15.94,9754800,12.589729
"2014-05-21",15.93,16.129999,15.82,15.93,1743600,12.581832
"2014-05-22",15.84,16.040001,15.8,15.97,2128900,12.613424
"2014-05-23",16,16.129999,15.97,16.07,2826400,12.692408
"2014-05-27",16.09,16.34,15.79,15.98,1726900,12.621322
"2014-05-28",16.02,16.049999,15.665,15.68,4219100,12.384377
"2014-05-29",15.73,15.82,15.53,15.68,3463400,12.384377
"2014-05-30",15.63,15.91,15.63,15.8,5261300,12.479157
"2014-06-02",15.84,15.94,15.79,15.81,2986800,12.487054
"2014-06-03",16.6,16.6,15.74,15.83,3483500,12.502851
"2014-06-04",15.6,15.96,15.58,15.89,3231500,12.6703
"2014-06-05",16.030001,16.68,15.9,16.67,4582400,13.29225
"2014-06-06",16.76,16.950001,16.610001,16.67,1622700,13.29225
"2014-06-09",16.610001,16.809999,16.370001,16.809999,3169300,13.403883
"2014-06-10",16.719999,17,16.700001,16.799999,3441800,13.39591
"2014-06-11",16.73,16.969999,16.73,16.879999,1857100,13.459702
"2014-06-12",16.809999,17,16.68,16.74,2336400,13.348069
"2014-06-13",16.719999,16.860001,16.549999,16.67,1485600,13.29225
"2014-06-16",16.66,16.889999,16.6,16.780001,804900,13.379965
"2014-06-17",16.690001,16.959999,16.639999,16.84,1268800,13.427807
"2014-06-18",16.76,17.120001,16.690001,17.059999,2268100,13.60323
"2014-06-19",17.01,17.32,16.725,17.190001,3754000,13.706888
"2014-06-20",17.280001,17.530001,17.15,17.459999,3907900,13.92218
"2014-06-23",17.450001,17.77,17.450001,17.68,4460000,14.097601
"2014-06-24",17.66,17.76,17.58,17.655001,2609200,14.077668
"2014-06-25",17.6,17.76,17.52,17.610001,5173500,14.041789
"2014-06-26",17.58,17.68,17.530001,17.67,931700,14.089631
"2014-06-27",17.610001,17.91,17.610001,17.84,4649500,14.225182
"2014-06-30",17.76,17.98,17.639999,17.709999,2023700,14.121519
"2014-07-01",17.790001,17.969999,17.77,17.771999,2274000,14.170959
"2014-07-02",17.75,17.940001,17.635,17.77,2509900,14.169368
"2014-07-03",17.76,17.889999,17.68,17.700001,1953700,14.113549
"2014-07-07",17.65,17.77,17.6,17.65,1747300,14.073681
"2014-07-08",17.6,17.700001,17.440001,17.6,4540600,14.033809
"2014-07-09",17.6,17.74,17.57,17.719999,2496900,14.129495
"2014-07-10",17.540001,17.870001,17.5,17.780001,2692500,14.177339
"2014-07-11",17.809999,17.934999,17.74,17.889999,6752700,14.265051
"2014-07-14",17.969999,18.065001,17.82,18,2796700,14.352762
"2014-07-15",17.99,18.09,17.645,17.700001,3716200,14.113549
"2014-07-16",17.709999,17.915001,17.49,17.82,3180600,14.209232
"2014-07-17",17.690001,18.280001,17.690001,17.700001,2805800,14.113549
"2014-07-18",17.75,17.75,17.5,17.690001,2191700,14.105576
"2014-07-21",17.65,17.9,17.57,17.860001,2268500,14.241127
"2014-07-22",17.879999,17.99,17.83,17.969999,1774500,14.328841
"2014-07-23",17.950001,18.02,17.91,17.98,1414400,14.336812
"2014-07-24",17.92,18.15,17.92,17.969999,2131800,14.328841
"2014-07-25",17.9,18.15,17.780001,17.870001,1967600,14.249099
"2014-07-28",17.799999,18.049999,17.66,17.99,2900400,14.344788
"2014-07-29",17.93,18.110001,17.65,17.700001,3500400,14.113549
"2014-07-30",17.700001,17.969999,17.48,17.58,3032300,14.017864
"2014-07-31",17.530001,17.959999,17.190001,17.200001,3568000,13.714862
"2014-08-01",17.200001,17.5,17.139999,17.34,1832500,13.826494
"2014-08-04",17.32,17.34,16.98,17.17,1700400,13.690942
"2014-08-05",17.07,17.25,16.879999,16.950001,2083500,13.515517
"2014-08-06",16.92,17.15,16.860001,16.99,2538600,13.547415
"2014-08-07",17.040001,17.190001,16.761,16.860001,1392800,13.443754
"2014-08-08",16.9,17.344999,16.76,17.280001,3591800,13.778652
"2014-08-11",17.35,17.389999,17.09,17.1,1096300,13.635125
"2014-08-12",17.110001,17.17,16.940001,17.1,1166900,13.635125
"2014-08-13",17.15,17.235001,17.07,17.17,940900,13.690942
"2014-08-14",17.15,17.17,17.040001,17.15,1448200,13.674994
"2014-08-15",17.16,17.25,16.860001,17.02,1595100,13.571334
"2014-08-18",17.129999,17.51,17.07,17.379999,2932800,13.858391
"2014-08-19",17.35,17.459999,17.184999,17.32,1413900,13.810544
"2014-08-20",17.18,17.565001,17.110001,17.5,1279200,13.954074
"2014-08-21",17.5,17.540001,17.290001,17.459999,1167200,13.92218
"2014-08-22",17.42,17.6,17.370001,17.450001,1062000,13.914205
"2014-08-25",17.48,17.74,17.450001,17.629999,769600,14.057731
"2014-08-26",17.6,17.74,17.530001,17.610001,917000,14.041789
"2014-08-27",17.58,17.77,17.58,17.709999,840200,14.121519
"2014-08-28",17.620001,17.799999,17.530001,17.719999,911200,14.129495
"2014-08-29",17.719999,18,17.65,17.940001,1990200,14.304918
"2014-09-02",17.940001,18.129999,17.879999,17.98,1560700,14.336812
"2014-09-03",18.01,18.09,17.91,17.98,1309400,14.336812
"2014-09-04",17.959999,18.174999,17.959999,17.959999,1609900,14.320867
"2014-09-05",17.9,18.049999,17.629999,17.790001,2305200,14.185313
"2014-09-08",17.780001,18.049999,17.530001,17.690001,1883300,14.105576
"2014-09-09",17.620001,17.700001,17.379999,17.48,1588800,13.938127
"2014-09-10",17.459999,17.459999,17.190001,17.35,1206100,13.954208
"2014-09-11",17.26,17.514999,17.26,17.459999,1300400,14.042684
"2014-09-12",17.360001,17.66,17.360001,17.620001,1343100,14.171369
"2014-09-15",17.6,17.6,17.200001,17.360001,1394400,13.962255
"2014-09-16",17.33,17.59,17.23,17.5,981500,14.074852
"2014-09-17",17.5,17.950001,17.5,17.82,1182700,14.33222
"2014-09-18",17.84,17.959999,17.799999,17.85,1817400,14.356352
"2014-09-19",17.940001,17.950001,17.799999,17.860001,2140300,14.364392
"2014-09-22",17.790001,17.950001,17.68,17.82,1560000,14.33222
"2014-09-23",17.82,17.950001,17.565001,17.6,1776000,14.155278
"2014-09-24",17.59,17.91,17.48,17.91,1968600,14.404608
"2014-09-25",17.83,17.93,17.610001,17.73,1543600,14.259835
"2014-09-26",17.709999,17.77,17.540001,17.68,956200,14.219624
"2014-09-29",17.530001,17.85,17.469999,17.65,1386700,14.195496
"2014-09-30",17.639999,17.870001,17.610001,17.709999,1678900,14.243749
"2014-10-01",17.709999,17.84,17.42,17.440001,2330400,14.026596
"2014-10-02",17.379999,17.6,17.235001,17.4,1741500,13.994426
"2014-10-03",17.450001,17.677999,17.34,17.43,1739300,14.018555
"2014-10-06",17.48,17.780001,17.41,17.57,3435200,14.131153
"2014-10-07",17.52,17.665001,17.299999,17.299999,2699000,13.913996
"2014-10-08",17.27,17.379999,16.98,17.34,4953200,13.946168
"2014-10-09",17.280001,17.379999,17.094999,17.26,3039100,13.881827
"2014-10-10",17.290001,17.49,17.08,17.125,4295200,13.77325
"2014-10-13",17.58,17.77,17.290001,17.299999,3456600,13.913996
"2014-10-14",17.379999,17.59,17.379999,17.469999,3239700,14.050725
"2014-10-15",17.299999,17.780001,17.190001,17.42,3793100,14.010513
"2014-10-16",17.190001,17.860001,17.18,17.639999,3868300,14.187449
"2014-10-17",17.73,18.620001,17.709999,18.610001,4878500,14.967602
"2014-10-20",18.51,18.92,18.379999,18.639999,2516000,14.991727
"2014-10-21",18.85,18.9,18.549999,18.790001,3410500,15.112372
"2014-10-22",18.799999,19.08,18.49,18.530001,4271000,14.903255
"2014-10-23",18.65,18.91,18.49,18.709999,2625000,15.048027
"2014-10-24",18.75,19.08,18.75,18.9,1436600,15.200842
"2014-10-27",18.870001,18.91,18.700001,18.84,1602400,15.152585
"2014-10-28",18.870001,19.1,18.780001,19.040001,1842500,15.313438
"2014-10-29",19.01,19.33,18.85,19.26,1961000,15.490382
"2014-10-30",19.24,19.540001,19.16,19.5,1859700,15.683402
"2014-10-31",19.66,19.860001,19.555,19.780001,3215100,15.908605
"2014-11-03",19.73,20.1,19.58,20,2863200,16.085545
"2014-11-04",19.690001,19.709999,19.389999,19.459999,2013700,15.651236
"2014-11-05",19.68,19.73,19.18,19.620001,3538800,15.779921
"2014-11-06",19.719999,20.110001,19.620001,20.1,2726300,16.165976
"2014-11-07",20.049999,20.26,19.91,20.209999,2476300,16.254444
"2014-11-10",20.17,20.355,20.110001,20.200001,2319400,16.246403
"2014-11-11",20.18,20.33,20.011,20.299999,1819400,16.326828
"2014-11-12",20.32,20.469999,20.049999,20.129999,2179900,16.190104
"2014-11-13",20.440001,20.780001,20.27,20.780001,2629700,16.712885
"2014-11-14",20.75,20.780001,20.27,20.41,2158100,16.415298
"2014-11-17",20.33,20.84,20.309999,20.809999,1436800,16.737015
"2014-11-18",20.709999,21.055,20.66,20.870001,1472100,16.785269
"2014-11-19",20.540001,20.780001,20.540001,20.709999,1031300,16.656582
"2014-11-20",20.709999,20.870001,20.620001,20.700001,2741900,16.648542
"2014-11-21",20.969999,21.219999,20.83,21.18,2867100,17.03459
"2014-11-24",21.18,21.32,20.889999,20.940001,2107200,16.84157
"2014-11-25",20.93,21.02,20.860001,20.950001,2540100,16.849611
"2014-11-26",20.950001,21.02,20.809999,20.91,1734100,16.817436
"2014-11-28",20.99,21.49,20.85,20.959999,632400,16.857653
"2014-12-01",20.879999,21.23,20.73,20.91,2833400,16.817436
"2014-12-02",21,21.27,20.809999,20.969999,1333700,16.865698
"2014-12-03",20.870001,21.030001,20.52,20.9,2040300,16.930504
"2014-12-04",20.799999,21,20.621,20.82,1446700,16.865694
"2014-12-05",20.85,21.23,20.85,21,2982800,17.011513
"2014-12-08",21.01,21.49,20.950001,21.290001,2178000,17.246431
"2014-12-09",21.120001,21.49,21.076,21.49,2390600,17.408442
"2014-12-10",21.4,21.790001,21.26,21.280001,2887500,17.238331
"2014-12-11",21.35,21.620001,21.25,21.49,4588900,17.408442
"2014-12-12",21.43,21.74,20.809999,20.83,1537000,16.873795
"2014-12-15",20.98,21.190001,20.889999,21.07,1976800,17.068211
"2014-12-16",21.040001,21.35,20.870001,20.879999,2667800,16.914301
"2014-12-17",20.940001,21.27,20.83,21.26,1731700,17.222126
"2014-12-18",21.389999,21.58,21.219999,21.5,1684500,17.416544
"2014-12-19",21.51,22.4,21.51,22.35,7128000,18.105106
"2014-12-22",22.43,22.639999,22.25,22.57,2311800,18.283321
"2014-12-23",22.709999,22.709999,22.33,22.35,1287300,18.105106
"2014-12-24",22.450001,22.690001,22.16,22.17,616900,17.959295
"2014-12-26",22.15,22.190001,21.924999,21.959999,836100,17.789179
"2014-12-29",21.99,22.1,21.82,21.84,1055400,17.691971
"2014-12-30",21.83,22.040001,21.809999,21.985001,1645200,17.809431
"2014-12-31",22.09,22.25,21.6,21.610001,1057800,17.505651
"2015-01-02",21.709999,22.01,21.52,21.82,942400,17.675766
"2015-01-05",21.67,21.780001,21.040001,21.1,1100600,17.092516
"2015-01-06",21.17,21.325001,20.715,20.9,1419900,16.930504
"2015-01-07",21,21.120001,20.66,20.92,2889300,16.946705
"2015-01-08",21.1,21.51,20.4,20.6,3124300,16.687479
"2015-01-09",20.559999,20.780001,20.360001,20.540001,1664500,16.638878
"2015-01-12",20.51,20.688,20.02,20.17,1431600,16.339149
"2015-01-13",20.280001,20.58,19.965,20.219999,2188800,16.37965
"2015-01-14",20.1,20.32,19.844,20.139999,1753500,16.314846
"2015-01-15",20.07,20.440001,19.870001,20.110001,1608200,16.290545
"2015-01-16",20.01,20.268,19.809999,20.15,1804300,16.322945
"2015-01-20",20.24,20.275,19.57,19.67,1791700,15.934114
"2015-01-21",19.219999,20.09,17.16,19.959999,3084100,16.169029
"2015-01-22",20,20.379999,19.277,19.690001,2551700,15.950315
"2015-01-23",19.57,20.09,19.34,19.469999,2134500,15.772098
"2015-01-26",19.360001,19.620001,19.27,19.549999,2113500,15.836905
"2015-01-27",19.43,19.879999,19.41,19.799999,3047900,16.039421
"2015-01-28",19.799999,19.799999,19.450001,19.469999,2720600,15.772098
"2015-01-29",19.120001,19.58,19.1,19.5,5054300,15.796396
"2015-01-30",19.379999,19.969999,19.200001,19.74,4173900,15.990821
"2015-02-02",19.75,20.15,19.57,20.049999,3120700,16.241938
"2015-02-03",20.120001,21.1,20.07,21.08,2543100,17.076317
"2015-02-04",20.93,21.209999,20.629,21,2554300,17.011513
"2015-02-05",20.950001,21.389999,20.77,21.309999,2165700,17.26263
"2015-02-06",21.379999,21.459999,21.18,21.35,1764100,17.295033
"2015-02-09",22.17,22.17,21.190001,21.57,2107300,17.473251
"2015-02-10",21.6,21.709999,21.35,21.67,1598800,17.554256
"2015-02-11",21.57,22.049999,21.43,21.950001,1928500,17.781076
"2015-02-12",21.950001,22.285,21.809999,22.209999,2428000,17.991697
"2015-02-13",22.07,22.405001,21.870001,22.370001,2490600,18.121307
"2015-02-17",22.27,22.370001,21.92,21.98,3e+06,17.80538
"2015-02-18",21.92,22.040001,21.57,21.65,1882300,17.538055
"2015-02-19",21.639999,21.75,21.379999,21.66,1418300,17.546156
"2015-02-20",21.66,21.860001,21.4,21.719999,1670500,17.594755
"2015-02-23",21.629999,21.83,21.455,21.809999,1290600,17.667667
"2015-02-24",21.76,21.98,21.68,21.68,1657100,17.562355
"2015-02-25",21.73,21.915001,21.629999,21.700001,2443900,17.57856
"2015-02-26",21.709999,22,21.610001,21.85,1742600,17.700068
"2015-02-27",21.76,21.91,21.33,21.4,2271800,17.335535
"2015-03-02",19.07,19.67,18.440001,19.51,10895800,15.804507
"2015-03-03",19.4,20.18,19.15,20.049999,4901700,16.241938
"2015-03-04",19.74,20.379999,19.530001,20.01,3011900,16.33993
"2015-03-05",20.02,20.115,19.76,19.99,1830400,16.323601
"2015-03-06",19.91,20.23,19.6,19.639999,2117200,16.037794
"2015-03-09",19.620001,19.77,19.59,19.59,2075700,15.996964
"2015-03-10",19.370001,19.66,19.212,19.370001,4398900,15.817318
"2015-03-11",19.459999,19.58,18.969999,19.16,3948100,15.645829
"2015-03-12",19.280001,19.59,19.280001,19.540001,2605700,15.956136
"2015-03-13",19.450001,19.530001,19.209999,19.280001,3043600,15.743821
"2015-03-16",19.360001,19.809999,19.34,19.66,2566800,16.054123
"2015-03-17",19.68,20.15,19.49,20.110001,2690900,16.421593
"2015-03-18",20,20.1,19.645,20.059999,1887800,16.38076
"2015-03-19",20,20.725,19.91,20.67,2907600,16.87888
"2015-03-20",20.709999,21.030001,20.655001,20.700001,4797600,16.903378
"2015-03-23",20.77,21.049999,20.65,20.75,2750100,16.944202
"2015-03-24",20.799999,20.870001,20.549999,20.700001,1757300,16.903378
"2015-03-25",20.77,20.875,20.33,20.33,2999600,16.60124
"2015-03-26",20.25,20.25,20.035,20.16,1710400,16.462418
"2015-03-27",20.01,20.35,19.889999,20.16,1748400,16.462418
"2015-03-30",20.190001,20.190001,19.959999,20.08,2021000,16.397093
"2015-03-31",19.870001,20.540001,19.870001,20.33,3828200,16.60124
"2015-04-01",20.25,20.43,20.049999,20.24,2072400,16.527746
"2015-04-02",20.190001,20.440001,20.08,20.360001,1849400,16.625738
"2015-04-06",20.190001,20.379999,20.09,20.32,1347600,16.593073
"2015-04-07",20.280001,20.299999,20.09,20.110001,1593300,16.421593
"2015-04-08",20.16,20.360001,20.01,20.25,1793100,16.53591
"2015-04-09",20.26,20.540001,20.190001,20.34,2456200,16.609406
"2015-04-10",20.27,20.52,20.209999,20.26,1910800,16.544083
"2015-04-13",20.209999,20.610001,20.209999,20.43,1251300,16.682896
"2015-04-14",20.370001,20.639999,20.280001,20.389999,1517700,16.650232
"2015-04-15",20.35,20.51,20.27,20.34,1644500,16.609406
"2015-04-16",20.360001,20.5,20.23,20.290001,2021100,16.568577
"2015-04-17",20.190001,20.469999,19.9,19.93,1922800,16.274603
"2015-04-20",20.040001,20.719999,20.014,20.49,1566100,16.731897
"2015-04-21",20.5,20.719999,20.360001,20.530001,2664500,16.764559
"2015-04-22",20.51,20.950001,20.32,20.610001,2811700,16.829884
"2015-04-23",20.530001,20.790001,20.42,20.49,1883500,16.731897
"2015-04-24",20.41,20.49,20.25,20.280001,1790400,16.560413
"2015-04-27",20.290001,20.379999,19.83,19.85,1488000,16.209276
"2015-04-28",19.9,19.98,19.67,19.9,2135900,16.250107
"2015-04-29",19.91,20,19.639999,19.709999,1755800,16.094954
"2015-04-30",19.700001,19.879999,19.51,19.540001,2319500,15.956136
"2015-05-01",19.68,19.799999,19.620001,19.74,2618500,16.119453
"2015-05-04",19.77,19.959999,19.620001,19.639999,1913200,16.037794
"2015-05-05",19.6,19.775,19.5,19.58,2989300,15.988799
"2015-05-06",19.58,19.77,19.51,19.58,1883600,15.988799
"2015-05-07",19.67,19.799999,19.485001,19.780001,1752600,16.152115
"2015-05-08",19.85,20.09,19.84,20.02,1441300,16.348101
"2015-05-11",19.98,20.059999,19.93,19.969999,3269900,16.307262
"2015-05-12",19.98,20.18,19.889999,20.120001,1283500,16.429754
"2015-05-13",20.08,20.17,19.77,19.790001,2002400,16.160284
"2015-05-14",19.93,20.065001,19.6,19.83,3173300,16.192944
"2015-05-15",19.889999,19.92,19.08,19.16,2791100,15.645829
"2015-05-18",19.049999,19.23,18.940001,19.059999,2606600,15.56417
"2015-05-19",19.040001,19.34,19.040001,19.309999,3048600,15.768322
"2015-05-20",19.41,19.450001,19.27,19.34,1788800,15.792815
"2015-05-21",19.35,19.6,19.334999,19.450001,2003100,15.882644
"2015-05-22",19.389999,19.530001,19.32,19.33,1273700,15.784655
"2015-05-26",19.34,19.49,19.1,19.129999,2441400,15.62133
"2015-05-27",19.25,19.504999,19.129999,19.370001,1625400,15.817318
"2015-05-28",19.32,19.469999,19.209999,19.290001,1390200,15.751987
"2015-05-29",19.35,19.35,19.129999,19.27,1855000,15.735655
"2015-06-01",19.379999,19.540001,19.16,19.34,1257600,15.792815
"2015-06-02",19.23,19.440001,19.23,19.379999,2236300,15.825479
"2015-06-03",19.290001,19.542999,19.25,19.440001,1495900,16.006626
"2015-06-04",19.35,19.450001,19.040001,19.059999,1638100,15.693735
"2015-06-05",19.120001,19.360001,19,19.09,1449300,15.718442
"2015-06-08",19.049999,19.23,19.01,19.059999,1270600,15.693735
"2015-06-09",19.120001,19.190001,18.85,18.9,1779400,15.561994
"2015-06-10",18.940001,19.4,18.83,19.4,1741600,15.973687
"2015-06-11",19.379999,19.594999,19.309999,19.530001,1745200,16.080734
"2015-06-12",19.52,19.57,19.32,19.43,972300,15.99839
"2015-06-15",19.26,19.26,18.98,19.09,1381600,15.718442
"2015-06-16",19.110001,19.360001,18.940001,19.139999,1887700,15.759609
"2015-06-17",19.209999,19.24,18.42,18.639999,2300100,15.347917
"2015-06-18",18.629999,19.035,18.6,18.985001,2723900,15.631988
"2015-06-19",18.889999,18.950001,18.719999,18.93,5057800,15.586699
"2015-06-22",19.09,19.205,19.01,19.059999,1546200,15.693735
"2015-06-23",19.1,19.254999,19.09,19.1,1635600,15.726676
"2015-06-24",19.110001,19.23,18.809999,18.83,2881300,15.504361
"2015-06-25",18.83,18.85,18.540001,18.555,1486600,15.277929
"2015-06-26",18.66,18.809999,18.43,18.440001,3702100,15.18324
"2015-06-29",18.360001,18.549999,18.09,18.110001,1975700,14.91152
"2015-06-30",18.200001,18.389999,18.09,18.209999,1628900,14.993861
"2015-07-01",18.360001,18.51,18.23,18.450001,2452600,15.191475
"2015-07-02",18.540001,18.6,18.365,18.450001,1941300,15.191475
"2015-07-06",18.209999,18.620001,18.209999,18.610001,2253700,15.323216
"2015-07-07",18.66,19,18.48,18.969999,2725000,15.61963
"2015-07-08",18.860001,18.889999,18.540001,18.57,1865500,15.290278
"2015-07-09",18.790001,18.92,18.5,18.530001,1421500,15.257344
"2015-07-10",18.780001,18.780001,18.33,18.370001,2492900,15.125605
"2015-07-13",17.43,18.5,17.43,18.360001,2258700,15.117371
"2015-07-14",15.9,17.02,15.76,16.42,8538100,13.519998
"2015-07-15",16.66,16.68,16.34,16.559999,4133500,13.635271
"2015-07-16",16.690001,16.690001,16.49,16.67,3180500,13.725847
"2015-07-17",16.459999,16.9,16.450001,16.860001,3114800,13.882289
"2015-07-20",16.969999,16.969999,16.389999,16.42,4692600,13.519998
"2015-07-21",16.469999,16.754999,16.469999,16.6,3615900,13.66821
"2015-07-22",16.67,16.67,16.16,16.23,3441300,13.363555
"2015-07-23",16.33,16.475,16.16,16.389999,2610800,13.495297
"2015-07-24",16.450001,16.559999,16.200001,16.219999,2282200,13.355322
"2015-07-27",16.15,16.450001,15.72,15.72,2518500,12.943631
"2015-07-28",15.8,15.9,15.75,15.83,2273000,13.034202
"2015-07-29",15.77,15.91,15.73,15.77,2008200,12.984797
"2015-07-30",15.7,15.78,15.49,15.53,2955200,12.787187
"2015-07-31",15.82,15.9,15.65,15.7,2987200,12.927162
"2015-08-03",15.77,15.88,15.555,15.66,2110000,12.894226
"2015-08-04",15.6,15.745,15.53,15.58,1749400,12.828355
"2015-08-05",15.62,15.94,15.595,15.61,2891300,12.853056
"2015-08-06",15.66,15.66,15.2,15.37,3549600,12.655445
"2015-08-07",15.34,15.625,15.3,15.61,2263100,12.853056
"2015-08-10",15.69,16,15.69,15.91,1713100,13.100072
"2015-08-11",15.53,15.9,15.36,15.39,2697600,12.671912
"2015-08-12",15.49,15.49,15.11,15.31,2995500,12.606039
"2015-08-13",15.25,15.32,14.75,14.79,3443400,12.17788
"2015-08-14",14.83,14.87,14.58,14.76,4360300,12.153179
"2015-08-17",14.76,14.96,14.61,14.83,3503000,12.210815
"2015-08-18",14.88,15,14.6,14.77,2603700,12.161414
"2015-08-19",14.66,14.73,14.55,14.62,1921600,12.037906
"2015-08-20",14.43,14.485,14.05,14.06,3007700,11.576809
"2015-08-21",13.98,14.27,13.89,13.89,2829300,11.436833
"2015-08-24",13.34,14,12.89,13.06,7450700,10.753423
"2015-08-25",13.23,13.23,12.02,12.04,9032800,9.913569
"2015-08-26",12.25,12.55,12.01,12.52,4831200,10.308794
"2015-08-27",12.81,13.085,12.67,13,4580200,10.704019
"2015-08-28",12.93,13.15,12.8,13.05,2634700,10.745187
"2015-08-31",12.93,12.98,12.68,12.79,5772300,10.531108
"2015-09-01",12.51,12.65,12.3,12.35,3658500,10.168818
"2015-09-02",12.4,12.53,11.97,12.16,3843300,10.143792
"2015-09-03",12.2,12.37,12.09,12.15,3555300,10.13545
"2015-09-04",11.96,12.1,11.79,11.94,3019900,9.960269
"2015-09-08",12.74,12.99,12.13,12.3,5676800,10.26058
"2015-09-09",12.44,12.54,12.21,12.29,4643500,10.252237
"2015-09-10",12.31,12.68,12.26,12.64,5694700,10.544205
"2015-09-11",12.52,12.57,12.225,12.45,7487700,10.385708
"2015-09-14",12.44,12.52,12.28,12.44,4123200,10.377367
"2015-09-15",12.74,12.74,12.275,12.37,4439800,10.318973
"2015-09-16",12.37,12.71,12.37,12.65,7558000,10.552547
"2015-09-17",12.66,12.91,12.48,12.55,5278400,10.46913
"2015-09-18",12.39,12.76,12.273,12.66,9403100,10.560888
"2015-09-21",12.72,12.8,12.595,12.65,4150500,10.552547
"2015-09-22",12.5,12.64,12.11,12.4,3926600,10.343998
"2015-09-23",12.38,12.54,12.28,12.47,3997000,10.402392
"2015-09-24",12.34,12.53,12.27,12.5,4376100,10.42742
"2015-09-25",12.58,12.65,12.34,12.44,4674000,10.377367
"2015-09-28",12.4,12.485,11.995,12.16,5161000,10.143792
"2015-09-29",12.16,12.23,11.59,11.63,8504200,9.701671
"2015-09-30",11.75,11.87,10.945,11.24,10417200,9.376334
"2015-10-01",11.24,11.29,10.68,10.96,11040300,9.142759
"2015-10-02",10.74,11.11,10.62,11.04,7013700,9.209496
"2015-10-05",11.08,11.66,11.08,11.48,5702500,9.57654
"2015-10-06",11.43,11.75,11.39,11.63,5159600,9.701671
"2015-10-07",11.73,12.1,11.7,11.98,8565600,9.993638
"2015-10-08",12.13,12.26,12.01,12.1,5464300,10.093741
"2015-10-09",12.14,12.37,11.9,11.96,6033000,9.976954
"2015-10-12",11.98,12.06,11.8,11.88,3388500,9.910219
"2015-10-13",11.84,11.965,11.78,11.87,5283000,9.901877
"2015-10-14",11.92,12.06,11.7,11.77,5383800,9.818458
"2015-10-15",11.81,12.065,11.77,12.03,3922100,10.035348
"2015-10-16",12.09,12.33,11.95,12.26,3073700,10.227211
"2015-10-19",12.17,12.28,11.98,12.27,6179600,10.235554
"2015-10-20",12.32,12.735,12.281,12.66,5913700,10.560888
"2015-10-21",12.82,13.13,12.65,12.89,5366900,10.752754
"2015-10-22",12.99,13.17,12.71,12.96,7368000,10.811147
"2015-10-23",13.09,13.77,13,13.55,6200600,11.30332
"2015-10-26",13.56,13.585,13.16,13.5,3931400,11.261612
"2015-10-27",13.39,13.45,13.1,13.41,4673500,11.186536
"2015-10-28",13.43,13.83,13.26,13.8,3507400,11.511869
"2015-10-29",13.71,13.83,13.17,13.24,3052200,11.04472
"2015-10-30",13.28,13.34,13.17,13.19,2088400,11.003011
"2015-11-02",13.23,13.51,13.21,13.48,2363500,11.244926
"2015-11-03",13.42,13.6,12.51,13.4,4316700,11.178193
"2015-11-04",13.47,13.925,13.355,13.41,3981900,11.186536
"2015-11-05",13.41,13.532,12.97,13.23,3037900,11.036378
"2015-11-06",13.32,13.4,13.075,13.26,2480800,11.061405
"2015-11-09",13.28,13.37,12.81,12.95,2205200,10.802804
"2015-11-10",12.93,13,12.47,12.72,3285200,10.610942
"2015-11-11",12.73,12.79,12.4,12.51,2600100,10.43576
"2015-11-12",12.41,12.545,12.14,12.24,4548200,10.210527
"2015-11-13",12.44,12.44,11.91,12.02,3754300,10.027007
"2015-11-16",11.99,12.16,11.77,11.98,3678000,9.993638
"2015-11-17",12.03,12.07,11.81,11.89,2199300,9.918559
"2015-11-18",11.93,12.06,11.78,12.04,2368600,10.043691
"2015-11-19",12.06,12.17,11.68,11.7,6968700,9.760064
"2015-11-20",11.76,11.9,11.62,11.85,7120200,9.885193
"2015-11-23",11.84,12.16,11.74,11.9,5254100,9.926903
"2015-11-24",11.8,12.02,11.65,11.87,4027500,9.901877
"2015-11-25",11.85,11.86,11.72,11.73,1470600,9.785089
"2015-11-27",11.78,11.82,11.61,11.77,676000,9.818458
"2015-11-30",11.9,11.93,11.52,11.91,5966600,9.935244
"2015-12-01",11.94,12.26,11.8,12.25,4723900,10.21887
"2015-12-02",12.04,12.2,11.87,11.98,5222300,10.125894
"2015-12-03",12.03,12.095,11.65,11.74,4800000,9.923039
"2015-12-04",11.76,12.15,11.76,12.04,3626300,10.176607
"2015-12-07",12,12.14,11.74,11.92,3763300,10.07518
"2015-12-08",11.83,11.925,11.59,11.72,3097300,9.906135
"2015-12-09",11.69,12.14,11.66,11.74,3540200,9.923039
"2015-12-10",11.75,12.52,11.72,12.38,4387800,10.46399
"2015-12-11",12.32,12.44,12.14,12.35,5474900,10.43863
"2015-12-14",12.36,12.56,12.01,12.16,4366100,10.278036
"2015-12-15",12.25,12.525,12.23,12.355,3823600,10.442857
"2015-12-16",12.42,12.95,12.29,12.77,7846300,10.793629
"2015-12-17",12.8,12.915,12.47,12.48,5703500,10.548512
"2015-12-18",12.39,12.47,11.92,11.92,12972300,10.07518
"2015-12-21",12.08,12.13,11.66,11.8,3757300,9.973753
"2015-12-22",11.84,11.93,11.6,11.7,7401200,9.88923
"2015-12-23",11.75,12.15,11.71,12.15,11500300,10.269583
"2015-12-24",12.21,12.77,12.2,12.61,1909400,10.658391
"2015-12-28",12.5,12.51,11.31,11.46,9365300,9.686374
"2015-12-29",11.49,11.67,11.4,11.49,4835300,9.711731
"2015-12-30",11.53,11.572,11.32,11.33,3204500,9.576494
"2015-12-31",11.3,11.59,11.23,11.45,2631800,9.677919
"2016-01-04",11.34,11.59,11.18,11.5,7240700,9.720183
"2016-01-05",11.5,11.74,10.94,11.34,5980700,9.584945
"2016-01-06",11.21,11.255,10.83,10.93,5080500,9.2384
"2016-01-07",10.74,10.84,10.2,10.27,6119100,8.680545
"2016-01-08",10.37,10.52,10.03,10.18,7169800,8.604475
"2016-01-11",10.21,10.275,9.8,10,5127800,8.452333
"2016-01-12",10.15,10.28,9.81,10.01,4644400,8.460785
"2016-01-13",10.07,10.203,9.42,9.42,5927800,7.962097
"2016-01-14",9.44,9.51,9.04,9.4,5327600,7.945193
"2016-01-15",9.13,9.31,8.903,9,6395700,7.607099
"2016-01-19",8.95,9.15,8.74,8.76,5302600,7.404244
"2016-01-20",8.58,9.08,8.29,8.97,7800100,7.581741
"2016-01-21",9.08,9.44,9,9.16,4435700,7.742336
"2016-01-22",9.34,9.589,9.08,9.24,5802000,7.809955
"2016-01-25",9.2,9.24,8.82,8.87,5801300,7.497219
"2016-01-26",8.9,9.49,8.87,9.45,3971200,7.987453
"2016-01-27",9.08,9.98,9.07,9.47,7304000,8.004359
"2016-01-28",9.57,9.82,9,9.03,5005200,7.632456
"2016-01-29",9.09,9.61,9.06,9.56,5873500,8.08043
"2016-02-01",9.51,9.595,9.18,9.31,4179600,7.869122
"2016-02-02",9.15,9.262,8.75,8.76,4552900,7.404244
"2016-02-03",8.8,9.24,8.385,9.18,3704300,7.759241
"2016-02-04",9.12,9.73,8.99,9.54,3440600,8.063526
"2016-02-05",9.52,9.67,9.375,9.51,3490500,8.038169
"2016-02-08",9.28,9.29,8.68,8.94,3613100,7.556385
"2016-02-09",8.88,8.89,8.42,8.5,10189500,7.184483
"2016-02-10",8.62,8.7,8.44,8.55,5344300,7.226746
"2016-02-11",8.38,8.54,8.2,8.41,3718300,7.108411
"2016-02-12",8.49,9.15,8.48,9.13,4381700,7.716981
"2016-02-16",9.19,9.68,9.14,9.66,3381900,8.164952
"2016-02-17",9.73,10.32,9.7,9.91,4335300,8.376262
"2016-02-18",9.92,10.18,9.76,10.13,3029500,8.562213
"2016-02-19",10.11,10.11,9.73,9.92,2503400,8.384714
"2016-02-22",10.13,10.38,10.1,10.36,2574500,8.756616
"2016-02-23",10.29,10.49,10.12,10.24,2903500,8.65519
"2016-02-24",10.01,10.359,9.67,10.29,2762700,8.69745
"2016-02-25",10.29,10.72,10.1,10.66,3027600,9.010186
"2016-02-26",10.73,10.99,10.55,10.59,3253300,8.951021
"2016-02-29",10.63,11.06,10.56,10.83,4662300,9.153877
"2016-03-01",10.89,11.25,10.66,10.94,5382700,9.246851
"2016-03-02",10.84,10.9,10.4,10.89,3760000,9.341208
"2016-03-03",10.86,11.39,10.81,11.27,3145200,9.667164
"2016-03-04",11.13,11.65,11.13,11.4,3684000,9.778674
"2016-03-07",11.35,11.465,11.168,11.39,4002200,9.770098
"2016-03-08",11.3,11.36,10.94,11.1,3665600,9.521342
"2016-03-09",11.19,11.39,11.05,11.2,2781000,9.607119
"2016-03-10",11.28,11.75,11.28,11.66,5461000,10.001698
"2016-03-11",11.74,12,11.64,11.97,3278400,10.267608
"2016-03-14",12,12.195,11.675,11.71,5542600,10.044586
"2016-03-15",11.75,11.75,11.11,11.54,5592600,9.898764
"2016-03-16",11.44,11.92,11.44,11.68,3423300,10.018853
"2016-03-17",11.68,12.085,11.56,11.94,3678300,10.241876
"2016-03-18",12.06,12.49,11.92,12.42,9364100,10.653607
"2016-03-21",12.34,12.597,12.265,12.42,2819700,10.653607
"2016-03-22",12.29,12.497,12.12,12.37,2955500,10.610719
"2016-03-23",12.31,12.37,11.89,11.89,2640600,10.198987
"2016-03-24",11.82,11.99,11.65,11.96,2131400,10.259031
"2016-03-28",12.04,12.19,11.705,11.81,2278100,10.130364
"2016-03-29",11.78,11.985,11.51,11.91,3257800,10.216142
"2016-03-30",11.93,12.17,11.73,11.97,4705300,10.267608
"2016-03-31",11.97,12.18,11.91,11.97,3852300,10.267608
"2016-04-01",11.85,11.87,11.43,11.65,4524500,9.993118
"2016-04-04",11.62,11.9,11.53,11.68,2629200,10.018853
"2016-04-05",11.59,11.69,11.405,11.44,4037100,9.812984
"2016-04-06",11.41,11.69,11.095,11.61,2990600,9.958808
"2016-04-07",11.5,11.76,11.32,11.6,5037400,9.950231
"2016-04-08",11.75,12.08,11.66,11.82,3143100,10.138942
"2016-04-11",11.89,12.39,11.86,12.15,3575600,10.422009
"2016-04-12",12.23,12.48,12.15,12.42,5170200,10.653607
"2016-04-13",12.51,12.85,12.44,12.7,4035300,10.893786
"2016-04-14",12.67,12.85,12.531,12.68,2117300,10.876633
"2016-04-15",12.68,12.86,12.6,12.71,2251800,10.902365
"2016-04-18",12.6,12.92,12.51,12.79,2271600,10.970985
"2016-04-19",12.88,13.32,12.86,12.95,4949200,11.10823
"2016-04-20",12.74,13.3,12.4,13.25,3982400,11.365564
"2016-04-21",13.27,13.66,13.222,13.27,3332200,11.382721
"2016-04-22",13.29,13.795,13.29,13.68,4659700,11.734409
"2016-04-25",13.65,13.669,13.2,13.45,2606500,11.537121
"2016-04-26",13.54,13.7,13.44,13.66,2320500,11.717256
"2016-04-27",13.68,13.995,13.68,13.96,3459900,11.974587
"2016-04-28",13.81,13.99,13.455,13.48,3602200,11.562854
"2016-04-29",13.46,13.69,13.32,13.67,4678700,11.725832
"2016-05-02",13.75,13.87,13.44,13.65,2607000,11.708676
"2016-05-03",13.44,13.46,13.02,13.15,3711600,11.279786
"2016-05-04",13,13.22,12.85,12.96,3581600,11.11681
"2016-05-05",13.07,13.26,12.91,13.09,3715000,11.228321
"2016-05-06",12.99,13.36,12.97,13.12,3578300,11.254053
"2016-05-09",13.05,13.29,13,13.17,2272600,11.296943
"2016-05-10",13.23,13.345,13.08,13.24,2283200,11.356987
"2016-05-11",13.2,13.26,12.75,12.75,5722600,10.936675
"2016-05-12",12.86,13.03,12.41,12.49,3871700,10.713654
"2016-05-13",12.45,12.62,12.17,12.31,2462900,10.559254
"2016-05-16",12.4,12.63,12.35,12.5,2595500,10.72223
"2016-05-17",12.45,12.805,12.45,12.59,2275500,10.799431
"2016-05-18",12.5,12.89,12.5,12.75,3606100,10.936675
"2016-05-19",12.64,12.83,12.345,12.42,3178700,10.653607
"2016-05-20",12.48,12.795,12.48,12.69,3146600,10.885209
"2016-05-23",12.62,12.88,12.58,12.72,2067100,10.910942
"2016-05-24",12.81,13,12.77,12.98,2358000,11.133965
"2016-05-25",13.08,13.385,13,13.33,1908200,11.434187
"2016-05-26",13.4,13.49,13.29,13.35,2268600,11.451344
"2016-05-27",13.34,13.6,13.28,13.48,2356300,11.562854
"2016-05-31",13.51,13.82,13.49,13.71,5074000,11.760143
"2016-06-01",13.39,13.65,13.23,13.59,3281300,11.79486
"2016-06-02",13.55,13.66,13.35,13.63,2502700,11.829576
"2016-06-03",13.57,13.61,13.05,13.26,2391500,11.50845
"2016-06-06",13.28,13.66,13.25,13.58,2431800,11.78618
"2016-06-07",13.58,13.67,13.285,13.42,2175300,11.647315
"2016-06-08",13.46,13.62,13.4,13.44,1440400,11.664672
"2016-06-09",13.31,13.36,13.1,13.21,1800900,11.465055
"2016-06-10",13.01,13.1,12.84,12.95,2156900,11.239398
"2016-06-13",12.89,13.01,12.75,12.75,3002800,11.065819
"2016-06-14",12.69,12.82,12.14,12.15,3921500,10.545072
"2016-06-15",12.17,12.43,12.05,12.22,3411900,10.605824
"2016-06-16",12.15,12.15,11.87,12.06,2873700,10.466961
"2016-06-17",12.08,12.2,11.98,12.12,5179900,10.519036
"2016-06-20",12.37,12.46,12.2,12.26,1747200,10.640543
"2016-06-21",12.29,12.39,12.15,12.24,2467800,10.623184
"2016-06-22",12.23,12.37,12.04,12.07,2002800,10.475639
"2016-06-23",12.3,12.49,12.3,12.35,4184000,10.718653
"2016-06-24",11.69,11.98,11.49,11.67,6589000,10.128477
"2016-06-27",11.5,11.555,11.01,11.01,2589600,9.555658
"2016-06-28",11.22,11.48,11.22,11.42,2828700,9.911501
"2016-06-29",11.59,11.73,11.44,11.7,2752500,10.154514
"2016-06-30",11.78,11.96,11.45,11.95,2469700,10.371491
"2016-07-01",11.94,12.36,11.92,12.3,3072300,10.675258
"2016-07-05",12.17,12.3,11.59,11.79,2780500,10.232625
"2016-07-06",11.71,11.83,11.53,11.81,2413000,10.249986
"2016-07-07",11.8,12.3,11.75,12.15,2219600,10.545072
"2016-07-08",12.35,12.73,12.24,12.69,2544700,11.013742
"2016-07-11",12.82,13.16,12.8,13.11,2471200,11.378265
"2016-07-12",13.3,13.85,13.245,13.64,3686900,11.838254
"2016-07-13",13.73,13.73,13.42,13.62,3347300,11.820897
"2016-07-14",13.86,13.96,13.625,13.74,1973600,11.925046
"2016-07-15",13.81,13.91,13.69,13.86,2127400,12.029193
"2016-07-18",13.82,14,13.82,13.88,2226500,12.046552
"2016-07-19",13.86,13.95,13.7,13.77,3256300,11.951083
"2016-07-20",14,14.47,13.8,14.37,4708000,12.471828
"2016-07-21",14.22,14.48,14.1,14.29,3264100,12.402395
"2016-07-22",14.32,14.43,14.23,14.4,2451100,12.497865
"2016-07-25",14.38,14.4,14.14,14.17,2822700,12.298245
"2016-07-26",14.18,14.405,14.1,14.22,2603800,12.341641
"2016-07-27",14.27,14.47,14.03,14.11,3611300,12.24617
"2016-07-28",14.11,14.23,13.97,14.09,2050400,12.228812
"2016-07-29",14,14.22,13.895,14.2,3095900,12.324283
"2016-08-01",14.17,14.26,13.975,13.99,1662400,12.142022
"2016-08-02",13.98,14.11,13.52,13.54,3128400,11.751463
"2016-08-03",13.54,13.84,13.53,13.83,3171900,12.003156
"2016-08-04",13.8,14.31,13.8,14.24,3160400,12.358998
"2016-08-05",14.37,14.59,14.34,14.53,3775500,12.610691
"2016-08-08",14.57,14.65,14.3,14.36,2848200,12.463148
"2016-08-09",14.39,14.5,14.19,14.21,2324300,12.332962
"2016-08-10",14.21,14.22,13.55,13.61,3735100,11.812217
"2016-08-11",13.7,13.818,13.59,13.64,2455500,11.838254
"2016-08-12",13.61,13.62,13.32,13.49,2496500,11.708068
"2016-08-15",13.57,13.84,13.49,13.82,1824600,11.994477
"2016-08-16",13.72,13.96,13.572,13.91,2510100,12.072588
"2016-08-17",13.98,14.62,13.89,14.54,5110900,12.61937
"2016-08-18",14.57,14.655,14.41,14.56,2712800,12.636729
"2016-08-19",14.47,14.52,14.14,14.15,1999000,12.280889
"2016-08-22",14.12,14.38,14.03,14.37,1861100,12.471828
"2016-08-23",14.46,14.61,14.46,14.51,1669200,12.593334
"2016-08-24",14.49,14.67,14.31,14.35,2138700,12.454469
"2016-08-25",14.36,14.42,14.25,14.35,1859500,12.454469
"2016-08-26",14.42,14.59,14.13,14.25,1699200,12.367679
"2016-08-29",14.23,14.39,14.17,14.17,2325800,12.298245
"2016-08-30",14.17,14.46,14.17,14.41,2324600,12.506543
"2016-08-31",14.25,14.52,14.11,14.38,5093900,12.620637
"2016-09-01",14.44,14.54,14.14,14.38,2025800,12.620637
"2016-09-02",14.45,14.53,14.14,14.48,1661600,12.708404
"2016-09-06",14.49,14.64,14.22,14.38,2164000,12.620637
"2016-09-07",14.34,14.74,14.28,14.7,2755000,12.901486
"2016-09-08",14.72,14.82,14.66,14.68,2310400,12.883933
"2016-09-09",14.61,14.7,14.23,14.23,2212200,12.488989
"2016-09-12",14.09,14.52,13.93,14.4,3810500,12.63819
"2016-09-13",14.19,14.24,13.66,13.8,3412300,12.1116
"2016-09-14",13.78,13.87,13.42,13.56,3852200,11.900964
"2016-09-15",13.56,13.97,13.49,13.83,2719900,12.137928
"2016-09-16",13.66,13.76,13.46,13.58,5876500,11.918517
"2016-09-19",13.73,13.98,13.63,13.77,3272500,12.08527
"2016-09-20",13.88,13.97,13.78,13.79,2158600,12.102823
"2016-09-21",13.86,13.9,13.14,13.28,6325800,11.65522
"2016-09-22",13.37,13.79,13.31,13.72,3868400,12.041388
"2016-09-23",13.7,14.01,13.68,13.88,3407100,12.181812
"2016-09-26",13.88,13.9,13.73,13.88,2431900,12.181812
"2016-09-27",13.94,14.56,13.902,14.49,4190800,12.717177
"2016-09-28",14.52,14.635,14.29,14.56,2323500,12.778615
"2016-09-29",14.55,14.66,14.16,14.31,3676100,12.559203
"2016-09-30",14.41,14.68,14.12,14.47,3148300,12.699626
"2016-10-03",14.37,14.49,14.22,14.33,3433900,12.576755
"2016-10-04",14.35,14.7,14.31,14.64,2982900,12.848827
"2016-10-05",14.73,14.92,14.64,14.78,3584700,12.971698
"2016-10-06",14.75,14.825,14.555,14.71,2396200,12.910262
"2016-10-07",14.72,14.755,14.54,14.56,2298700,12.778615
"2016-10-10",14.69,14.79,14.33,14.37,3804000,12.611861
"2016-10-11",14.33,14.44,14.03,14.11,3863500,12.383671
"2016-10-12",14.13,14.26,14.093,14.11,2550400,12.383671
"2016-10-13",13.97,14.02,13.78,13.9,2495900,12.199362
"2016-10-14",14.04,14.16,13.83,13.91,2940300,12.20814
"2016-10-17",13.87,13.97,13.53,13.565,4250800,11.90535
"2016-10-18",13.74,13.939,13.4,13.61,3688300,11.944844
"2016-10-19",14,14.23,13.27,13.45,6421400,11.80442
"2016-10-20",13.35,13.63,13.14,13.21,3806400,11.593785
"2016-10-21",13.15,13.27,13.02,13.03,3928600,11.435806
"2016-10-24",13.1,13.34,13.1,13.19,2562100,11.576231
"2016-10-25",13.11,13.275,13.01,13.15,2393500,11.541125
"2016-10-26",13.08,13.25,13.01,13.14,2320600,11.532351
"2016-10-27",13.19,13.205,12.83,12.83,2780400,11.260277
"2016-10-28",12.87,13.15,12.83,12.9,2686700,11.321712
"2016-10-31",12.92,13.02,12.66,12.78,3588800,11.216393
"2016-11-01",12.87,13.07,12.77,13.03,4470200,11.435806
"2016-11-02",13.03,13.33,12.94,13.27,4789200,11.646444
"2016-11-03",13.28,13.56,13.15,13.23,3616900,11.611337
"2016-11-04",13.28,13.64,13.19,13.32,3326100,11.690326
"2016-11-07",13.63,13.79,13.47,13.56,3548800,11.900964
"2016-11-08",13.39,13.685,13.32,13.46,3194300,11.813196
"2016-11-09",14.745,16.23,14.54,15.77,12704600,13.840575
"2016-11-10",16.02,16.9,16.01,16.84,8050200,14.779661
"2016-11-11",16.76,17.08,16.6,17.049999,5017900,14.963969
"2016-11-14",17.129999,17.620001,17.1,17.59,5609700,15.437901
"2016-11-15",17.35,17.48,16.709999,17.42,5022600,15.288698
"2016-11-16",17.26,17.77,17.01,17.690001,3041700,15.525667
"2016-11-17",17.73,17.780001,17.52,17.690001,3668400,15.525667
"2016-11-18",17.74,17.75,17.549999,17.620001,2914900,15.464231
"2016-11-21",17.74,17.860001,17.6,17.719999,2553000,15.551993
"2016-11-22",17.809999,17.950001,17.4,17.440001,4354500,15.306253
"2016-11-23",17.52,17.91,17.445999,17.85,2853900,15.666094
"2016-11-25",17.860001,17.879999,17.459999,17.65,1125100,15.490556
"2016-11-28",17.559999,17.709999,17.235001,17.49,2307300,15.350137
"2016-11-29",17.51,17.73,17.17,17.190001,2882100,15.086841
"2016-11-30",17.27,17.43,17.105,17.23,3971200,15.26402
"2016-12-01",17.35,17.540001,16.860001,16.93,3817000,14.998249
"2016-12-02",16.93,17.08,16.610001,16.66,2505100,14.759058
"2016-12-05",16.85,17.049999,16.690001,17,2593300,15.060263
"2016-12-06",16.969999,17.16,16.67,17.030001,3161500,15.086841
"2016-12-07",17.01,17.48,16.860001,17.280001,3364500,15.308316
"2016-12-08",17.1,17.32,16.625,17.09,3949600,15.139995
"2016-12-09",17.200001,17.43,16.99,17.309999,2842400,15.334889
"2016-12-12",17.309999,17.309999,16.524,16.700001,3090400,14.794494
"2016-12-13",16.85,16.940001,16.313,16.360001,2954300,14.493289
"2016-12-14",16.32,16.76,16.120001,16.370001,3237800,14.502148
"2016-12-15",16.42,16.975,16.280001,16.799999,3628200,14.883083
"2016-12-16",16.74,16.889999,16.25,16.370001,10807500,14.502148
"2016-12-19",16.440001,16.74,16.440001,16.690001,2765200,14.785635
"2016-12-20",16.76,16.799999,16.549999,16.73,2635800,14.82107
"2016-12-21",16.75,16.82,16.620001,16.690001,1293700,14.785635
"2016-12-22",16.68,16.719999,16.43,16.629999,6470000,14.732478
"2016-12-23",16.58,16.709999,16.48,16.66,990500,14.759058
"2016-12-27",16.67,16.799999,16.540001,16.68,1050100,14.776775
"2016-12-28",16.690001,16.690001,16.34,16.450001,1397000,14.573019
"2016-12-29",16.440001,16.68,16.275,16.379999,1010900,14.511005
"2016-12-30",16.41,16.540001,16.25,16.43,1553000,14.555302
"2017-01-03",16.639999,16.9,16.360001,16.620001,2919700,14.723623
"2017-01-04",16.33,16.84,16.33,16.83,2787100,14.909661
"2017-01-05",16.799999,16.950001,16.440001,16.52,1972400,14.63503
"2017-01-06",16.68,16.945,16.559999,16.809999,2240200,14.891942
"2017-01-09",16.75,16.785,16.42,16.5,1893700,14.617315
"2017-01-10",16.610001,16.92,16.5,16.82,2685400,14.900802
"2017-01-11",16.799999,16.860001,16.629999,16.85,2505100,14.927379
"2017-01-12",16.77,16.809999,16.290001,16.549999,2154000,14.66161
"2017-01-13",16.639999,17.049999,16.559999,16.85,2185500,14.927379
"2017-01-17",16.58,16.605,15.675,15.77,3640600,13.97061
"2017-01-18",15.78,16.07,15.06,16.049999,6852700,14.218659
"2017-01-19",15.76,15.92,15.56,15.86,2760200,14.050339
"2017-01-20",15.94,16.26,15.77,15.96,3225000,14.138929
"2017-01-23",15.93,16.16,15.7,15.91,1945400,14.094634
"2017-01-24",16,16.290001,15.85,16.209999,2842700,14.360404
"2017-01-25",15.19,15.785,15.11,15.72,4151400,13.926315
"2017-01-26",15.5,15.5,15.2,15.29,2985700,13.545378
"2017-01-27",15.25,15.32,15.12,15.21,2174900,13.474506
"2017-01-30",15.04,15.13,14.76,15.11,2015200,13.385916
"2017-01-31",15.07,15.28,14.76,15.04,3265100,13.323904
"2017-02-01",15.17,15.39,14.94,15,3864100,13.288467
"2017-02-02",14.94,15.24,14.9,15.11,2629700,13.385916
"2017-02-03",15.22,15.505,15.13,15.49,2813700,13.722557
"2017-02-06",15.39,15.61,15.29,15.48,1964800,13.713697
"2017-02-07",15.48,15.55,15.21,15.33,1869600,13.580813
"2017-02-08",15.26,15.35,15.08,15.29,1688100,13.545378
"2017-02-09",15.38,15.51,15.24,15.39,2593700,13.633968
"2017-02-10",15.47,15.66,15.39,15.58,1474600,13.80229
"2017-02-13",15.67,15.84,15.57,15.66,1830200,13.87316
"2017-02-14",15.53,15.86,15.52,15.79,1740200,13.988327
"2017-02-15",15.71,15.844,15.535,15.69,2188400,13.899735
"2017-02-16",15.66,15.76,15.44,15.49,1780700,13.722557
"2017-02-17",15.43,15.5,15.02,15.45,1852600,13.68712
"2017-02-21",15.45,15.76,15.4,15.46,2068300,13.69598
"2017-02-22",15.37,15.6,15.32,15.51,1569300,13.740276
"2017-02-23",15.54,15.7,15.27,15.47,1439500,13.70484
"2017-02-24",15.25,15.505,15.12,15.38,1554700,13.625108
"2017-02-27",15.38,15.62,15.35,15.57,1326700,13.793429
"2017-02-28",15.55,15.57,15.18,15.41,3356900,13.651685
"2017-03-01",15.44,15.82,15.22,15.34,2611300,13.732253
"2017-03-02",15.3,15.353,14.93,14.93,2710500,13.365224
"2017-03-03",15.02,15.1,14.75,14.905,3047300,13.342843
"2017-03-06",14.72,14.85,14.36,14.6,2595400,13.069812
"2017-03-07",14.64,14.83,14.51,14.54,2810900,13.016099
"2017-03-08",14.56,14.795,14.43,14.51,2693400,12.989244
"2017-03-09",14.55,14.695,14.36,14.46,2071300,12.944485
"2017-03-10",14.53,14.66,14.355,14.52,1870000,12.998196
"2017-03-13",14.55,14.61,14.44,14.51,1511300,12.989244
"2017-03-14",14.4,14.5,14.14,14.46,1891100,12.944485
"2017-03-15",14.52,14.75,14.49,14.66,1742100,13.123522
"2017-03-16",14.78,14.84,14.52,14.64,3089700,13.105618
"2017-03-17",14.69,15.02,14.615,14.99,6737600,13.418936
"2017-03-20",14.93,14.99,14.67,14.71,2185000,13.168281
"2017-03-21",14.78,14.78,14.05,14.06,2911900,12.586408
"2017-03-22",13.98,14.06,13.77,13.92,3719000,12.461081
"2017-03-23",13.96,14.195,13.87,14.03,2867100,12.55955
"2017-03-24",14.02,14.11,13.87,13.99,1768200,12.523744
"2017-03-27",13.79,14.02,13.67,14,2008600,12.532695
"2017-03-28",13.96,14.62,13.75,14.5,2181600,12.980291
"2017-03-29",14.49,14.655,14.4,14.52,1524100,12.998196
"2017-03-30",14.53,14.93,14.38,14.87,1527700,13.311512
"2017-03-31",14.82,14.92,14.73,14.76,1961400,13.213042
"2017-04-03",14.83,14.92,14.54,14.75,2609700,13.204089
"2017-04-04",14.67,14.825,14.54,14.73,2203600,13.186185
"2017-04-05",14.85,14.97,14.41,14.43,2970500,12.917627
"2017-04-06",14.44,14.72,14.36,14.62,2256400,13.087715
"2017-04-07",14.56,14.79,14.46,14.68,1934500,13.141426
"2017-04-10",14.73,14.89,14.585,14.63,1925200,13.096666
"2017-04-11",14.52,14.9,14.46,14.89,1593800,13.329416
"2017-04-12",14.88,14.925,14.575,14.67,2401200,13.132474
"2017-04-13",14.6,14.95,14.6,14.68,2313200,13.141426
"2017-04-17",14.71,14.96,14.61,14.93,1636700,13.365224
"2017-04-18",14.81,15.12,14.78,15.05,3190500,13.472647
"2017-04-19",15.1,15.19,14.15,15.11,4949300,13.526359
"2017-04-20",15.13,16.129999,15.09,16.01,4143600,14.332033
"2017-04-21",16,16.389999,15.77,15.78,4301300,14.126137
"2017-04-24",16.16,16.24,15.76,15.76,3788600,14.108234
"2017-04-25",15.88,15.98,15.8,15.87,2038100,14.206706
"2017-04-26",15.92,16.049999,15.73,15.86,1809400,14.197753
"2017-04-27",15.86,15.96,15.53,15.54,2348000,13.911292
"2017-04-28",15.51,15.51,15.115,15.2,2792700,13.606925
"2017-05-01",15.23,15.48,15.205,15.45,3756400,13.830725
"2017-05-02",15.46,15.51,15.27,15.41,2536000,13.794916
"2017-05-03",15.34,15.5,15.29,15.45,1912200,13.830725
"2017-05-04",15.5,15.67,15.115,15.16,1848100,13.571117
"2017-05-05",15.18,15.285,14.97,14.98,1833500,13.409983
"2017-05-08",15.02,15.09,14.68,14.74,1915200,13.195137
"2017-05-09",14.74,14.83,14.52,14.6,2608700,13.069812
"2017-05-10",14.52,14.595,14.2,14.47,2887900,12.953435
"2017-05-11",14.4,14.47,14.16,14.35,2737000,12.846012
"2017-05-12",14.3,14.32,13.96,14,1889500,12.532695
"2017-05-15",14.01,14.4,14,14.4,2840200,12.890773
"2017-05-16",14.4,14.5,14.31,14.42,2353600,12.908676
"2017-05-17",14.12,14.19,13.61,13.64,2528300,12.210426
"2017-05-18",13.62,13.82,13.36,13.71,2467100,12.273089
"2017-05-19",13.73,14.14,13.655,13.94,1912800,12.478984
"2017-05-22",14.06,14.13,13.92,14.07,1688100,12.595358
"2017-05-23",14.05,14.34,13.97,14.24,3004100,12.747541
"2017-05-24",14.29,14.42,14.18,14.41,2456700,12.899724
"2017-05-25",14.4,14.6,14.31,14.39,2465000,12.881821
"2017-05-26",14.33,14.555,14.27,14.48,1803600,12.962388
"2017-05-30",14.38,14.77,14.34,14.68,3536500,13.141426
"2017-05-31",14.6,14.6,14.06,14.43,5220300,13.059971
"2017-06-01",14.48,14.645,14.3,14.63,2537900,13.240982
"2017-06-02",14.61,14.62,14.2,14.22,3431000,12.869908
"2017-06-05",14.21,14.39,14.09,14.27,2003100,12.915163
"2017-06-06",14.14,14.455,14.02,14.43,2092500,13.059971
"2017-06-07",14.52,14.7,14.46,14.63,2704400,13.240982
"2017-06-08",14.6,15.06,14.52,14.91,3129500,13.494399
"2017-06-09",14.96,15.39,14.96,15.26,2689900,13.811169
"2017-06-12",15.23,15.67,15.21,15.48,3164100,14.01028
"2017-06-13",15.5,15.65,15.33,15.57,2689500,14.091735
"2017-06-14",15.48,15.695,15.26,15.65,1921600,14.164141
"2017-06-15",15.54,15.97,15.54,15.85,1989300,14.345152
"2017-06-16",15.57,15.86,15.43,15.525,7499600,14.051008
"2017-06-19",15.62,16.525,15.405,16.43,4101300,14.870087
"2017-06-20",16.389999,16.57,16.27,16.440001,3096400,14.879134
"2017-06-21",16.4,16.43,15.78,15.98,3294700,14.46281
"2017-06-22",15.97,16.02,15.72,15.87,2330600,14.363253
"2017-06-23",15.95,16.165001,15.82,15.96,3278500,14.444709
"2017-06-26",16.049999,16.43,15.99,16.290001,1930300,14.743379
"2017-06-27",16.33,16.559999,16.299999,16.49,2e+06,14.924388
"2017-06-28",16.59,16.709999,16.41,16.65,2583500,15.069197
"2017-06-29",16.75,16.969999,16.459999,16.639999,1967000,15.060146
"2017-06-30",16.719999,16.799999,16.59,16.65,2313700,15.069197
"2017-07-03",16.799999,16.93,16.65,16.809999,1557700,15.214006
"2017-07-05",16.82,16.889999,16.459999,16.68,3164600,15.096349
"2017-07-06",16.620001,16.700001,16.035,16.049999,4329300,14.526163
"2017-07-07",16.129999,16.25,15.95,16.18,2868600,14.643821
"2017-07-10",16.190001,16.530001,16.049999,16.389999,2297700,14.833882
"2017-07-11",16.35,16.4,16.16,16.32,1292900,14.770528
"2017-07-12",16.34,16.665001,16.290001,16.57,1365200,14.996794
"2017-07-13",16.6,16.719999,16.290001,16.629999,1836100,15.051095
"2017-07-14",16.5,16.684999,16.370001,16.57,1199100,14.996794
"2017-07-17",16.52,16.68,16.4,16.49,1882700,14.924388
"2017-07-18",16.43,16.48,16.242001,16.4,2104400,14.842933
"2017-07-19",16.92,16.92,15.27,15.29,4403700,13.838321
"2017-07-20",15.2,15.29,14.89,14.93,3467700,13.5125
"2017-07-21",14.94,15.09,14.8,14.95,2394200,13.530601
"2017-07-24",14.9,15.07,14.82,14.86,1815900,13.449144
"2017-07-25",14.96,15.235,14.84,15,2814900,13.575855
"2017-07-26",14.95,14.99,14.61,14.65,2018300,13.259083
"2017-07-27",14.63,14.73,14.46,14.59,1550000,13.204782
"2017-07-28",14.59,14.735,14.56,14.68,1227800,13.286236
"2017-07-31",14.73,14.955,14.69,14.75,1641800,13.349589
"2017-08-01",14.75,14.95,14.7,14.85,1919400,13.440096
"2017-08-02",14.79,14.88,14.32,14.32,2661300,12.960416
"2017-08-03",14.31,14.59,14.195,14.22,1957800,12.869908
"2017-08-04",14.29,14.4,14.09,14.27,3011400,12.915163
"2017-08-07",14.295,14.68,14.295,14.55,1404900,13.168579
"2017-08-08",14.5,14.665,14.365,14.48,1452600,13.105225
"2017-08-09",14.34,14.41,14.08,14.15,1689500,12.806554
"2017-08-10",14.04,14.15,13.69,13.7,1797900,12.399279
"2017-08-11",13.77,13.91,13.56,13.68,1485300,12.381179
"2017-08-14",13.78,14.1,13.78,13.93,1459000,12.607443
"2017-08-15",13.98,14.06,13.79,13.81,1288600,12.498836
"2017-08-16",13.9,14.15,13.88,14,1668600,12.670797
"2017-08-17",13.93,14.05,13.635,13.64,1380700,12.344977
"2017-08-18",13.6,13.71,13.54,13.6,1600900,12.308774
"2017-08-21",13.57,13.64,13.36,13.51,1411400,12.22732
"2017-08-22",13.57,13.7,13.51,13.66,1291000,12.363077
"2017-08-23",13.54,13.81,13.44,13.63,1154100,12.335925
"2017-08-24",13.69,13.74,13.6,13.62,1000600,12.326875
"2017-08-25",13.67,13.79,13.63,13.63,1077900,12.335925
"2017-08-28",13.67,13.72,13.51,13.6,1127700,12.308774
"2017-08-29",13.38,13.64,13.38,13.52,1563300,12.236369
"2017-08-30",13.38,13.455,13.25,13.28,2187100,12.163097
"2017-08-31",13.39,13.39,13.17,13.2,3318200,12.089826
"2017-09-01",13.25,13.8,13.25,13.75,3378700,12.593568
"2017-09-05",13.86,13.96,13.62,13.84,2894800,12.675999
"2017-09-06",13.91,14.205,13.76,13.8,3066000,12.639364
"2017-09-07",13.78,13.8,13.09,13.14,3294600,12.034873
"2017-09-08",13.36,13.91,13.27,13.51,4252800,12.373755
"2017-09-11",13.61,14.21,13.61,14.13,3198600,12.941608
"2017-09-12",14.14,14.57,14.04,14.42,2487900,13.207219
"2017-09-13",14.41,14.58,14.36,14.44,2254100,13.225537
"2017-09-14",14.22,14.351,13.76,13.78,3936800,12.621045
"2017-09-15",13.75,13.94,13.55,13.94,7229100,12.76759
"2017-09-18",14.03,14.16,13.84,13.96,3333400,12.785908
"2017-09-19",13.95,14.12,13.87,14.07,1803800,12.886655
"2017-09-20",14.05,14.15,13.8,14.06,2275500,12.877497
"2017-09-21",14.08,14.13,13.76,14.03,2658000,12.850019
"2017-09-22",14.02,14.8,14,14.78,2810100,13.536941
"2017-09-25",14.78,14.97,14.64,14.82,2041200,13.573577
"2017-09-26",14.86,15.22,14.7,15.18,2797300,13.903299
"2017-09-27",15.25,15.605,15.09,15.53,2746100,14.223863
"2017-09-28",15.56,15.61,14.885,14.92,3877000,13.665167
"2017-09-29",14.95,15.22,14.89,15.02,2675500,13.756758
"2017-10-02",15.01,15.02,14.69,14.9,4943600,13.64685
"2017-10-03",14.97,15.1,14.91,14.96,1694800,13.701804
"2017-10-04",14.96,14.97,14.65,14.7,2076700,13.46367
"2017-10-05",13.86,13.94,12.554,12.605,15151900,11.544866
"2017-10-06",12.61,12.78,12.51,12.6,5211000,11.540289
"2017-10-09",12.71,12.71,12.09,12.22,4379500,11.192248
"2017-10-10",12.28,12.53,12.24,12.47,4037600,11.421223
"2017-10-11",12.43,12.47,11.71,11.79,6284000,10.798411
"2017-10-12",11.76,11.98,11.67,11.8,6118700,10.807571
"2017-10-13",11.77,11.88,11.481,11.62,3938700,10.642712
"2017-10-16",11.58,11.76,11.51,11.73,3978000,10.74346
"2017-10-17",11.96,12.285,11.71,12.2,8466400,11.17393
"2017-10-18",12.38,12.45,11.93,11.98,5183900,10.972433
"2017-10-19",11.93,12.4,11.85,12.31,3784600,11.274679
"2017-10-20",12.46,12.51,12.25,12.36,4259800,11.320473
"2017-10-23",12.34,12.43,12.14,12.18,2741700,11.155613
"2017-10-24",12.25,12.25,12.06,12.1,2975800,11.082341
"2017-10-25",12.36,12.37,11.54,11.79,6657100,10.798411
"2017-10-26",11.84,12.18,11.8,11.95,5395500,10.944956
"2017-10-27",11.88,12.02,11.71,11.85,3526700,10.853367
"2017-10-30",11.81,12.09,11.71,11.83,5152800,10.835048
"2017-10-31",11.85,12.5,11.81,12.46,5168900,11.412063
"2017-11-01",12.46,12.665,12.06,12.1,5353400,11.082341
"2017-11-02",12.11,12.42,11.91,12.36,6609500,11.320473
"2017-11-03",12.33,12.42,12.09,12.22,3923200,11.192248
"2017-11-06",12.17,12.59,12.105,12.38,3132600,11.338791
"2017-11-07",12.35,12.415,12.07,12.09,2511900,11.073182
"2017-11-08",12.11,12.35,11.88,12.05,2538000,11.036547
"2017-11-09",11.96,12.33,11.91,12.14,2526000,11.118976
"2017-11-10",12.1,12.28,12.045,12.21,2371900,11.183089
"2017-11-13",12.16,12.17,11.84,12.08,2585800,11.064023
"2017-11-14",12.01,12.43,11.865,12.35,5162800,11.311315
"2017-11-15",12.19,12.67,11.94,12.61,5210600,11.549447
"2017-11-16",12.62,12.95,12.4,12.76,4847400,11.686833
"2017-11-17",12.55,12.84,12.43,12.49,4874600,11.439539
"2017-11-20",12.5,12.83,12.43,12.82,3530300,11.741786
"2017-11-21",12.85,12.9,12.325,12.59,3921100,11.53113
"2017-11-22",12.62,12.73,12.39,12.45,2174600,11.402905
"2017-11-24",12.49,12.54,12.28,12.34,1252800,11.302155
"2017-11-27",12.35,12.35,11.95,11.98,3549900,10.972433
"2017-11-28",11.94,12.5,11.86,12.46,3668900,11.412063
"2017-11-29",12.16,12.88,11.88,12.83,5452000,11.750945
"2017-11-30",12.69,12.83,12.36,12.61,20582400,11.695296
"2017-12-01",12.65,13.1,12.41,13.01,5355900,12.066281
"2017-12-04",13.25,13.37,13.06,13.27,5168200,12.307423
"2017-12-05",13.3,13.42,13.03,13.13,3389900,12.177578
"2017-12-06",13.16,13.175,12.825,12.91,2958000,11.973535
"2017-12-07",12.88,13.02,12.67,12.73,5089000,11.806593
"2017-12-08",12.82,12.87,12.19,12.76,5990800,11.834417
"2017-12-11",12.83,12.94,12.6,12.76,4837400,11.834417
"2017-12-12",12.8,13.21,12.77,12.96,4229100,12.019909
"2017-12-13",12.94,13.305,12.9,12.94,6669700,12.001359
"2017-12-14",12.91,13.14,12.58,12.62,5138300,11.704573
"2017-12-15",12.64,13.27,12.56,13.2,12664100,12.242498
"2017-12-18",13.34,13.53,13.21,13.27,4178700,12.307423
"2017-12-19",13.31,13.38,13.13,13.13,3371100,12.177578
"2017-12-20",13.2,13.22,13,13.09,2911600,12.140478
"2017-12-21",13.16,13.285,13.07,13.12,2370400,12.168303
"2017-12-22",13.27,13.38,13.16,13.35,2534400,12.38162
"2017-12-26",13.38,13.64,13.35,13.46,1736600,12.48364
"2017-12-27",13.46,13.58,13.16,13.21,1750200,12.251774
"2017-12-28",13.23,13.4,13.144,13.37,1343000,12.400168
"2017-12-29",13.4,13.515,13.27,13.32,1856500,12.353796
"2018-01-02",13.45,13.77,13.34,13.63,3568200,12.641309
"2018-01-03",13.57,13.79,13.55,13.78,2737000,12.780427
"2018-01-04",13.86,14.03,13.805,13.94,2975800,12.928822
"2018-01-05",14,14.03,13.82,14.01,2062800,12.993745
"2018-01-08",13.97,13.98,13.48,13.69,3288900,12.696956
"2018-01-09",13.64,13.71,13.48,13.52,3381700,12.539289
"2018-01-10",13.61,13.78,13.54,13.68,3608300,12.687681
"2018-01-11",13.74,14.06,13.73,13.97,3750600,12.956646
"2018-01-12",13.71,14.03,13.66,13.88,3882800,12.873174
"2018-01-16",14,14.13,13.73,13.75,3871200,12.752604
"2018-01-17",13.83,13.9,13.62,13.71,1948100,12.715506
"2018-01-18",13.67,13.81,13.3,13.35,2560900,12.38162
"2018-01-19",13.31,13.61,13.31,13.6,3080300,12.613484
"2018-01-22",13.62,13.685,13.45,13.52,3511300,12.539289
"2018-01-23",13.46,13.59,13.15,13.44,5346200,12.465092
"2018-01-24",13.27,14.65,13.27,14.51,8550700,13.457475
"2018-01-25",14.76,14.87,14.565,14.66,2932500,13.596595
"2018-01-26",14.65,14.7,14.27,14.54,2207800,13.4853
"2018-01-29",14.48,14.58,14.38,14.39,2152700,13.34618
"2018-01-30",14.29,14.49,14.23,14.23,2890300,13.197785
"2018-01-31",14.23,14.45,14.13,14.25,2616800,13.216335
"2018-02-01",14.19,14.55,14.09,14.53,2643100,13.476024
"2018-02-02",14.5,14.515,14.075,14.21,3150500,13.179236
"2018-02-05",14.04,14.23,13.425,13.63,3943300,12.641309
"2018-02-06",13.19,13.81,13.08,13.76,3963900,12.761879
"2018-02-07",13.66,14.25,13.66,14.04,4277500,13.021568
"2018-02-08",14.02,14.08,13.38,13.38,3328700,12.409443
"2018-02-09",13.58,13.71,12.98,13.46,5059700,12.48364
"2018-02-12",13.49,13.66,13.165,13.56,2095900,12.576386
"2018-02-13",13.47,13.67,13.4,13.6,2088500,12.613484
"2018-02-14",13.5,14.02,13.46,14,1974500,12.98447
